timestamp,query,volume,related_top,related_rising
2025-09-15T17:26:11.894875,ufuk özkan,20 B+,"ufuk özkan son dakika, ufuk özkan güncel",
2025-09-15T17:26:12.395605,barcelona - valencia,50 B+,"barcelona - valencia son dakika, barcelona - valencia güncel",
2025-09-15T17:26:12.896436,manchester city - manchester united,50 B+,"manchester city - manchester united güncel, manchester city - manchester united son dakika",
2025-09-15T17:26:13.397413,togg,50 B+,"togg son dakika, togg güncel",
2025-09-15T17:26:13.898427,chp kurultayı davası,20 B+,"chp kurultayı davası son dakika, chp kurultayı davası güncel",
2025-09-15T17:26:14.399456,trabzon belediye başkanı,20 B+,"trabzon belediye başkanı güncel, trabzon belediye başkanı son dakika",
2025-09-15T17:26:14.900194,onuachu,50 B+,"onuachu son dakika, onuachu güncel",
2025-09-15T17:26:15.400728,hannah einbinder,5 B+,"hannah einbinder güncel, hannah einbinder son dakika",
2025-09-15T17:26:15.901472,türkiye - almanya,1 Mn+,"türkiye - almanya güncel, türkiye - almanya son dakika",
2025-09-15T17:26:16.402576,çeyrek altın fiyatı 15 eylül,5 B+,"çeyrek altın fiyatı 15 eylül güncel, çeyrek altın fiyatı 15 eylül son dakika",
2025-09-15T17:26:16.903377,ios 26 saat kaçta,5 B+,"ios 26 saat kaçta son dakika, ios 26 saat kaçta güncel",
2025-09-15T17:26:17.404143,adolescence,2 B+,"adolescence son dakika, adolescence güncel",
2025-09-15T17:26:17.905007,masterchef kim elendi masterchef türkiye,5 B+,"masterchef kim elendi masterchef türkiye güncel, masterchef kim elendi masterchef türkiye son dakika",
2025-09-15T17:26:18.406119,fenerbahçe,500 B+,"fenerbahçe güncel, fenerbahçe son dakika",
2025-09-15T17:26:18.906697,the pitt,2 B+,"the pitt güncel, the pitt son dakika",
2025-09-15T17:29:39.192522,ufuk özkan,20 B+,"ufuk özkan güncel, ufuk özkan son dakika",
2025-09-15T17:29:39.693286,barcelona - valencia,50 B+,"barcelona - valencia son dakika, barcelona - valencia güncel",
2025-09-15T17:29:40.193590,manchester city - manchester united,50 B+,"manchester city - manchester united güncel, manchester city - manchester united son dakika",
2025-09-15T17:29:40.694613,togg,50 B+,"togg son dakika, togg güncel",
2025-09-15T17:29:41.195518,chp kurultayı davası,20 B+,"chp kurultayı davası güncel, chp kurultayı davası son dakika",
2025-09-15T17:29:41.696223,trabzon belediye başkanı,20 B+,"trabzon belediye başkanı güncel, trabzon belediye başkanı son dakika",
2025-09-15T17:29:42.196670,onuachu,50 B+,"onuachu son dakika, onuachu güncel",
2025-09-15T17:29:42.697606,hannah einbinder,5 B+,"hannah einbinder güncel, hannah einbinder son dakika",
2025-09-15T17:29:43.198497,türkiye - almanya,1 Mn+,"türkiye - almanya güncel, türkiye - almanya son dakika",
2025-09-15T17:29:43.699496,çeyrek altın fiyatı 15 eylül,5 B+,"çeyrek altın fiyatı 15 eylül son dakika, çeyrek altın fiyatı 15 eylül güncel",
2025-09-15T17:29:44.200468,ios 26 saat kaçta,5 B+,"ios 26 saat kaçta güncel, ios 26 saat kaçta son dakika",
2025-09-15T17:29:44.701559,adolescence,2 B+,"adolescence son dakika, adolescence güncel",
2025-09-15T17:29:45.202488,masterchef kim elendi masterchef türkiye,5 B+,"masterchef kim elendi masterchef türkiye son dakika, masterchef kim elendi masterchef türkiye güncel",
2025-09-15T17:29:45.703404,fenerbahçe,500 B+,"fenerbahçe son dakika, fenerbahçe güncel",
2025-09-15T17:29:46.208707,the pitt,2 B+,"the pitt güncel, the pitt son dakika",
2025-09-15T18:01:04.253762,ufuk özkan,20 B+,"ufuk özkan güncel, ufuk özkan son dakika",
2025-09-15T18:01:04.754831,barcelona - valencia,50 B+,"barcelona - valencia son dakika, barcelona - valencia güncel",
2025-09-15T18:01:05.255907,togg,50 B+,"togg güncel, togg son dakika",
2025-09-15T18:01:05.757083,türkiye - almanya,1 Mn+,"türkiye - almanya son dakika, türkiye - almanya güncel",
2025-09-15T18:01:06.258214,chp kurultayı davası,20 B+,"chp kurultayı davası güncel, chp kurultayı davası son dakika",
2025-09-15T18:01:06.759441,onuachu,50 B+,"onuachu güncel, onuachu son dakika",
2025-09-15T18:01:07.260598,hannah einbinder,10 B+,"hannah einbinder son dakika, hannah einbinder güncel",
2025-09-15T18:01:07.761692,trabzon belediye başkanı,20 B+,"trabzon belediye başkanı son dakika, trabzon belediye başkanı güncel",
2025-09-15T18:01:08.262608,adolescence,5 B+,"adolescence son dakika, adolescence güncel",
2025-09-15T18:01:08.763779,çeyrek altın fiyatı 15 eylül,5 B+,"çeyrek altın fiyatı 15 eylül son dakika, çeyrek altın fiyatı 15 eylül güncel",
2025-09-15T18:01:09.264822,ios 26 saat kaçta,5 B+,"ios 26 saat kaçta son dakika, ios 26 saat kaçta güncel",
2025-09-15T18:01:09.765924,owen cooper,1 B+,"owen cooper son dakika, owen cooper güncel",
2025-09-15T18:01:10.266808,veri analizi okulu sonuçları,2 B+,"veri analizi okulu sonuçları son dakika, veri analizi okulu sonuçları güncel",
2025-09-15T18:01:10.767975,masterchef kim elendi masterchef türkiye,5 B+,"masterchef kim elendi masterchef türkiye son dakika, masterchef kim elendi masterchef türkiye güncel",
2025-09-15T18:01:11.269133,sinan selen,2 B+,"sinan selen son dakika, sinan selen güncel",
2025-09-15T18:38:14.577809,ufuk özkan,50 B+,"ufuk özkan son dakika, ufuk özkan güncel",
2025-09-15T18:38:15.078414,barcelona - valencia,50 B+,"barcelona - valencia son dakika, barcelona - valencia güncel",
2025-09-15T18:38:15.579093,türkiye - almanya,1 Mn+,"türkiye - almanya güncel, türkiye - almanya son dakika",
2025-09-15T18:38:16.079420,togg,50 B+,"togg son dakika, togg güncel",
2025-09-15T18:38:16.580421,chp kurultayı davası,20 B+,"chp kurultayı davası son dakika, chp kurultayı davası güncel",
2025-09-15T18:38:17.081117,trabzon belediye başkanı,20 B+,"trabzon belediye başkanı güncel, trabzon belediye başkanı son dakika",
2025-09-15T18:38:17.581401,hannah einbinder,5 B+,"hannah einbinder güncel, hannah einbinder son dakika",
2025-09-15T18:38:18.082273,adolescence,5 B+,"adolescence son dakika, adolescence güncel",
2025-09-15T18:38:18.582993,çeyrek altın fiyatı 15 eylül,5 B+,"çeyrek altın fiyatı 15 eylül güncel, çeyrek altın fiyatı 15 eylül son dakika",
2025-09-15T18:38:19.083433,ios 26 saat kaçta,5 B+,"ios 26 saat kaçta güncel, ios 26 saat kaçta son dakika",
2025-09-15T18:38:19.584062,veri analizi okulu sonuçları,2 B+,"veri analizi okulu sonuçları son dakika, veri analizi okulu sonuçları güncel",
2025-09-15T18:38:20.084522,javier bardem,2 B+,"javier bardem son dakika, javier bardem güncel",
2025-09-15T18:38:20.585241,owen cooper,2 B+,"owen cooper güncel, owen cooper son dakika",
2025-09-15T18:38:21.085393,sinan selen,2 B+,"sinan selen son dakika, sinan selen güncel",
2025-09-15T18:38:21.586088,masterchef kim elendi masterchef türkiye,5 B+,"masterchef kim elendi masterchef türkiye son dakika, masterchef kim elendi masterchef türkiye güncel",
2025-09-15T18:46:53.958962,ufuk özkan,50 B+,"ufuk özkan son dakika, ufuk özkan güncel",
2025-09-15T18:46:54.459532,barcelona - valencia,50 B+,"barcelona - valencia güncel, barcelona - valencia son dakika",
2025-09-15T18:46:54.960388,türkiye - almanya,1 Mn+,"türkiye - almanya son dakika, türkiye - almanya güncel",
2025-09-15T18:46:55.461145,togg,50 B+,"togg son dakika, togg güncel",
2025-09-15T18:46:55.961685,chp kurultayı davası,20 B+,"chp kurultayı davası güncel, chp kurultayı davası son dakika",
2025-09-15T18:46:56.462650,trabzon belediye başkanı,20 B+,"trabzon belediye başkanı son dakika, trabzon belediye başkanı güncel",
2025-09-15T18:46:56.963600,adolescence,5 B+,"adolescence güncel, adolescence son dakika",
2025-09-15T18:46:57.464291,hannah einbinder,5 B+,"hannah einbinder son dakika, hannah einbinder güncel",
2025-09-15T18:46:57.965067,çeyrek altın fiyatı 15 eylül,5 B+,"çeyrek altın fiyatı 15 eylül son dakika, çeyrek altın fiyatı 15 eylül güncel",
2025-09-15T18:46:58.465698,ios 26 saat kaçta,5 B+,"ios 26 saat kaçta güncel, ios 26 saat kaçta son dakika",
2025-09-15T18:46:58.966462,veri analizi okulu sonuçları,2 B+,"veri analizi okulu sonuçları son dakika, veri analizi okulu sonuçları güncel",
2025-09-15T18:46:59.466798,javier bardem,2 B+,"javier bardem güncel, javier bardem son dakika",
2025-09-15T18:46:59.967643,owen cooper,2 B+,"owen cooper son dakika, owen cooper güncel",
2025-09-15T18:47:00.468513,masterchef kim elendi masterchef türkiye,5 B+,"masterchef kim elendi masterchef türkiye son dakika, masterchef kim elendi masterchef türkiye güncel",
2025-09-15T18:47:00.969605,sinan selen,2 B+,"sinan selen son dakika, sinan selen güncel",
2025-09-15T19:01:07.304973,ufuk özkan,50 B+,"ufuk özkan son dakika, ufuk özkan güncel",
2025-09-15T19:01:07.805588,barcelona - valencia,50 B+,"barcelona - valencia son dakika, barcelona - valencia güncel",
2025-09-15T19:01:08.306231,türkiye - almanya,1 Mn+,"türkiye - almanya güncel, türkiye - almanya son dakika",
2025-09-15T19:01:08.806988,togg,50 B+,"togg güncel, togg son dakika",
2025-09-15T19:01:09.307439,chp kurultayı davası,20 B+,"chp kurultayı davası son dakika, chp kurultayı davası güncel",
2025-09-15T19:01:09.808035,trabzon belediye başkanı,20 B+,"trabzon belediye başkanı güncel, trabzon belediye başkanı son dakika",
2025-09-15T19:01:10.308536,adolescence,5 B+,"adolescence güncel, adolescence son dakika",
2025-09-15T19:01:10.809386,çeyrek altın fiyatı 15 eylül,5 B+,"çeyrek altın fiyatı 15 eylül son dakika, çeyrek altın fiyatı 15 eylül güncel",
2025-09-15T19:01:11.310035,hannah einbinder,5 B+,"hannah einbinder güncel, hannah einbinder son dakika",
2025-09-15T19:01:11.810533,ios 26 saat kaçta,5 B+,"ios 26 saat kaçta güncel, ios 26 saat kaçta son dakika",
2025-09-15T19:01:12.311199,veri analizi okulu sonuçları,2 B+,"veri analizi okulu sonuçları güncel, veri analizi okulu sonuçları son dakika",
2025-09-15T19:01:12.811407,javier bardem,2 B+,"javier bardem son dakika, javier bardem güncel",
2025-09-15T19:01:13.312083,owen cooper,2 B+,"owen cooper son dakika, owen cooper güncel",
2025-09-15T19:01:13.812536,masterchef kim elendi masterchef türkiye,5 B+,"masterchef kim elendi masterchef türkiye güncel, masterchef kim elendi masterchef türkiye son dakika",
2025-09-15T19:01:14.313171,sinan selen,2 B+,"sinan selen son dakika, sinan selen güncel",
2025-09-15T19:44:49.379091,ufuk özkan,50 B+,"ufuk özkan son dakika, ufuk özkan güncel",
2025-09-15T19:44:49.879408,barcelona - valencia,50 B+,"barcelona - valencia güncel, barcelona - valencia son dakika",
2025-09-15T19:44:50.379551,rizespor - gençlerbirliği,10 B+,"rizespor - gençlerbirliği güncel, rizespor - gençlerbirliği son dakika",
2025-09-15T19:44:50.880398,türkiye - almanya,1 Mn+,"türkiye - almanya güncel, türkiye - almanya son dakika",
2025-09-15T19:44:51.381293,togg,50 B+,"togg son dakika, togg güncel",
2025-09-15T19:44:51.882600,chp kurultayı davası,20 B+,"chp kurultayı davası güncel, chp kurultayı davası son dakika",
2025-09-15T19:44:52.383522,erzurumspor - sakaryaspor,2 B+,"erzurumspor - sakaryaspor son dakika, erzurumspor - sakaryaspor güncel",
2025-09-15T19:44:52.884697,trabzon belediye başkanı,20 B+,"trabzon belediye başkanı güncel, trabzon belediye başkanı son dakika",
2025-09-15T19:44:53.385581,hannah einbinder,10 B+,"hannah einbinder son dakika, hannah einbinder güncel",
2025-09-15T19:44:53.886586,uzak şehir ne zaman başlıyor,5 B+,"uzak şehir ne zaman başlıyor güncel, uzak şehir ne zaman başlıyor son dakika",
2025-09-15T19:44:54.387263,ios 26 saat kaçta,10 B+,"ios 26 saat kaçta son dakika, ios 26 saat kaçta güncel",
2025-09-15T19:44:54.887416,adolescence,5 B+,"adolescence son dakika, adolescence güncel",
2025-09-15T19:44:55.388044,çeyrek altın fiyatı 15 eylül,5 B+,"çeyrek altın fiyatı 15 eylül son dakika, çeyrek altın fiyatı 15 eylül güncel",
2025-09-15T19:44:55.888440,veri analizi okulu sonuçları,2 B+,"veri analizi okulu sonuçları güncel, veri analizi okulu sonuçları son dakika",
2025-09-15T19:44:56.389738,masterchef kim elendi masterchef türkiye,5 B+,"masterchef kim elendi masterchef türkiye son dakika, masterchef kim elendi masterchef türkiye güncel",
2025-09-15T20:01:05.129790,ufuk özkan,50 B+,"ufuk özkan son dakika, ufuk özkan güncel",
2025-09-15T20:01:05.630807,barcelona - valencia,50 B+,"barcelona - valencia son dakika, barcelona - valencia güncel",
2025-09-15T20:01:06.131879,rizespor - gençlerbirliği,10 B+,"rizespor - gençlerbirliği güncel, rizespor - gençlerbirliği son dakika",
2025-09-15T20:01:06.632916,türkiye - almanya,1 Mn+,"türkiye - almanya son dakika, türkiye - almanya güncel",
2025-09-15T20:01:07.133641,togg,50 B+,"togg son dakika, togg güncel",
2025-09-15T20:01:07.634767,erzurumspor - sakaryaspor,5 B+,"erzurumspor - sakaryaspor güncel, erzurumspor - sakaryaspor son dakika",
2025-09-15T20:01:08.135930,uzak şehir,10 B+,"uzak şehir güncel, uzak şehir son dakika",
2025-09-15T20:01:08.636840,chp kurultayı davası,20 B+,"chp kurultayı davası son dakika, chp kurultayı davası güncel",
2025-09-15T20:01:09.137975,trabzon belediye başkanı,20 B+,"trabzon belediye başkanı güncel, trabzon belediye başkanı son dakika",
2025-09-15T20:01:09.639010,hannah einbinder,10 B+,"hannah einbinder son dakika, hannah einbinder güncel",
2025-09-15T20:01:10.140087,ios 26 saat kaçta,10 B+,"ios 26 saat kaçta son dakika, ios 26 saat kaçta güncel",
2025-09-15T20:01:10.641143,kanal d canlı,5 B+,"kanal d canlı son dakika, kanal d canlı güncel",
2025-09-15T20:01:11.142303,çeyrek altın fiyatı 15 eylül,5 B+,"çeyrek altın fiyatı 15 eylül güncel, çeyrek altın fiyatı 15 eylül son dakika",
2025-09-15T20:01:11.643474,adolescence,5 B+,"adolescence son dakika, adolescence güncel",
2025-09-15T20:01:12.144636,pazartesi dizileri,100 B+,"pazartesi dizileri son dakika, pazartesi dizileri güncel",
2025-09-15T21:01:05.673411,kanal d canlı,50 B+,"kanal d canlı güncel, kanal d canlı son dakika",
2025-09-15T21:01:06.174574,ufuk özkan,50 B+,"ufuk özkan son dakika, ufuk özkan güncel",
2025-09-15T21:01:06.675639,rizespor - gençlerbirliği,20 B+,"rizespor - gençlerbirliği güncel, rizespor - gençlerbirliği son dakika",
2025-09-15T21:01:07.176695,uzak şehir,20 B+,"uzak şehir güncel, uzak şehir son dakika",
2025-09-15T21:01:07.677817,barcelona - valencia,50 B+,"barcelona - valencia son dakika, barcelona - valencia güncel",
2025-09-15T21:01:08.178988,kanal d canlı izle,20 B+,"kanal d canlı izle güncel, kanal d canlı izle son dakika",
2025-09-15T21:01:08.680056,erzurumspor - sakaryaspor,10 B+,"erzurumspor - sakaryaspor güncel, erzurumspor - sakaryaspor son dakika",
2025-09-15T21:01:09.181195,togg,50 B+,"togg son dakika, togg güncel",
2025-09-15T21:01:09.682430,ios 26 saat kaçta,10 B+,"ios 26 saat kaçta güncel, ios 26 saat kaçta son dakika",
2025-09-15T21:01:10.183589,kanal d yayın akışı,100 B+,"kanal d yayın akışı son dakika, kanal d yayın akışı güncel",
2025-09-15T21:01:10.684651,cennetin çocukları oyuncuları,5 B+,"cennetin çocukları oyuncuları son dakika, cennetin çocukları oyuncuları güncel",
2025-09-15T21:01:11.185698,trabzon belediye başkanı,20 B+,"trabzon belediye başkanı güncel, trabzon belediye başkanı son dakika",
2025-09-15T21:01:11.686848,hannah einbinder,5 B+,"hannah einbinder son dakika, hannah einbinder güncel",
2025-09-15T21:01:12.188009,ismail hacıoğlu,5 B+,"ismail hacıoğlu güncel, ismail hacıoğlu son dakika",
2025-09-15T21:01:12.689165,adolescence,2 B+,"adolescence son dakika, adolescence güncel",
2025-09-15T22:01:04.210004,kanal d canlı,100 B+,"kanal d canlı güncel, kanal d canlı son dakika",
2025-09-15T22:01:04.711038,uzak şehir,50 B+,"uzak şehir güncel, uzak şehir son dakika",
2025-09-15T22:01:05.212141,ufuk özkan,50 B+,"ufuk özkan son dakika, ufuk özkan güncel",
2025-09-15T22:01:05.713297,rizespor - gençlerbirliği,20 B+,"rizespor - gençlerbirliği güncel, rizespor - gençlerbirliği son dakika",
2025-09-15T22:01:06.214609,kanal d canlı yayın,20 B+,"kanal d canlı yayın son dakika, kanal d canlı yayın güncel",
2025-09-15T22:01:06.715655,kanal d canlı izle,20 B+,"kanal d canlı izle son dakika, kanal d canlı izle güncel",
2025-09-15T22:01:07.216771,erzurumspor - sakaryaspor,20 B+,"erzurumspor - sakaryaspor güncel, erzurumspor - sakaryaspor son dakika",
2025-09-15T22:01:07.717929,togg,50 B+,"togg güncel, togg son dakika",
2025-09-15T22:01:08.218986,cennetin çocukları oyuncuları,5 B+,"cennetin çocukları oyuncuları son dakika, cennetin çocukları oyuncuları güncel",
2025-09-15T22:01:08.720137,cennetin çocukları,20 B+,"cennetin çocukları güncel, cennetin çocukları son dakika",
2025-09-15T22:01:09.221312,ismail hacıoğlu,2 B+,"ismail hacıoğlu son dakika, ismail hacıoğlu güncel",
2025-09-15T22:01:09.722580,ios 26,10 B+,"ios 26 son dakika, ios 26 güncel",
2025-09-15T22:01:10.223739,adolescence,2 B+,"adolescence son dakika, adolescence güncel",
2025-09-15T22:01:10.724894,espanyol - mallorca,1 B+,"espanyol - mallorca son dakika, espanyol - mallorca güncel",
2025-09-15T22:01:11.226054,hannah einbinder,5 B+,"hannah einbinder güncel, hannah einbinder son dakika",
2025-09-15T23:01:05.160418,kanal d canlı,100 B+,"kanal d canlı güncel, kanal d canlı son dakika",
2025-09-15T23:01:05.661547,rizespor - gençlerbirliği,50 B+,"rizespor - gençlerbirliği son dakika, rizespor - gençlerbirliği güncel",
2025-09-15T23:01:06.162668,ufuk özkan,50 B+,"ufuk özkan son dakika, ufuk özkan güncel",
2025-09-15T23:01:06.663750,uzak şehir,100 B+,"uzak şehir son dakika, uzak şehir güncel",
2025-09-15T23:01:07.164872,kanal d canlı yayın,20 B+,"kanal d canlı yayın son dakika, kanal d canlı yayın güncel",
2025-09-15T23:01:07.665693,erzurumspor - sakaryaspor,20 B+,"erzurumspor - sakaryaspor güncel, erzurumspor - sakaryaspor son dakika",
2025-09-15T23:01:08.166868,kanal d canlı izle,20 B+,"kanal d canlı izle güncel, kanal d canlı izle son dakika",
2025-09-15T23:01:08.668044,cennetin çocukları oyuncuları,10 B+,"cennetin çocukları oyuncuları güncel, cennetin çocukları oyuncuları son dakika",
2025-09-15T23:01:09.169161,togg,50 B+,"togg güncel, togg son dakika",
2025-09-15T23:01:09.670467,cennetin çocukları,10 B+,"cennetin çocukları güncel, cennetin çocukları son dakika",
2025-09-15T23:01:10.171645,espanyol - mallorca,2 B+,"espanyol - mallorca güncel, espanyol - mallorca son dakika",
2025-09-15T23:01:10.672812,javier bardem,10 B+,"javier bardem son dakika, javier bardem güncel",
2025-09-15T23:01:11.173921,ios 26,10 B+,"ios 26 son dakika, ios 26 güncel",
2025-09-15T23:01:11.675085,como - genoa,2 B+,"como - genoa güncel, como - genoa son dakika",
2025-09-15T23:01:12.176144,adolescence,5 B+,"adolescence son dakika, adolescence güncel",
2025-09-16T00:01:06.501885,ufuk özkan,50 B+,"ufuk özkan güncel, ufuk özkan son dakika",
2025-09-16T00:01:07.002650,kanal d canlı,100 B+,"kanal d canlı son dakika, kanal d canlı güncel",
2025-09-16T00:01:07.503748,uzak şehir,100 B+,"uzak şehir güncel, uzak şehir son dakika",
2025-09-16T00:01:08.004901,rizespor - gençlerbirliği,50 B+,"rizespor - gençlerbirliği güncel, rizespor - gençlerbirliği son dakika",
2025-09-16T00:01:08.506067,kanal d canlı yayın,50 B+,"kanal d canlı yayın son dakika, kanal d canlı yayın güncel",
2025-09-16T00:01:09.007114,cennetin çocukları nerede çekildi,20 B+,"cennetin çocukları nerede çekildi güncel, cennetin çocukları nerede çekildi son dakika",
2025-09-16T00:01:09.508258,erzurumspor - sakaryaspor,20 B+,"erzurumspor - sakaryaspor güncel, erzurumspor - sakaryaspor son dakika",
2025-09-16T00:01:10.009389,cennetin çocukları,20 B+,"cennetin çocukları son dakika, cennetin çocukları güncel",
2025-09-16T00:01:10.510624,espanyol - mallorca,5 B+,"espanyol - mallorca güncel, espanyol - mallorca son dakika",
2025-09-16T00:01:11.011795,ios 26,10 B+,"ios 26 güncel, ios 26 son dakika",
2025-09-16T00:01:11.512967,chp kurultayı davası,20 B+,"chp kurultayı davası güncel, chp kurultayı davası son dakika",
2025-09-16T00:01:12.014136,ismail hacıoğlu,5 B+,"ismail hacıoğlu güncel, ismail hacıoğlu son dakika",
2025-09-16T00:01:12.515292,javier bardem,2 B+,"javier bardem güncel, javier bardem son dakika",
2025-09-16T00:01:13.015802,como - genoa,2 B+,"como - genoa güncel, como - genoa son dakika",
2025-09-16T00:01:13.516961,adolescence,5 B+,"adolescence son dakika, adolescence güncel",
2025-09-16T01:01:04.256294,uzak şehir,100 B+,"uzak şehir son dakika, uzak şehir güncel",
2025-09-16T01:01:04.757282,ufuk özkan,100 B+,"ufuk özkan güncel, ufuk özkan son dakika",
2025-09-16T01:01:05.258455,kanal d canlı,100 B+,"kanal d canlı son dakika, kanal d canlı güncel",
2025-09-16T01:01:05.759566,rizespor - gençlerbirliği,50 B+,"rizespor - gençlerbirliği güncel, rizespor - gençlerbirliği son dakika",
2025-09-16T01:01:06.260729,cennetin çocukları nerede çekildi,20 B+,"cennetin çocukları nerede çekildi güncel, cennetin çocukları nerede çekildi son dakika",
2025-09-16T01:01:06.761857,kanal d canlı yayın,20 B+,"kanal d canlı yayın son dakika, kanal d canlı yayın güncel",
2025-09-16T01:01:07.263013,cennetin çocukları,10 B+,"cennetin çocukları güncel, cennetin çocukları son dakika",
2025-09-16T01:01:07.764168,erzurumspor - sakaryaspor,20 B+,"erzurumspor - sakaryaspor güncel, erzurumspor - sakaryaspor son dakika",
2025-09-16T01:01:08.265409,chp kurultayı davası,20 B+,"chp kurultayı davası güncel, chp kurultayı davası son dakika",
2025-09-16T01:01:08.766587,espanyol - mallorca,5 B+,"espanyol - mallorca son dakika, espanyol - mallorca güncel",
2025-09-16T01:01:09.267736,uefa champions league 2025,2 B+,"uefa champions league 2025 son dakika, uefa champions league 2025 güncel",
2025-09-16T01:01:09.768658,javier bardem,5 B+,"javier bardem son dakika, javier bardem güncel",
2025-09-16T01:01:10.269710,kanal d canlı yayın izle,5 B+,"kanal d canlı yayın izle güncel, kanal d canlı yayın izle son dakika",
2025-09-16T01:01:10.770846,yağış,5 B+,"yağış son dakika, yağış güncel",
2025-09-16T01:01:11.272007,hannah einbinder,5 B+,"hannah einbinder son dakika, hannah einbinder güncel",
2025-09-16T02:01:04.472034,2025 uefa şampiyonlar ligi,50 B+,"2025 uefa şampiyonlar ligi güncel, 2025 uefa şampiyonlar ligi son dakika",
2025-09-16T02:01:04.973040,uzak şehir,200 B+,"uzak şehir güncel, uzak şehir son dakika",
2025-09-16T02:01:05.474100,ufuk özkan,100 B+,"ufuk özkan son dakika, ufuk özkan güncel",
2025-09-16T02:01:05.974644,rizespor - gençlerbirliği,50 B+,"rizespor - gençlerbirliği son dakika, rizespor - gençlerbirliği güncel",
2025-09-16T02:01:06.475601,cennetin çocukları nerede çekildi,20 B+,"cennetin çocukları nerede çekildi güncel, cennetin çocukları nerede çekildi son dakika",
2025-09-16T02:01:06.976694,kanal d canlı,100 B+,"kanal d canlı son dakika, kanal d canlı güncel",
2025-09-16T02:01:07.477783,uefa champions league 2025,5 B+,"uefa champions league 2025 güncel, uefa champions league 2025 son dakika",
2025-09-16T02:01:07.978879,erzurumspor - sakaryaspor,20 B+,"erzurumspor - sakaryaspor güncel, erzurumspor - sakaryaspor son dakika",
2025-09-16T02:01:08.479959,gemini,10 B+,"gemini güncel, gemini son dakika",
2025-09-16T02:01:08.981056,javier bardem,5 B+,"javier bardem son dakika, javier bardem güncel",
2025-09-16T02:01:09.482144,espanyol - mallorca,5 B+,"espanyol - mallorca güncel, espanyol - mallorca son dakika",
2025-09-16T02:01:09.983188,adolescence,5 B+,"adolescence güncel, adolescence son dakika",
2025-09-16T02:01:10.484240,yağış,5 B+,"yağış güncel, yağış son dakika",
2025-09-16T02:01:10.985413,hannah einbinder,5 B+,"hannah einbinder son dakika, hannah einbinder güncel",
2025-09-16T02:01:11.486581,ismail hacıoğlu,5 B+,"ismail hacıoğlu son dakika, ismail hacıoğlu güncel",
2025-09-16T03:01:03.998001,2025 uefa şampiyonlar ligi,100 B+,"2025 uefa şampiyonlar ligi güncel, 2025 uefa şampiyonlar ligi son dakika",
2025-09-16T03:01:04.499052,ufuk özkan,100 B+,"ufuk özkan son dakika, ufuk özkan güncel",
2025-09-16T03:01:05.000131,uzak şehir,200 B+,"uzak şehir güncel, uzak şehir son dakika",
2025-09-16T03:01:05.501255,rizespor - gençlerbirliği,50 B+,"rizespor - gençlerbirliği güncel, rizespor - gençlerbirliği son dakika",
2025-09-16T03:01:06.002457,cennetin çocukları nerede çekildi,20 B+,"cennetin çocukları nerede çekildi son dakika, cennetin çocukları nerede çekildi güncel",
2025-09-16T03:01:06.503610,uefa champions league 2025,5 B+,"uefa champions league 2025 güncel, uefa champions league 2025 son dakika",
2025-09-16T03:01:07.004691,chp kurultayı davası,20 B+,"chp kurultayı davası son dakika, chp kurultayı davası güncel",
2025-09-16T03:01:07.505737,gemini,10 B+,"gemini son dakika, gemini güncel",
2025-09-16T03:01:08.006866,javier bardem,5 B+,"javier bardem güncel, javier bardem son dakika",
2025-09-16T03:01:08.507996,yağış,5 B+,"yağış güncel, yağış son dakika",
2025-09-16T03:01:09.009111,hannah einbinder,5 B+,"hannah einbinder son dakika, hannah einbinder güncel",
2025-09-16T03:01:09.510242,adolescence,5 B+,"adolescence son dakika, adolescence güncel",
2025-09-16T03:01:10.011379,ios 26 özellikleri,5 B+,"ios 26 özellikleri güncel, ios 26 özellikleri son dakika",
2025-09-16T03:01:10.512574,owen cooper,2 B+,"owen cooper son dakika, owen cooper güncel",
2025-09-16T03:01:11.013728,دوري أبطال أوروبا 2025,500+,"دوري أبطال أوروبا 2025 son dakika, دوري أبطال أوروبا 2025 güncel",
2025-09-16T04:01:04.382791,2025 uefa şampiyonlar ligi,100 B+,"2025 uefa şampiyonlar ligi güncel, 2025 uefa şampiyonlar ligi son dakika",
2025-09-16T04:01:04.883888,ufuk özkan,100 B+,"ufuk özkan güncel, ufuk özkan son dakika",
2025-09-16T04:01:05.385022,uzak şehir,200 B+,"uzak şehir güncel, uzak şehir son dakika",
2025-09-16T04:01:05.886169,rizespor - gençlerbirliği,50 B+,"rizespor - gençlerbirliği güncel, rizespor - gençlerbirliği son dakika",
2025-09-16T04:01:06.387286,uefa champions league 2025,5 B+,"uefa champions league 2025 son dakika, uefa champions league 2025 güncel",
2025-09-16T04:01:06.888535,cennetin çocukları nerede çekildi,20 B+,"cennetin çocukları nerede çekildi güncel, cennetin çocukları nerede çekildi son dakika",
2025-09-16T04:01:07.389622,adolescence,5 B+,"adolescence son dakika, adolescence güncel",
2025-09-16T04:01:07.890732,hannah einbinder,10 B+,"hannah einbinder güncel, hannah einbinder son dakika",
2025-09-16T04:01:08.391838,javier bardem,5 B+,"javier bardem son dakika, javier bardem güncel",
2025-09-16T04:01:08.892695,ios 26 özellikleri,5 B+,"ios 26 özellikleri güncel, ios 26 özellikleri son dakika",
2025-09-16T04:01:09.393785,espanyol - mallorca,5 B+,"espanyol - mallorca son dakika, espanyol - mallorca güncel",
2025-09-16T04:01:09.894867,yağış,5 B+,"yağış son dakika, yağış güncel",
2025-09-16T04:01:10.395795,umtiti,2 B+,"umtiti son dakika, umtiti güncel",
2025-09-16T04:01:10.896860,دوري أبطال أوروبا 2025,1 B+,"دوري أبطال أوروبا 2025 son dakika, دوري أبطال أوروبا 2025 güncel",
2025-09-16T04:01:11.397936,erzurumspor - sakaryaspor,20 B+,"erzurumspor - sakaryaspor son dakika, erzurumspor - sakaryaspor güncel",
2025-09-16T05:01:04.444686,2025 uefa şampiyonlar ligi,100 B+,"2025 uefa şampiyonlar ligi güncel, 2025 uefa şampiyonlar ligi son dakika",
2025-09-16T05:01:04.945460,ufuk özkan,100 B+,"ufuk özkan güncel, ufuk özkan son dakika",
2025-09-16T05:01:05.446364,uzak şehir,200 B+,"uzak şehir son dakika, uzak şehir güncel",
2025-09-16T05:01:05.947482,rizespor - gençlerbirliği,50 B+,"rizespor - gençlerbirliği güncel, rizespor - gençlerbirliği son dakika",
2025-09-16T05:01:06.448571,uefa champions league 2025,5 B+,"uefa champions league 2025 güncel, uefa champions league 2025 son dakika",
2025-09-16T05:01:06.949539,javier bardem,5 B+,"javier bardem güncel, javier bardem son dakika",
2025-09-16T05:01:07.450514,espanyol - mallorca,5 B+,"espanyol - mallorca son dakika, espanyol - mallorca güncel",
2025-09-16T05:01:07.951442,hannah einbinder,10 B+,"hannah einbinder son dakika, hannah einbinder güncel",
2025-09-16T05:01:08.452535,ios 26 özellikleri,5 B+,"ios 26 özellikleri güncel, ios 26 özellikleri son dakika",
2025-09-16T05:01:08.953538,umtiti,2 B+,"umtiti güncel, umtiti son dakika",
2025-09-16T05:01:09.454494,cennetin çocukları nerede çekildi,20 B+,"cennetin çocukları nerede çekildi güncel, cennetin çocukları nerede çekildi son dakika",
2025-09-16T05:01:09.955560,owen cooper,5 B+,"owen cooper son dakika, owen cooper güncel",
2025-09-16T05:01:10.456545,دوري أبطال أوروبا 2025,1 B+,"دوري أبطال أوروبا 2025 son dakika, دوري أبطال أوروبا 2025 güncel",
2025-09-16T05:01:10.957530,togg,50 B+,"togg güncel, togg son dakika",
2025-09-16T05:01:11.458617,erzurumspor - sakaryaspor,20 B+,"erzurumspor - sakaryaspor son dakika, erzurumspor - sakaryaspor güncel",
2025-09-16T06:01:04.420789,2025 uefa şampiyonlar ligi,100 B+,"2025 uefa şampiyonlar ligi son dakika, 2025 uefa şampiyonlar ligi güncel",
2025-09-16T06:01:04.921769,ufuk özkan,100 B+,"ufuk özkan son dakika, ufuk özkan güncel",
2025-09-16T06:01:05.422919,uzak şehir,200 B+,"uzak şehir güncel, uzak şehir son dakika",
2025-09-16T06:01:05.923945,rizespor - gençlerbirliği,50 B+,"rizespor - gençlerbirliği güncel, rizespor - gençlerbirliği son dakika",
2025-09-16T06:01:06.424637,uefa champions league 2025,5 B+,"uefa champions league 2025 güncel, uefa champions league 2025 son dakika",
2025-09-16T06:01:06.925791,erzurumspor - sakaryaspor,20 B+,"erzurumspor - sakaryaspor son dakika, erzurumspor - sakaryaspor güncel",
2025-09-16T06:01:07.426946,espanyol - mallorca,5 B+,"espanyol - mallorca güncel, espanyol - mallorca son dakika",
2025-09-16T06:01:07.928082,hannah einbinder,10 B+,"hannah einbinder son dakika, hannah einbinder güncel",
2025-09-16T06:01:08.429249,ios 26 özellikleri,5 B+,"ios 26 özellikleri son dakika, ios 26 özellikleri güncel",
2025-09-16T06:01:08.930389,دوري أبطال أوروبا 2025,1 B+,"دوري أبطال أوروبا 2025 güncel, دوري أبطال أوروبا 2025 son dakika",
2025-09-16T06:01:09.431376,umtiti,2 B+,"umtiti güncel, umtiti son dakika",
2025-09-16T06:01:09.932208,cennetin çocukları nerede çekildi,20 B+,"cennetin çocukları nerede çekildi güncel, cennetin çocukları nerede çekildi son dakika",
2025-09-16T06:01:10.433424,como - genoa,2 B+,"como - genoa son dakika, como - genoa güncel",
2025-09-16T06:01:10.934570,togg,50 B+,"togg güncel, togg son dakika",
2025-09-16T06:01:11.435746,kanal d canlı yayın,20 B+,"kanal d canlı yayın güncel, kanal d canlı yayın son dakika",
2025-09-16T07:01:03.882975,2025 uefa şampiyonlar ligi,100 B+,"2025 uefa şampiyonlar ligi son dakika, 2025 uefa şampiyonlar ligi güncel",
2025-09-16T07:01:04.384025,ufuk özkan,100 B+,"ufuk özkan güncel, ufuk özkan son dakika",
2025-09-16T07:01:04.885184,uzak şehir,200 B+,"uzak şehir son dakika, uzak şehir güncel",
2025-09-16T07:01:05.386409,rizespor - gençlerbirliği,50 B+,"rizespor - gençlerbirliği güncel, rizespor - gençlerbirliği son dakika",
2025-09-16T07:01:05.887569,uefa champions league 2025,5 B+,"uefa champions league 2025 güncel, uefa champions league 2025 son dakika",
2025-09-16T07:01:06.388678,espanyol - mallorca,5 B+,"espanyol - mallorca son dakika, espanyol - mallorca güncel",
2025-09-16T07:01:06.889792,erzurumspor - sakaryaspor,20 B+,"erzurumspor - sakaryaspor güncel, erzurumspor - sakaryaspor son dakika",
2025-09-16T07:01:07.390953,chp kurultayı davası,20 B+,"chp kurultayı davası son dakika, chp kurultayı davası güncel",
2025-09-16T07:01:07.892107,como - genoa,2 B+,"como - genoa son dakika, como - genoa güncel",
2025-09-16T07:01:08.393261,javier bardem,5 B+,"javier bardem güncel, javier bardem son dakika",
2025-09-16T07:01:08.894183,ios 26 özellikleri,5 B+,"ios 26 özellikleri güncel, ios 26 özellikleri son dakika",
2025-09-16T07:01:09.395526,دوري أبطال أوروبا 2025,1 B+,"دوري أبطال أوروبا 2025 güncel, دوري أبطال أوروبا 2025 son dakika",
2025-09-16T07:01:09.896672,cennetin çocukları nerede çekildi,20 B+,"cennetin çocukları nerede çekildi güncel, cennetin çocukları nerede çekildi son dakika",
2025-09-16T07:01:10.397719,apple ios 26,1 B+,"apple ios 26 güncel, apple ios 26 son dakika",
2025-09-16T07:01:10.898864,kanal d canlı yayın,20 B+,"kanal d canlı yayın güncel, kanal d canlı yayın son dakika",
2025-09-16T08:01:03.804922,2025 uefa şampiyonlar ligi,100 B+,"2025 uefa şampiyonlar ligi güncel, 2025 uefa şampiyonlar ligi son dakika",
2025-09-16T08:01:04.305314,ufuk özkan,100 B+,"ufuk özkan güncel, ufuk özkan son dakika",
2025-09-16T08:01:04.806168,uzak şehir,200 B+,"uzak şehir güncel, uzak şehir son dakika",
2025-09-16T08:01:05.306967,rizespor - gençlerbirliği,50 B+,"rizespor - gençlerbirliği son dakika, rizespor - gençlerbirliği güncel",
2025-09-16T08:01:05.807684,uefa champions league 2025,10 B+,"uefa champions league 2025 son dakika, uefa champions league 2025 güncel",
2025-09-16T08:01:06.308738,espanyol - mallorca,5 B+,"espanyol - mallorca son dakika, espanyol - mallorca güncel",
2025-09-16T08:01:06.809803,erzurumspor - sakaryaspor,20 B+,"erzurumspor - sakaryaspor son dakika, erzurumspor - sakaryaspor güncel",
2025-09-16T08:01:07.310763,javier bardem,5 B+,"javier bardem son dakika, javier bardem güncel",
2025-09-16T08:01:07.811817,adolescence,5 B+,"adolescence son dakika, adolescence güncel",
2025-09-16T08:01:08.312617,ios 26 özellikleri,5 B+,"ios 26 özellikleri son dakika, ios 26 özellikleri güncel",
2025-09-16T08:01:08.813693,como - genoa,2 B+,"como - genoa güncel, como - genoa son dakika",
2025-09-16T08:01:09.314765,owen cooper,2 B+,"owen cooper güncel, owen cooper son dakika",
2025-09-16T08:01:09.815796,hannah einbinder,5 B+,"hannah einbinder son dakika, hannah einbinder güncel",
2025-09-16T08:01:10.316875,gs frankfurt,5 B+,"gs frankfurt son dakika, gs frankfurt güncel",
2025-09-16T08:01:10.817979,chp kurultayı davası,20 B+,"chp kurultayı davası son dakika, chp kurultayı davası güncel",
2025-09-16T09:01:04.798123,2025 uefa şampiyonlar ligi,200 B+,"2025 uefa şampiyonlar ligi son dakika, 2025 uefa şampiyonlar ligi güncel",
2025-09-16T09:01:05.299088,uzak şehir,200 B+,"uzak şehir son dakika, uzak şehir güncel",
2025-09-16T09:01:05.800069,ufuk özkan,100 B+,"ufuk özkan son dakika, ufuk özkan güncel",
2025-09-16T09:01:06.301045,rizespor - gençlerbirliği,50 B+,"rizespor - gençlerbirliği son dakika, rizespor - gençlerbirliği güncel",
2025-09-16T09:01:06.802184,uefa champions league 2025,10 B+,"uefa champions league 2025 güncel, uefa champions league 2025 son dakika",
2025-09-16T09:01:07.303420,erzurumspor - sakaryaspor,20 B+,"erzurumspor - sakaryaspor güncel, erzurumspor - sakaryaspor son dakika",
2025-09-16T09:01:07.804553,espanyol - mallorca,5 B+,"espanyol - mallorca son dakika, espanyol - mallorca güncel",
2025-09-16T09:01:08.305643,javier bardem,5 B+,"javier bardem son dakika, javier bardem güncel",
2025-09-16T09:01:08.806667,gs frankfurt,5 B+,"gs frankfurt güncel, gs frankfurt son dakika",
2025-09-16T09:01:09.307708,chp kurultayı davası,20 B+,"chp kurultayı davası güncel, chp kurultayı davası son dakika",
2025-09-16T09:01:09.808764,ios 26 özellikleri,5 B+,"ios 26 özellikleri son dakika, ios 26 özellikleri güncel",
2025-09-16T09:01:10.309822,cennetin çocukları,20 B+,"cennetin çocukları son dakika, cennetin çocukları güncel",
2025-09-16T09:01:10.810889,owen cooper,2 B+,"owen cooper güncel, owen cooper son dakika",
2025-09-16T09:01:11.311966,como - genoa,2 B+,"como - genoa güncel, como - genoa son dakika",
2025-09-16T09:01:11.813045,merve gontem kizilcik serbeti,2 B+,"merve gontem kizilcik serbeti son dakika, merve gontem kizilcik serbeti güncel",
2025-09-16T10:01:03.993782,2025 uefa şampiyonlar ligi,200 B+,"2025 uefa şampiyonlar ligi son dakika, 2025 uefa şampiyonlar ligi güncel",
2025-09-16T10:01:04.494601,uzak şehir,200 B+,"uzak şehir güncel, uzak şehir son dakika",
2025-09-16T10:01:04.995598,ufuk özkan,100 B+,"ufuk özkan güncel, ufuk özkan son dakika",
2025-09-16T10:01:05.496722,uefa champions league 2025,20 B+,"uefa champions league 2025 son dakika, uefa champions league 2025 güncel",
2025-09-16T10:01:05.997821,rizespor - gençlerbirliği,50 B+,"rizespor - gençlerbirliği son dakika, rizespor - gençlerbirliği güncel",
2025-09-16T10:01:06.498859,erzurumspor - sakaryaspor,20 B+,"erzurumspor - sakaryaspor güncel, erzurumspor - sakaryaspor son dakika",
2025-09-16T10:01:06.999689,espanyol - mallorca,5 B+,"espanyol - mallorca son dakika, espanyol - mallorca güncel",
2025-09-16T10:01:07.500762,cennetin çocukları,20 B+,"cennetin çocukları son dakika, cennetin çocukları güncel",
2025-09-16T10:01:08.001916,ios 26 özellikleri,5 B+,"ios 26 özellikleri güncel, ios 26 özellikleri son dakika",
2025-09-16T10:01:08.502825,merve gontem kizilcik serbeti,2 B+,"merve gontem kizilcik serbeti son dakika, merve gontem kizilcik serbeti güncel",
2025-09-16T10:01:09.003750,kanald,20 B+,"kanald güncel, kanald son dakika",
2025-09-16T10:01:09.504819,دوري أبطال أوروبا 2025,2 B+,"دوري أبطال أوروبا 2025 son dakika, دوري أبطال أوروبا 2025 güncel",
2025-09-16T10:01:10.005972,umtiti,2 B+,"umtiti güncel, umtiti son dakika",
2025-09-16T10:01:10.507118,gazze,1 B+,"gazze güncel, gazze son dakika",
2025-09-16T10:01:11.008265,investco holding,200+,"investco holding güncel, investco holding son dakika",
2025-09-16T11:01:06.468985,2025 uefa şampiyonlar ligi,200 B+,"2025 uefa şampiyonlar ligi son dakika, 2025 uefa şampiyonlar ligi güncel",
2025-09-16T11:01:06.969541,uzak şehir,200 B+,"uzak şehir güncel, uzak şehir son dakika",
2025-09-16T11:01:07.470608,ufuk özkan,100 B+,"ufuk özkan güncel, ufuk özkan son dakika",
2025-09-16T11:01:07.971300,uefa champions league 2025,20 B+,"uefa champions league 2025 güncel, uefa champions league 2025 son dakika",
2025-09-16T11:01:08.471705,rizespor - gençlerbirliği,50 B+,"rizespor - gençlerbirliği güncel, rizespor - gençlerbirliği son dakika",
2025-09-16T11:01:08.972391,cennetin çocukları,20 B+,"cennetin çocukları güncel, cennetin çocukları son dakika",
2025-09-16T11:01:09.473242,ios 26 özellikleri,10 B+,"ios 26 özellikleri son dakika, ios 26 özellikleri güncel",
2025-09-16T11:01:09.973431,espanyol - mallorca,5 B+,"espanyol - mallorca son dakika, espanyol - mallorca güncel",
2025-09-16T11:01:10.474146,investco holding,1 B+,"investco holding son dakika, investco holding güncel",
2025-09-16T11:01:10.974824,دوري أبطال أوروبا 2025,2 B+,"دوري أبطال أوروبا 2025 son dakika, دوري أبطال أوروبا 2025 güncel",
2025-09-16T11:01:11.475439,personel temin,2 B+,"personel temin güncel, personel temin son dakika",
2025-09-16T11:01:11.976386,kanald,20 B+,"kanald güncel, kanald son dakika",
2025-09-16T11:01:12.477167,merve gontem kizilcik serbeti,5 B+,"merve gontem kizilcik serbeti güncel, merve gontem kizilcik serbeti son dakika",
2025-09-16T11:01:12.977497,gazze,1 B+,"gazze güncel, gazze son dakika",
2025-09-16T11:01:13.478269,atv canlı yayın izle 2025 bugün,1 B+,"atv canlı yayın izle 2025 bugün son dakika, atv canlı yayın izle 2025 bugün güncel",
2025-09-16T11:30:04.163314,2025 uefa şampiyonlar ligi,200 B+,"2025 uefa şampiyonlar ligi güncel, 2025 uefa şampiyonlar ligi son dakika",
2025-09-16T11:30:04.663940,uzak şehir,200 B+,"uzak şehir son dakika, uzak şehir güncel",
2025-09-16T11:30:05.164866,ufuk özkan,100 B+,"ufuk özkan güncel, ufuk özkan son dakika",
2025-09-16T11:30:05.665929,uefa champions league 2025,20 B+,"uefa champions league 2025 güncel, uefa champions league 2025 son dakika",
2025-09-16T11:30:06.166595,rizespor - gençlerbirliği,50 B+,"rizespor - gençlerbirliği son dakika, rizespor - gençlerbirliği güncel",
2025-09-16T11:30:06.667482,cennetin çocukları,20 B+,"cennetin çocukları son dakika, cennetin çocukları güncel",
2025-09-16T11:30:07.168497,ios 26 özellikleri,10 B+,"ios 26 özellikleri güncel, ios 26 özellikleri son dakika",
2025-09-16T11:30:07.669234,investco holding,2 B+,"investco holding güncel, investco holding son dakika",
2025-09-16T11:30:08.169701,دوري أبطال أوروبا 2025,2 B+,"دوري أبطال أوروبا 2025 güncel, دوري أبطال أوروبا 2025 son dakika",
2025-09-16T11:30:08.670861,personel temin,2 B+,"personel temin son dakika, personel temin güncel",
2025-09-16T11:30:09.171883,лига чемпионов уефа – 2025,1 B+,"лига чемпионов уефа – 2025 son dakika, лига чемпионов уефа – 2025 güncel",
2025-09-16T11:30:09.672711,merve gontem kizilcik serbeti,5 B+,"merve gontem kizilcik serbeti son dakika, merve gontem kizilcik serbeti güncel",
2025-09-16T11:30:10.173785,kanald,20 B+,"kanald son dakika, kanald güncel",
2025-09-16T11:30:10.674813,gazze,1 B+,"gazze güncel, gazze son dakika",
2025-09-16T11:30:11.175923,emekli maaş zammı,200+,"emekli maaş zammı son dakika, emekli maaş zammı güncel",
2025-09-16T12:01:11.849932,2025 uefa şampiyonlar ligi,500 B+,"2025 uefa şampiyonlar ligi son dakika, 2025 uefa şampiyonlar ligi güncel",
2025-09-16T12:01:12.350631,uzak şehir,200 B+,"uzak şehir güncel, uzak şehir son dakika",
2025-09-16T12:01:12.851111,ufuk özkan,100 B+,"ufuk özkan son dakika, ufuk özkan güncel",
2025-09-16T12:01:13.352089,uefa champions league 2025,20 B+,"uefa champions league 2025 güncel, uefa champions league 2025 son dakika",
2025-09-16T12:01:13.852800,rizespor - gençlerbirliği,50 B+,"rizespor - gençlerbirliği son dakika, rizespor - gençlerbirliği güncel",
2025-09-16T12:01:14.353060,investco holding,2 B+,"investco holding güncel, investco holding son dakika",
2025-09-16T12:01:14.854013,cennetin çocukları,20 B+,"cennetin çocukları son dakika, cennetin çocukları güncel",
2025-09-16T12:01:15.354703,ios 26 özellikleri,10 B+,"ios 26 özellikleri son dakika, ios 26 özellikleri güncel",
2025-09-16T12:01:15.855142,espanyol - mallorca,5 B+,"espanyol - mallorca son dakika, espanyol - mallorca güncel",
2025-09-16T12:01:16.356189,merve gontem kizilcik serbeti,5 B+,"merve gontem kizilcik serbeti güncel, merve gontem kizilcik serbeti son dakika",
2025-09-16T12:01:16.856843,دوري أبطال أوروبا 2025,2 B+,"دوري أبطال أوروبا 2025 güncel, دوري أبطال أوروبا 2025 son dakika",
2025-09-16T12:01:17.357743,лига чемпионов уефа – 2025,1 B+,"лига чемпионов уефа – 2025 güncel, лига чемпионов уефа – 2025 son dakika",
2025-09-16T12:01:17.858313,personel temin,2 B+,"personel temin güncel, personel temin son dakika",
2025-09-16T12:01:18.359231,emekli maaş zammı,500+,"emekli maaş zammı son dakika, emekli maaş zammı güncel",
2025-09-16T12:01:18.860145,kanald,20 B+,"kanald güncel, kanald son dakika",
2025-09-16T13:01:05.350057,2025 uefa şampiyonlar ligi,500 B+,"2025 uefa şampiyonlar ligi son dakika, 2025 uefa şampiyonlar ligi güncel",
2025-09-16T13:01:05.851043,uzak şehir,200 B+,"uzak şehir güncel, uzak şehir son dakika",
2025-09-16T13:01:06.352061,ufuk özkan,100 B+,"ufuk özkan güncel, ufuk özkan son dakika",
2025-09-16T13:01:06.853174,uefa champions league 2025,20 B+,"uefa champions league 2025 son dakika, uefa champions league 2025 güncel",
2025-09-16T13:01:07.353970,rizespor - gençlerbirliği,50 B+,"rizespor - gençlerbirliği güncel, rizespor - gençlerbirliği son dakika",
2025-09-16T13:01:07.855117,nihat özçelik,5 B+,"nihat özçelik son dakika, nihat özçelik güncel",
2025-09-16T13:01:08.356321,cennetin çocukları,50 B+,"cennetin çocukları son dakika, cennetin çocukları güncel",
2025-09-16T13:01:08.857496,ios 26 özellikleri,10 B+,"ios 26 özellikleri güncel, ios 26 özellikleri son dakika",
2025-09-16T13:01:09.358651,merve gontem kizilcik serbeti,5 B+,"merve gontem kizilcik serbeti son dakika, merve gontem kizilcik serbeti güncel",
2025-09-16T13:01:09.859343,دوري أبطال أوروبا 2025,2 B+,"دوري أبطال أوروبا 2025 son dakika, دوري أبطال أوروبا 2025 güncel",
2025-09-16T13:01:10.360457,emekli maaş zammı,1 B+,"emekli maaş zammı güncel, emekli maaş zammı son dakika",
2025-09-16T13:01:10.861655,personel temin,2 B+,"personel temin son dakika, personel temin güncel",
2025-09-16T13:01:11.362838,лига чемпионов уефа – 2025,2 B+,"лига чемпионов уефа – 2025 güncel, лига чемпионов уефа – 2025 son dakika",
2025-09-16T13:01:11.864104,kanald,20 B+,"kanald güncel, kanald son dakika",
2025-09-16T13:01:12.365208,gazze,2 B+,"gazze son dakika, gazze güncel",
2025-09-16T14:01:04.104118,2025 uefa şampiyonlar ligi,500 B+,"2025 uefa şampiyonlar ligi güncel, 2025 uefa şampiyonlar ligi son dakika",
2025-09-16T14:01:04.605166,uzak şehir 29 bölüm full izle,200 B+,"uzak şehir 29 bölüm full izle güncel, uzak şehir 29 bölüm full izle son dakika",
2025-09-16T14:01:05.106318,ufuk özkan,100 B+,"ufuk özkan güncel, ufuk özkan son dakika",
2025-09-16T14:01:05.607485,uefa champions league 2025,20 B+,"uefa champions league 2025 güncel, uefa champions league 2025 son dakika",
2025-09-16T14:01:06.108624,rizespor - gençlerbirliği,50 B+,"rizespor - gençlerbirliği son dakika, rizespor - gençlerbirliği güncel",
2025-09-16T14:01:06.609784,investco holding,5 B+,"investco holding güncel, investco holding son dakika",
2025-09-16T14:01:07.111007,cennetin çocukları,50 B+,"cennetin çocukları son dakika, cennetin çocukları güncel",
2025-09-16T14:01:07.612224,ios 26 özellikleri,10 B+,"ios 26 özellikleri son dakika, ios 26 özellikleri güncel",
2025-09-16T14:01:08.113392,دوري أبطال أوروبا 2025,2 B+,"دوري أبطال أوروبا 2025 güncel, دوري أبطال أوروبا 2025 son dakika",
2025-09-16T14:01:08.614563,лига чемпионов уефа – 2025,2 B+,"лига чемпионов уефа – 2025 güncel, лига чемпионов уефа – 2025 son dakika",
2025-09-16T14:01:09.115724,personel temin,2 B+,"personel temin güncel, personel temin son dakika",
2025-09-16T14:01:09.616947,kanald,20 B+,"kanald son dakika, kanald güncel",
2025-09-16T14:01:10.118104,gazze,2 B+,"gazze güncel, gazze son dakika",
2025-09-16T14:01:10.619269,kızılcık şerbeti senaristi,5 B+,"kızılcık şerbeti senaristi son dakika, kızılcık şerbeti senaristi güncel",
2025-09-16T14:01:11.120423,gül onat,200+,"gül onat son dakika, gül onat güncel",
2025-09-16T15:01:05.594768,2025 uefa şampiyonlar ligi,500 B+,"2025 uefa şampiyonlar ligi son dakika, 2025 uefa şampiyonlar ligi güncel",
2025-09-16T15:01:06.095972,uzak şehir 29 bölüm full izle,500 B+,"uzak şehir 29 bölüm full izle güncel, uzak şehir 29 bölüm full izle son dakika",
2025-09-16T15:01:06.597135,uefa champions league 2025,20 B+,"uefa champions league 2025 son dakika, uefa champions league 2025 güncel",
2025-09-16T15:01:07.098298,rizespor - gençlerbirliği,50 B+,"rizespor - gençlerbirliği son dakika, rizespor - gençlerbirliği güncel",
2025-09-16T15:01:07.599462,ufuk özkan son dakika,20 B+,"ufuk özkan son dakika son dakika, ufuk özkan son dakika güncel",
2025-09-16T15:01:08.100687,kahta 02 spor - adana demirspor,2 B+,"kahta 02 spor - adana demirspor güncel, skor kahta 02 spor - adana demirspor, kahta 02 spor - adana demirspor skor, kahta 02 spor - adana demirspor son dakika, sonuç kahta 02 spor - adana demirspor","kahta 02 spor - adana demirspor haber son dakika, kahta 02 spor - adana demirspor takım son dakika, lig kahta 02 spor - adana demirspor haberleri, takım kahta 02 spor - adana demirspor haberleri, haber kahta 02 spor - adana demirspor haberleri"
2025-09-16T15:01:08.601774,investco holding,5 B+,"investco holding güncel, investco holding son dakika",
2025-09-16T15:01:09.103008,cennetin çocukları,50 B+,"cennetin çocukları son dakika, cennetin çocukları güncel",
2025-09-16T15:01:09.604172,ios 26 özellikleri,5 B+,"ios 26 özellikleri son dakika, ios 26 özellikleri güncel",
2025-09-16T15:01:10.105336,دوري أبطال أوروبا 2025,2 B+,"دوري أبطال أوروبا 2025 güncel, دوري أبطال أوروبا 2025 son dakika",
2025-09-16T15:01:10.606530,ultra,1 B+,"ultra güncel, ultra son dakika",
2025-09-16T15:01:11.107696,лига чемпионов уефа – 2025,2 B+,"лига чемпионов уефа – 2025 son dakika, лига чемпионов уефа – 2025 güncel",
2025-09-16T15:01:11.608810,pegasus,2 B+,"pegasus son dakika, pegasus güncel",
2025-09-16T15:01:12.110076,teknofest istanbul,2 B+,"teknofest istanbul son dakika, teknofest istanbul güncel",
2025-09-16T15:01:12.611233,personel temin,5 B+,"personel temin güncel, personel temin son dakika",
2025-09-16T16:01:05.003386,2025 uefa şampiyonlar ligi,500 B+,"2025 uefa şampiyonlar ligi son dakika, 2025 uefa şampiyonlar ligi güncel",
2025-09-16T16:01:05.504378,uzak şehir 29 bölüm full izle,500 B+,"uzak şehir 29 bölüm full izle güncel, uzak şehir 29 bölüm full izle son dakika",
2025-09-16T16:01:06.005396,uefa champions league 2025,50 B+,"uefa champions league 2025 güncel, uefa champions league 2025 son dakika",
2025-09-16T16:01:06.506437,robert redford,5 B+,"robert redford son dakika, robert redford güncel",
2025-09-16T16:01:07.007466,rizespor - gençlerbirliği,50 B+,"rizespor - gençlerbirliği güncel, rizespor - gençlerbirliği son dakika",
2025-09-16T16:01:07.508564,kahta 02 spor - adana demirspor,5 B+,"kahta 02 spor - adana demirspor son dakika, kahta 02 spor - adana demirspor skor, skor kahta 02 spor - adana demirspor, maç kahta 02 spor - adana demirspor, kahta 02 spor - adana demirspor maç","haber kahta 02 spor - adana demirspor haberleri, kahta 02 spor - adana demirspor haber son dakika, kahta 02 spor - adana demirspor takım son dakika, lig kahta 02 spor - adana demirspor haberleri, takım kahta 02 spor - adana demirspor haberleri"
2025-09-16T16:01:08.009651,ufuk özkan son dakika,20 B+,"ufuk özkan son dakika son dakika, ufuk özkan son dakika güncel",
2025-09-16T16:01:08.510770,cennetin çocukları,50 B+,"cennetin çocukları son dakika, cennetin çocukları güncel",
2025-09-16T16:01:09.011961,ışık ökte gözaltına alındı,10 B+,"ışık ökte gözaltına alındı güncel, ışık ökte gözaltına alındı son dakika",
2025-09-16T16:01:09.513131,ios 26 özellikleri,10 B+,"ios 26 özellikleri son dakika, ios 26 özellikleri güncel",
2025-09-16T16:01:10.014265,دوري أبطال أوروبا 2025,2 B+,"دوري أبطال أوروبا 2025 güncel, دوري أبطال أوروبا 2025 son dakika",
2025-09-16T16:01:10.515399,лига чемпионов уефа – 2025,2 B+,"лига чемпионов уефа – 2025 son dakika, лига чемпионов уефа – 2025 güncel",
2025-09-16T16:01:11.016521,teknofest istanbul,2 B+,"teknofest istanbul son dakika, teknofest istanbul güncel",
2025-09-16T16:01:11.517646,taylan kulaçoğlu,500+,"taylan kulaçoğlu güncel, taylan kulaçoğlu son dakika",
2025-09-16T16:01:12.018771,gazze,2 B+,"gazze güncel, gazze son dakika",
2025-09-16T17:01:05.283551,2025 uefa şampiyonlar ligi,500 B+,"2025 uefa şampiyonlar ligi son dakika, 2025 uefa şampiyonlar ligi güncel",
2025-09-16T17:01:05.784270,uzak şehir 29 bölüm full izle,500 B+,"uzak şehir 29 bölüm full izle son dakika, uzak şehir 29 bölüm full izle güncel",
2025-09-16T17:01:06.285376,uefa champions league 2025,50 B+,"uefa champions league 2025 son dakika, uefa champions league 2025 güncel",
2025-09-16T17:01:06.786322,robert redford,20 B+,"robert redford güncel, robert redford son dakika",
2025-09-16T17:01:07.287218,rizespor - gençlerbirliği,50 B+,"rizespor - gençlerbirliği güncel, rizespor - gençlerbirliği son dakika",
2025-09-16T17:01:07.788203,kahta 02 spor - adana demirspor,10 B+,"kahta 02 spor - adana demirspor skor, kahta 02 spor - adana demirspor sonuç, kahta 02 spor - adana demirspor maç, kahta 02 spor - adana demirspor son dakika, kahta 02 spor - adana demirspor güncel","haber kahta 02 spor - adana demirspor haberleri, takım kahta 02 spor - adana demirspor haberleri, kahta 02 spor - adana demirspor takım son dakika, lig kahta 02 spor - adana demirspor haberleri, kahta 02 spor - adana demirspor haber son dakika"
2025-09-16T17:01:08.289245,ufuk özkan son dakika,10 B+,"ufuk özkan son dakika son dakika, ufuk özkan son dakika güncel",
2025-09-16T17:01:08.790202,cennetin çocukları,50 B+,"cennetin çocukları son dakika, cennetin çocukları güncel",
2025-09-16T17:01:09.291291,ışık ökte gözaltına alındı,10 B+,"ışık ökte gözaltına alındı son dakika, ışık ökte gözaltına alındı güncel",
2025-09-16T17:01:09.792230,دوري أبطال أوروبا 2025,5 B+,"دوري أبطال أوروبا 2025 son dakika, دوري أبطال أوروبا 2025 güncel",
2025-09-16T17:01:10.293319,ios 26 özellikleri,10 B+,"ios 26 özellikleri son dakika, ios 26 özellikleri güncel",
2025-09-16T17:01:10.794350,taylan kulaçoğlu,2 B+,"taylan kulaçoğlu son dakika, taylan kulaçoğlu güncel",
2025-09-16T17:01:11.295453,лига чемпионов уефа – 2025,2 B+,"лига чемпионов уефа – 2025 son dakika, лига чемпионов уефа – 2025 güncel",
2025-09-16T17:01:11.796551,teknofest istanbul,5 B+,"teknofest istanbul güncel, teknofest istanbul son dakika",
2025-09-16T17:01:12.297649,kanald,20 B+,"kanald güncel, kanald son dakika",
2025-09-16T18:01:10.201744,2025 uefa şampiyonlar ligi,1 Mn+,"2025 uefa şampiyonlar ligi güncel, 2025 uefa şampiyonlar ligi son dakika",
2025-09-16T18:01:10.703683,uzak şehir 29 bölüm full izle,500 B+,"uzak şehir 29 bölüm full izle güncel, uzak şehir 29 bölüm full izle son dakika",
2025-09-16T18:01:11.203971,uefa champions league 2025,50 B+,"uefa champions league 2025 son dakika, uefa champions league 2025 güncel",
2025-09-16T18:01:11.704628,robert redford,20 B+,"robert redford güncel, robert redford son dakika",
2025-09-16T18:01:12.204956,kahta 02 spor - adana demirspor,10 B+,"kahta 02 spor - adana demirspor maç, kahta 02 spor - adana demirspor sonuç, sonuç kahta 02 spor - adana demirspor, kahta 02 spor - adana demirspor skor, skor kahta 02 spor - adana demirspor","takım kahta 02 spor - adana demirspor haberleri, haber kahta 02 spor - adana demirspor haberleri, kahta 02 spor - adana demirspor lig son dakika, kahta 02 spor - adana demirspor haber son dakika, kahta 02 spor - adana demirspor takım son dakika"
2025-09-16T18:01:12.705626,cennetin çocukları,50 B+,"cennetin çocukları son dakika, cennetin çocukları güncel",
2025-09-16T18:01:13.205930,ışık ökte gözaltına alındı,10 B+,"ışık ökte gözaltına alındı güncel, ışık ökte gözaltına alındı son dakika",
2025-09-16T18:01:13.706557,taylan kulaçoğlu,2 B+,"taylan kulaçoğlu son dakika, taylan kulaçoğlu güncel",
2025-09-16T18:01:14.206962,دوري أبطال أوروبا 2025,5 B+,"دوري أبطال أوروبا 2025 son dakika, دوري أبطال أوروبا 2025 güncel",
2025-09-16T18:01:14.707577,ios 26 özellikleri,10 B+,"ios 26 özellikleri son dakika, ios 26 özellikleri güncel",
2025-09-16T18:01:15.208012,лига чемпионов уефа – 2025,2 B+,"лига чемпионов уефа – 2025 son dakika, лига чемпионов уефа – 2025 güncel",
2025-09-16T18:01:15.708722,kanald,20 B+,"kanald son dakika, kanald güncel",
2025-09-16T18:01:16.208979,rizespor - gençlerbirliği,50 B+,"rizespor - gençlerbirliği son dakika, rizespor - gençlerbirliği güncel",
2025-09-16T18:01:16.709654,şampiyonlar ligi maçları hangi kanalda,1 B+,"şampiyonlar ligi maçları hangi kanalda güncel, şampiyonlar ligi maçları hangi kanalda son dakika",
2025-09-16T18:01:17.210440,gazze,2 B+,"gazze son dakika, gazze güncel",
2025-09-16T19:01:10.738493,2025 uefa şampiyonlar ligi,1 Mn+,"2025 uefa şampiyonlar ligi son dakika, 2025 uefa şampiyonlar ligi güncel",
2025-09-16T19:01:11.239056,uzak şehir 29 bölüm full izle,200 B+,"uzak şehir 29 bölüm full izle güncel, uzak şehir 29 bölüm full izle son dakika",
2025-09-16T19:01:11.739764,uefa champions league 2025,50 B+,"uefa champions league 2025 son dakika, uefa champions league 2025 güncel",
2025-09-16T19:01:12.240049,robert redford,20 B+,"robert redford güncel, robert redford son dakika",
2025-09-16T19:01:12.740813,taylan kulaçoğlu,5 B+,"taylan kulaçoğlu güncel, taylan kulaçoğlu son dakika",
2025-09-16T19:01:13.241652,kahta 02 spor - adana demirspor,10 B+,"skor kahta 02 spor - adana demirspor, kahta 02 spor - adana demirspor skor, kahta 02 spor - adana demirspor maç, kahta 02 spor - adana demirspor güncel, sonuç kahta 02 spor - adana demirspor","lig kahta 02 spor - adana demirspor haberleri, haber kahta 02 spor - adana demirspor haberleri, kahta 02 spor - adana demirspor lig son dakika, takım kahta 02 spor - adana demirspor haberleri, kahta 02 spor - adana demirspor haber son dakika"
2025-09-16T19:01:13.742086,ışık ökte gözaltına alındı,10 B+,"ışık ökte gözaltına alındı son dakika, ışık ökte gözaltına alındı güncel",
2025-09-16T19:01:14.242949,ios 26 özellikleri,10 B+,"ios 26 özellikleri son dakika, ios 26 özellikleri güncel",
2025-09-16T19:01:14.743799,cennetin çocukları,50 B+,"cennetin çocukları güncel, cennetin çocukları son dakika",
2025-09-16T19:01:15.244106,دوري أبطال أوروبا 2025,5 B+,"دوري أبطال أوروبا 2025 son dakika, دوري أبطال أوروبا 2025 güncel",
2025-09-16T19:01:15.744438,лига чемпионов уефа – 2025,2 B+,"лига чемпионов уефа – 2025 son dakika, лига чемпионов уефа – 2025 güncel",
2025-09-16T19:01:16.245124,robert redford filmleri,5 B+,"robert redford filmleri güncel, robert redford filmleri son dakika",
2025-09-16T19:01:16.745838,şampiyonlar ligi maçları hangi kanalda,2 B+,"şampiyonlar ligi maçları hangi kanalda son dakika, şampiyonlar ligi maçları hangi kanalda güncel",
2025-09-16T19:01:17.246543,sarinvomit,2 B+,"sarinvomit son dakika, sarinvomit güncel",
2025-09-16T19:01:17.747052,teknofest istanbul,5 B+,"teknofest istanbul güncel, teknofest istanbul son dakika",
2025-09-16T20:01:07.269647,2025 uefa şampiyonlar ligi,1 Mn+,"2025 uefa şampiyonlar ligi güncel, 2025 uefa şampiyonlar ligi son dakika",
2025-09-16T20:01:07.770561,uzak şehir 29 bölüm full izle,100 B+,"uzak şehir 29 bölüm full izle son dakika, uzak şehir 29 bölüm full izle güncel",
2025-09-16T20:01:08.271549,uefa champions league 2025,50 B+,"uefa champions league 2025 güncel, uefa champions league 2025 son dakika",
2025-09-16T20:01:08.772588,robert redford,20 B+,"robert redford son dakika, robert redford güncel",
2025-09-16T20:01:09.273658,athletic bilbao - arsenal,20 B+,"athletic bilbao - arsenal güncel, athletic bilbao - arsenal son dakika",
2025-09-16T20:01:09.774688,taylan kulaçoğlu,5 B+,"taylan kulaçoğlu son dakika, taylan kulaçoğlu güncel",
2025-09-16T20:01:10.275956,kahta 02 spor - adana demirspor,10 B+,"sonuç kahta 02 spor - adana demirspor, kahta 02 spor - adana demirspor sonuç, skor kahta 02 spor - adana demirspor, kahta 02 spor - adana demirspor maç, kahta 02 spor - adana demirspor skor","kahta 02 spor - adana demirspor lig son dakika, kahta 02 spor - adana demirspor takım son dakika, lig kahta 02 spor - adana demirspor haberleri, kahta 02 spor - adana demirspor haber son dakika, haber kahta 02 spor - adana demirspor haberleri"
2025-09-16T20:01:10.777035,دوري أبطال أوروبا 2025,5 B+,"دوري أبطال أوروبا 2025 son dakika, دوري أبطال أوروبا 2025 güncel",
2025-09-16T20:01:11.277951,ios 26 özellikleri,10 B+,"ios 26 özellikleri son dakika, ios 26 özellikleri güncel",
2025-09-16T20:01:11.779060,arsenal maçı hangi kanalda,5 B+,"arsenal maçı hangi kanalda güncel, arsenal maçı hangi kanalda son dakika",
2025-09-16T20:01:12.279768,ışık ökte gözaltına alındı,10 B+,"ışık ökte gözaltına alındı güncel, ışık ökte gözaltına alındı son dakika",
2025-09-16T20:01:12.779962,лига чемпионов уефа – 2025,5 B+,"лига чемпионов уефа – 2025 son dakika, лига чемпионов уефа – 2025 güncel",
2025-09-16T20:01:13.280593,robert redford filmleri,5 B+,"robert redford filmleri güncel, robert redford filmleri son dakika",
2025-09-16T20:01:13.781234,champions league,2 B+,"champions league güncel, champions league son dakika",
2025-09-16T20:01:14.281869,sarinvomit,2 B+,"sarinvomit son dakika, sarinvomit güncel",
2025-09-16T21:01:06.445016,2025 uefa şampiyonlar ligi,1 Mn+,"2025 uefa şampiyonlar ligi son dakika, 2025 uefa şampiyonlar ligi güncel",
2025-09-16T21:01:06.946133,uefa champions league 2025,50 B+,"uefa champions league 2025 güncel, uefa champions league 2025 son dakika",
2025-09-16T21:01:07.447090,athletic bilbao - arsenal,20 B+,"athletic bilbao - arsenal son dakika, athletic bilbao - arsenal güncel",
2025-09-16T21:01:07.948215,robert redford,20 B+,"robert redford güncel, robert redford son dakika",
2025-09-16T21:01:08.449380,mehmet günsür,10 B+,"mehmet günsür güncel, mehmet günsür son dakika",
2025-09-16T21:01:08.950500,şampiyonlar ligi maçları hangi kanalda,20 B+,"şampiyonlar ligi maçları hangi kanalda son dakika, şampiyonlar ligi maçları hangi kanalda güncel",
2025-09-16T21:01:09.451646,uzak şehir 29,20 B+,"uzak şehir 29 güncel, uzak şehir 29 son dakika",
2025-09-16T21:01:09.952790,taylan kulaçoğlu,10 B+,"taylan kulaçoğlu güncel, taylan kulaçoğlu son dakika",
2025-09-16T21:01:10.454011,psv - union saint-gilloise,2 B+,"psv - union saint-gilloise son dakika, psv - union saint-gilloise güncel",
2025-09-16T21:01:10.955130,hatayspor - erciyes 38,2 B+,"hatayspor - erciyes 38 son dakika, hatayspor - erciyes 38 güncel",
2025-09-16T21:01:11.456241,دوري أبطال أوروبا 2025,5 B+,"دوري أبطال أوروبا 2025 güncel, دوري أبطال أوروبا 2025 son dakika",
2025-09-16T21:01:11.957216,kahta 02 spor - adana demirspor,10 B+,"sonuç kahta 02 spor - adana demirspor, skor kahta 02 spor - adana demirspor, maç kahta 02 spor - adana demirspor, kahta 02 spor - adana demirspor skor, kahta 02 spor - adana demirspor son dakika","lig kahta 02 spor - adana demirspor haberleri, kahta 02 spor - adana demirspor haber son dakika, takım kahta 02 spor - adana demirspor haberleri, kahta 02 spor - adana demirspor lig son dakika, kahta 02 spor - adana demirspor takım son dakika"
2025-09-16T21:01:12.458377,ışık ökte gözaltına alındı,10 B+,"ışık ökte gözaltına alındı son dakika, ışık ökte gözaltına alındı güncel",
2025-09-16T21:01:12.959440,ios 26 özellikleri,10 B+,"ios 26 özellikleri güncel, ios 26 özellikleri son dakika",
2025-09-16T21:01:13.460556,real madrid marsilya hangi kanalda,5 B+,"real madrid marsilya hangi kanalda son dakika, real madrid marsilya hangi kanalda güncel",
2025-09-16T22:01:05.203153,2025 uefa şampiyonlar ligi,1 Mn+,"2025 uefa şampiyonlar ligi güncel, 2025 uefa şampiyonlar ligi son dakika",
2025-09-16T22:01:05.704141,real madrid - marsilya,100 B+,"real madrid - marsilya güncel, real madrid - marsilya son dakika",
2025-09-16T22:01:06.205206,uefa champions league 2025,50 B+,"uefa champions league 2025 güncel, uefa champions league 2025 son dakika",
2025-09-16T22:01:06.706353,athletic bilbao - arsenal,50 B+,"athletic bilbao - arsenal güncel, athletic bilbao - arsenal son dakika",
2025-09-16T22:01:07.207490,robert redford,20 B+,"robert redford güncel, robert redford son dakika",
2025-09-16T22:01:07.708654,mehmet günsür,20 B+,"mehmet günsür son dakika, mehmet günsür güncel",
2025-09-16T22:01:08.209718,juventus - borussia dortmund,10 B+,"juventus - borussia dortmund son dakika, juventus - borussia dortmund güncel",
2025-09-16T22:01:08.710154,şampiyonlar ligi maçları hangi kanalda,20 B+,"şampiyonlar ligi maçları hangi kanalda son dakika, şampiyonlar ligi maçları hangi kanalda güncel",
2025-09-16T22:01:09.211318,real madrid,10 B+,"real madrid güncel, real madrid son dakika",
2025-09-16T22:01:09.712490,الريال ضد أولمبيك مارسيليا,5 B+,"الريال ضد أولمبيك مارسيليا son dakika, الريال ضد أولمبيك مارسيليا güncel",
2025-09-16T22:01:10.213599,uzak şehir 29,20 B+,"uzak şehir 29 son dakika, uzak şehir 29 güncel",
2025-09-16T22:01:10.714708,psv - union saint-gilloise,5 B+,"psv - union saint-gilloise son dakika, psv - union saint-gilloise güncel",
2025-09-16T22:01:11.215820,taylan kulaçoğlu,10 B+,"taylan kulaçoğlu son dakika, taylan kulaçoğlu güncel",
2025-09-16T22:01:11.717046,hatayspor - erciyes 38,5 B+,"hatayspor - erciyes 38 son dakika, hatayspor - erciyes 38 güncel",
2025-09-16T22:01:12.218225,ışık ökte gözaltına alındı,20 B+,"ışık ökte gözaltına alındı son dakika, ışık ökte gözaltına alındı güncel",
2025-09-16T23:01:05.372887,2025 uefa şampiyonlar ligi,1 Mn+,"2025 uefa şampiyonlar ligi güncel, 2025 uefa şampiyonlar ligi son dakika",
2025-09-16T23:01:05.873947,real madrid - marsilya,200 B+,"real madrid - marsilya son dakika, real madrid - marsilya güncel",
2025-09-16T23:01:06.375019,uefa champions league 2025,100 B+,"uefa champions league 2025 güncel, uefa champions league 2025 son dakika",
2025-09-16T23:01:06.876092,real madrid,50 B+,"real madrid son dakika, real madrid güncel",
2025-09-16T23:01:07.377182,robert redford,20 B+,"robert redford güncel, robert redford son dakika",
2025-09-16T23:01:07.878343,juventus - borussia dortmund,20 B+,"juventus - borussia dortmund güncel, juventus - borussia dortmund son dakika",
2025-09-16T23:01:08.379495,athletic bilbao - arsenal,20 B+,"athletic bilbao - arsenal son dakika, athletic bilbao - arsenal güncel",
2025-09-16T23:01:08.879979,kıskanmak dizisi oyuncuları,20 B+,"kıskanmak dizisi oyuncuları güncel, kıskanmak dizisi oyuncuları son dakika",
2025-09-16T23:01:09.381125,arsenal,20 B+,"arsenal son dakika, arsenal güncel",
2025-09-16T23:01:09.882309,الريال ضد أولمبيك مارسيليا,10 B+,"الريال ضد أولمبيك مارسيليا güncel, الريال ضد أولمبيك مارسيليا son dakika",
2025-09-16T23:01:10.383479,şampiyonlar ligi maçları hangi kanalda,20 B+,"şampiyonlar ligi maçları hangi kanalda son dakika, şampiyonlar ligi maçları hangi kanalda güncel",
2025-09-16T23:01:10.884226,emre bozkurt,5 B+,"emre bozkurt güncel, emre bozkurt son dakika",
2025-09-16T23:01:11.385393,hatayspor - erciyes 38,10 B+,"hatayspor - erciyes 38 son dakika, hatayspor - erciyes 38 güncel",
2025-09-16T23:01:11.886490,psv - union saint-gilloise,10 B+,"psv - union saint-gilloise güncel, psv - union saint-gilloise son dakika",
2025-09-16T23:01:12.387644,taylan kulaçoğlu,10 B+,"taylan kulaçoğlu son dakika, taylan kulaçoğlu güncel",
2025-09-17T00:01:06.281381,2025 uefa şampiyonlar ligi,1 Mn+,"2025 uefa şampiyonlar ligi güncel, 2025 uefa şampiyonlar ligi son dakika",
2025-09-17T00:01:06.782390,real madrid - marsilya,200 B+,"real madrid - marsilya son dakika, real madrid - marsilya güncel",
2025-09-17T00:01:07.283535,uefa champions league 2025,50 B+,"uefa champions league 2025 son dakika, uefa champions league 2025 güncel",
2025-09-17T00:01:07.784598,real madrid,50 B+,"real madrid güncel, real madrid son dakika",
2025-09-17T00:01:08.285661,juventus - borussia dortmund,50 B+,"juventus - borussia dortmund son dakika, juventus - borussia dortmund güncel",
2025-09-17T00:01:08.786725,kıskanmak dizisi oyuncuları,50 B+,"kıskanmak dizisi oyuncuları güncel, kıskanmak dizisi oyuncuları son dakika",
2025-09-17T00:01:09.287708,robert redford,20 B+,"robert redford son dakika, robert redford güncel",
2025-09-17T00:01:09.788708,athletic bilbao - arsenal,50 B+,"athletic bilbao - arsenal son dakika, athletic bilbao - arsenal güncel",
2025-09-17T00:01:10.289919,tottenham - villarreal,20 B+,"tottenham - villarreal güncel, tottenham - villarreal son dakika",
2025-09-17T00:01:10.791127,juventus,20 B+,"juventus son dakika, juventus güncel",
2025-09-17T00:01:11.292305,الريال ضد أولمبيك مارسيليا,10 B+,"الريال ضد أولمبيك مارسيليا son dakika, الريال ضد أولمبيك مارسيليا güncel",
2025-09-17T00:01:11.793423,emre bozkurt,5 B+,"emre bozkurt son dakika, emre bozkurt güncel",
2025-09-17T00:01:12.294518,taylan kulaçoğlu,10 B+,"taylan kulaçoğlu son dakika, taylan kulaçoğlu güncel",
2025-09-17T00:01:12.795585,dortmund,5 B+,"dortmund güncel, dortmund son dakika",
2025-09-17T00:01:13.296708,şampiyonlar ligi maçları hangi kanalda,10 B+,"şampiyonlar ligi maçları hangi kanalda güncel, şampiyonlar ligi maçları hangi kanalda son dakika",
2025-09-17T01:01:04.247346,real madrid - marsilya,200 B+,"real madrid - marsilya güncel, real madrid - marsilya son dakika",
2025-09-17T01:01:04.748121,şampiyonlar ligi,200 B+,"şampiyonlar ligi son dakika, şampiyonlar ligi güncel",
2025-09-17T01:01:05.249161,real madrid,100 B+,"real madrid son dakika, real madrid güncel",
2025-09-17T01:01:05.750271,kıskanmak dizisi oyuncuları,50 B+,"kıskanmak dizisi oyuncuları son dakika, kıskanmak dizisi oyuncuları güncel",
2025-09-17T01:01:06.251428,robert redford,50 B+,"robert redford güncel, robert redford son dakika",
2025-09-17T01:01:06.752594,juventus,20 B+,"juventus son dakika, juventus güncel",
2025-09-17T01:01:07.253664,athletic bilbao - arsenal,50 B+,"athletic bilbao - arsenal son dakika, athletic bilbao - arsenal güncel",
2025-09-17T01:01:07.754226,tottenham - villarreal,50 B+,"tottenham - villarreal son dakika, tottenham - villarreal güncel",
2025-09-17T01:01:08.255391,emre bozkurt,10 B+,"emre bozkurt güncel, emre bozkurt son dakika",
2025-09-17T01:01:08.756566,الريال ضد أولمبيك مارسيليا,10 B+,"الريال ضد أولمبيك مارسيليا güncel, الريال ضد أولمبيك مارسيليا son dakika",
2025-09-17T01:01:09.257730,dortmund,5 B+,"dortmund güncel, dortmund son dakika",
2025-09-17T01:01:09.759022,taylan kulaçoğlu,10 B+,"taylan kulaçoğlu güncel, taylan kulaçoğlu son dakika",
2025-09-17T01:01:10.260148,ışık ökte gözaltına alındı,20 B+,"ışık ökte gözaltına alındı son dakika, ışık ökte gözaltına alındı güncel",
2025-09-17T01:01:10.761249,real madrid vs marseille,10 B+,"real madrid vs marseille son dakika, real madrid vs marseille güncel",
2025-09-17T01:01:11.262417,psv - union saint-gilloise,10 B+,"psv - union saint-gilloise güncel, psv - union saint-gilloise son dakika",
2025-09-17T02:01:03.371553,real madrid - marsilya,200 B+,"real madrid - marsilya son dakika, real madrid - marsilya güncel",
2025-09-17T02:01:03.872600,kıskanmak dizisi oyuncuları,50 B+,"kıskanmak dizisi oyuncuları güncel, kıskanmak dizisi oyuncuları son dakika",
2025-09-17T02:01:04.373622,juventus - borussia dortmund,100 B+,"juventus - borussia dortmund son dakika, juventus - borussia dortmund güncel",
2025-09-17T02:01:04.874729,robert redford,50 B+,"robert redford güncel, robert redford son dakika",
2025-09-17T02:01:05.375950,real madrid,100 B+,"real madrid güncel, real madrid son dakika",
2025-09-17T02:01:05.877108,juventus,20 B+,"juventus güncel, juventus son dakika",
2025-09-17T02:01:06.378259,emre bozkurt,10 B+,"emre bozkurt son dakika, emre bozkurt güncel",
2025-09-17T02:01:06.879420,athletic bilbao - arsenal,50 B+,"athletic bilbao - arsenal güncel, athletic bilbao - arsenal son dakika",
2025-09-17T02:01:07.380585,tottenham - villarreal,20 B+,"tottenham - villarreal güncel, tottenham - villarreal son dakika",
2025-09-17T02:01:07.881799,taylan kulaçoğlu,10 B+,"taylan kulaçoğlu son dakika, taylan kulaçoğlu güncel",
2025-09-17T02:01:08.383000,الريال ضد أولمبيك مارسيليا,10 B+,"الريال ضد أولمبيك مارسيليا son dakika, الريال ضد أولمبيك مارسيليا güncel",
2025-09-17T02:01:08.883680,dortmund,10 B+,"dortmund güncel, dortmund son dakika",
2025-09-17T02:01:09.384780,asgari ücret zammı 2026,5 B+,"asgari ücret zammı 2026 son dakika, asgari ücret zammı 2026 güncel",
2025-09-17T02:01:09.885763,bahar 50 bölüm izle,10 B+,"bahar 50 bölüm izle son dakika, bahar 50 bölüm izle güncel",
2025-09-17T02:01:10.387086,fatih sultan mehmet,5 B+,"fatih sultan mehmet son dakika, fatih sultan mehmet güncel",
2025-09-17T03:01:04.513813,real madrid - marsilya,200 B+,"real madrid - marsilya güncel, real madrid - marsilya son dakika",
2025-09-17T03:01:05.014972,kıskanmak dizisi oyuncuları,50 B+,"kıskanmak dizisi oyuncuları güncel, kıskanmak dizisi oyuncuları son dakika",
2025-09-17T03:01:05.516136,robert redford,50 B+,"robert redford güncel, robert redford son dakika",
2025-09-17T03:01:06.017171,juventus - borussia dortmund,100 B+,"juventus - borussia dortmund son dakika, juventus - borussia dortmund güncel",
2025-09-17T03:01:06.518131,real madrid,100 B+,"real madrid son dakika, real madrid güncel",
2025-09-17T03:01:07.019144,emre bozkurt,10 B+,"emre bozkurt güncel, emre bozkurt son dakika",
2025-09-17T03:01:07.520259,juventus,50 B+,"juventus son dakika, juventus güncel",
2025-09-17T03:01:08.021390,athletic bilbao - arsenal,50 B+,"athletic bilbao - arsenal son dakika, athletic bilbao - arsenal güncel",
2025-09-17T03:01:08.522478,taylan kulaçoğlu,10 B+,"taylan kulaçoğlu son dakika, taylan kulaçoğlu güncel",
2025-09-17T03:01:09.023608,tottenham - villarreal,20 B+,"tottenham - villarreal güncel, tottenham - villarreal son dakika",
2025-09-17T03:01:09.524739,asgari ücret zammı 2026,5 B+,"asgari ücret zammı 2026 güncel, asgari ücret zammı 2026 son dakika",
2025-09-17T03:01:10.025943,الريال ضد أولمبيك مارسيليا,10 B+,"الريال ضد أولمبيك مارسيليا güncel, الريال ضد أولمبيك مارسيليا son dakika",
2025-09-17T03:01:10.526920,dortmund,10 B+,"dortmund son dakika, dortmund güncel",
2025-09-17T03:01:11.028079,fatih sultan mehmet,5 B+,"fatih sultan mehmet güncel, fatih sultan mehmet son dakika",
2025-09-17T03:01:11.529227,bahar 50 bölüm izle,10 B+,"bahar 50 bölüm izle son dakika, bahar 50 bölüm izle güncel",
2025-09-17T04:01:03.914696,real madrid - marsilya,200 B+,"real madrid - marsilya güncel, real madrid - marsilya son dakika",
2025-09-17T04:01:04.415722,juventus - borussia dortmund,100 B+,"juventus - borussia dortmund son dakika, juventus - borussia dortmund güncel",
2025-09-17T04:01:04.916930,robert redford,50 B+,"robert redford güncel, robert redford son dakika",
2025-09-17T04:01:05.418023,özgü namal,50 B+,"özgü namal son dakika, özgü namal güncel",
2025-09-17T04:01:05.919161,real madrid,100 B+,"real madrid güncel, real madrid son dakika",
2025-09-17T04:01:06.420325,emre bozkurt,10 B+,"emre bozkurt son dakika, emre bozkurt güncel",
2025-09-17T04:01:06.921470,juventus,50 B+,"juventus güncel, juventus son dakika",
2025-09-17T04:01:07.422350,tottenham - villarreal,20 B+,"tottenham - villarreal güncel, tottenham - villarreal son dakika",
2025-09-17T04:01:07.923100,taylan kulaçoğlu,10 B+,"taylan kulaçoğlu son dakika, taylan kulaçoğlu güncel",
2025-09-17T04:01:08.424217,الريال ضد أولمبيك مارسيليا,10 B+,"الريال ضد أولمبيك مارسيليا güncel, الريال ضد أولمبيك مارسيليا son dakika",
2025-09-17T04:01:08.925349,asgari ücret zammı 2026,5 B+,"asgari ücret zammı 2026 güncel, asgari ücret zammı 2026 son dakika",
2025-09-17T04:01:09.426458,dortmund,10 B+,"dortmund güncel, dortmund son dakika",
2025-09-17T04:01:09.927530,fatih sultan mehmet,5 B+,"fatih sultan mehmet son dakika, fatih sultan mehmet güncel",
2025-09-17T04:01:10.428646,ozan canyürek,2 B+,"ozan canyürek güncel, ozan canyürek son dakika",
2025-09-17T04:01:10.929923,bahar son bölüm,10 B+,"bahar son bölüm son dakika, bahar son bölüm güncel",
2025-09-17T05:01:04.705977,real madrid - marsilya,200 B+,"real madrid - marsilya son dakika, real madrid - marsilya güncel",
2025-09-17T05:01:05.207081,juventus - borussia dortmund,100 B+,"juventus - borussia dortmund son dakika, juventus - borussia dortmund güncel",
2025-09-17T05:01:05.708122,robert redford,50 B+,"robert redford son dakika, robert redford güncel",
2025-09-17T05:01:06.209275,real madrid,100 B+,"real madrid güncel, real madrid son dakika",
2025-09-17T05:01:06.710433,emre bozkurt,10 B+,"emre bozkurt güncel, emre bozkurt son dakika",
2025-09-17T05:01:07.211630,athletic bilbao - arsenal,50 B+,"athletic bilbao - arsenal güncel, athletic bilbao - arsenal son dakika",
2025-09-17T05:01:07.712790,juventus,50 B+,"juventus son dakika, juventus güncel",
2025-09-17T05:01:08.214065,özgü namal,50 B+,"özgü namal güncel, özgü namal son dakika",
2025-09-17T05:01:08.715238,الريال ضد أولمبيك مارسيليا,10 B+,"الريال ضد أولمبيك مارسيليا güncel, الريال ضد أولمبيك مارسيليا son dakika",
2025-09-17T05:01:09.216396,tottenham - villarreal,20 B+,"tottenham - villarreal güncel, tottenham - villarreal son dakika",
2025-09-17T05:01:09.717556,asgari ücret zammı 2026,5 B+,"asgari ücret zammı 2026 son dakika, asgari ücret zammı 2026 güncel",
2025-09-17T05:01:10.218728,ozan canyürek,2 B+,"ozan canyürek son dakika, ozan canyürek güncel",
2025-09-17T05:01:10.719956,inter miami - seattle sounders,2 B+,"inter miami - seattle sounders son dakika, inter miami - seattle sounders güncel",
2025-09-17T05:01:11.221130,champions league,10 B+,"champions league son dakika, champions league güncel",
2025-09-17T05:01:11.722300,taylan kulaçoğlu,10 B+,"taylan kulaçoğlu güncel, taylan kulaçoğlu son dakika",
2025-09-17T06:01:03.620241,real madrid - marsilya,200 B+,"real madrid - marsilya güncel, real madrid - marsilya son dakika",
2025-09-17T06:01:04.121176,juventus - borussia dortmund,100 B+,"juventus - borussia dortmund güncel, juventus - borussia dortmund son dakika",
2025-09-17T06:01:04.621808,robert redford,50 B+,"robert redford son dakika, robert redford güncel",
2025-09-17T06:01:05.122810,real madrid,100 B+,"real madrid güncel, real madrid son dakika",
2025-09-17T06:01:05.623981,juventus,50 B+,"juventus güncel, juventus son dakika",
2025-09-17T06:01:06.125137,kıskanmak dizisi oyuncuları,50 B+,"kıskanmak dizisi oyuncuları güncel, kıskanmak dizisi oyuncuları son dakika",
2025-09-17T06:01:06.626270,tottenham - villarreal,20 B+,"tottenham - villarreal güncel, tottenham - villarreal son dakika",
2025-09-17T06:01:07.127371,emre bozkurt,10 B+,"emre bozkurt güncel, emre bozkurt son dakika",
2025-09-17T06:01:07.628475,الريال ضد أولمبيك مارسيليا,10 B+,"الريال ضد أولمبيك مارسيليا son dakika, الريال ضد أولمبيك مارسيليا güncel",
2025-09-17T06:01:08.129639,taylan kulaçoğlu,10 B+,"taylan kulaçoğlu son dakika, taylan kulaçoğlu güncel",
2025-09-17T06:01:08.630799,inter miami - seattle sounders,2 B+,"inter miami - seattle sounders güncel, inter miami - seattle sounders son dakika",
2025-09-17T06:01:09.132093,ozan canyürek,2 B+,"ozan canyürek güncel, ozan canyürek son dakika",
2025-09-17T06:01:09.633253,brentford - aston villa,2 B+,"brentford - aston villa güncel, brentford - aston villa son dakika",
2025-09-17T06:01:10.134414,hatayspor - erciyes 38,10 B+,"hatayspor - erciyes 38 son dakika, hatayspor - erciyes 38 güncel",
2025-09-17T06:01:10.635583,asgari ücret zammı 2026,5 B+,"asgari ücret zammı 2026 güncel, asgari ücret zammı 2026 son dakika",
2025-09-17T07:01:04.147401,real madrid - marsilya,200 B+,"real madrid - marsilya son dakika, real madrid - marsilya güncel",
2025-09-17T07:01:04.648190,juventus - borussia dortmund,100 B+,"juventus - borussia dortmund güncel, juventus - borussia dortmund son dakika",
2025-09-17T07:01:05.149317,robert redford,50 B+,"robert redford son dakika, robert redford güncel",
2025-09-17T07:01:05.650426,real madrid,100 B+,"real madrid son dakika, real madrid güncel",
2025-09-17T07:01:06.151338,tottenham - villarreal,20 B+,"tottenham - villarreal güncel, tottenham - villarreal son dakika",
2025-09-17T07:01:06.652507,athletic bilbao - arsenal,50 B+,"athletic bilbao - arsenal güncel, athletic bilbao - arsenal son dakika",
2025-09-17T07:01:07.153670,juventus,50 B+,"juventus güncel, juventus son dakika",
2025-09-17T07:01:07.654817,emre bozkurt,10 B+,"emre bozkurt güncel, emre bozkurt son dakika",
2025-09-17T07:01:08.156127,kıskanmak dizisi oyuncuları,50 B+,"kıskanmak dizisi oyuncuları son dakika, kıskanmak dizisi oyuncuları güncel",
2025-09-17T07:01:08.657339,الريال ضد أولمبيك مارسيليا,10 B+,"الريال ضد أولمبيك مارسيليا güncel, الريال ضد أولمبيك مارسيليا son dakika",
2025-09-17T07:01:09.158500,champions league,10 B+,"champions league son dakika, champions league güncel",
2025-09-17T07:01:09.659642,taylan kulaçoğlu,10 B+,"taylan kulaçoğlu son dakika, taylan kulaçoğlu güncel",
2025-09-17T07:01:10.160729,inter miami - seattle sounders,2 B+,"inter miami - seattle sounders son dakika, inter miami - seattle sounders güncel",
2025-09-17T07:01:10.661947,brentford - aston villa,2 B+,"brentford - aston villa güncel, brentford - aston villa son dakika",
2025-09-17T07:01:11.162178,dortmund,10 B+,"dortmund son dakika, dortmund güncel",
2025-09-17T08:01:05.463176,real madrid - marsilya,200 B+,"real madrid - marsilya son dakika, real madrid - marsilya güncel",
2025-09-17T08:01:05.964187,juventus - borussia dortmund,100 B+,"juventus - borussia dortmund güncel, juventus - borussia dortmund son dakika",
2025-09-17T08:01:06.465233,robert redford,50 B+,"robert redford son dakika, robert redford güncel",
2025-09-17T08:01:06.966368,real madrid,100 B+,"real madrid son dakika, real madrid güncel",
2025-09-17T08:01:07.467418,juventus,50 B+,"juventus son dakika, juventus güncel",
2025-09-17T08:01:07.968518,emre bozkurt,10 B+,"emre bozkurt son dakika, emre bozkurt güncel",
2025-09-17T08:01:08.469673,tottenham - villarreal,20 B+,"tottenham - villarreal güncel, tottenham - villarreal son dakika",
2025-09-17T08:01:08.970781,athletic bilbao - arsenal,50 B+,"athletic bilbao - arsenal son dakika, athletic bilbao - arsenal güncel",
2025-09-17T08:01:09.471805,kıskanmak dizisi oyuncuları,50 B+,"kıskanmak dizisi oyuncuları son dakika, kıskanmak dizisi oyuncuları güncel",
2025-09-17T08:01:09.973005,inter miami - seattle sounders,5 B+,"inter miami - seattle sounders güncel, inter miami - seattle sounders son dakika",
2025-09-17T08:01:10.474099,الريال ضد أولمبيك مارسيليا,10 B+,"الريال ضد أولمبيك مارسيليا son dakika, الريال ضد أولمبيك مارسيليا güncel",
2025-09-17T08:01:10.975071,taylan kulaçoğlu,10 B+,"taylan kulaçoğlu son dakika, taylan kulaçoğlu güncel",
2025-09-17T08:01:11.476004,dortmund,10 B+,"dortmund son dakika, dortmund güncel",
2025-09-17T08:01:11.976819,ozan canyürek,5 B+,"ozan canyürek güncel, ozan canyürek son dakika",
2025-09-17T08:01:12.477699,brentford - aston villa,2 B+,"brentford - aston villa son dakika, brentford - aston villa güncel",
2025-09-17T09:01:03.744506,real madrid - marsilya,500 B+,"real madrid - marsilya son dakika, real madrid - marsilya güncel",
2025-09-17T09:01:04.245467,juventus - borussia dortmund,50 B+,"juventus - borussia dortmund güncel, juventus - borussia dortmund son dakika",
2025-09-17T09:01:04.746615,robert redford,50 B+,"robert redford son dakika, robert redford güncel",
2025-09-17T09:01:05.247729,real madrid,100 B+,"real madrid güncel, real madrid son dakika",
2025-09-17T09:01:05.748840,kıskanmak dizisi oyuncuları,50 B+,"kıskanmak dizisi oyuncuları son dakika, kıskanmak dizisi oyuncuları güncel",
2025-09-17T09:01:06.250101,emre bozkurt,20 B+,"emre bozkurt son dakika, emre bozkurt güncel",
2025-09-17T09:01:06.751159,athletic bilbao - arsenal,50 B+,"athletic bilbao - arsenal güncel, athletic bilbao - arsenal son dakika",
2025-09-17T09:01:07.252252,juventus,50 B+,"juventus son dakika, juventus güncel",
2025-09-17T09:01:07.753422,tottenham - villarreal,20 B+,"tottenham - villarreal güncel, tottenham - villarreal son dakika",
2025-09-17T09:01:08.254585,taylan kulaçoğlu,10 B+,"taylan kulaçoğlu son dakika, taylan kulaçoğlu güncel",
2025-09-17T09:01:08.755744,champions league,10 B+,"champions league güncel, champions league son dakika",
2025-09-17T09:01:09.256970,inter miami - seattle sounders,5 B+,"inter miami - seattle sounders güncel, inter miami - seattle sounders son dakika",
2025-09-17T09:01:09.758143,bahar son bölüm,20 B+,"bahar son bölüm son dakika, bahar son bölüm güncel",
2025-09-17T09:01:10.259311,dortmund,10 B+,"dortmund güncel, dortmund son dakika",
2025-09-17T09:01:10.760469,psv - union saint-gilloise,10 B+,"psv - union saint-gilloise son dakika, psv - union saint-gilloise güncel",
2025-09-17T10:01:04.756506,real madrid - marsilya,200 B+,"real madrid - marsilya son dakika, real madrid - marsilya güncel",
2025-09-17T10:01:05.257526,juventus - borussia dortmund,50 B+,"juventus - borussia dortmund son dakika, juventus - borussia dortmund güncel",
2025-09-17T10:01:05.758678,robert redford,50 B+,"robert redford güncel, robert redford son dakika",
2025-09-17T10:01:06.259740,kıskanmak dizisi oyuncuları,50 B+,"kıskanmak dizisi oyuncuları son dakika, kıskanmak dizisi oyuncuları güncel",
2025-09-17T10:01:06.760822,emre bozkurt,20 B+,"emre bozkurt son dakika, emre bozkurt güncel",
2025-09-17T10:01:07.262098,athletic bilbao - arsenal,50 B+,"athletic bilbao - arsenal güncel, athletic bilbao - arsenal son dakika",
2025-09-17T10:01:07.763118,bahar son bölüm,20 B+,"bahar son bölüm güncel, bahar son bölüm son dakika",
2025-09-17T10:01:08.264248,taylan kulaçoğlu,10 B+,"taylan kulaçoğlu son dakika, taylan kulaçoğlu güncel",
2025-09-17T10:01:08.765370,tottenham - villarreal,20 B+,"tottenham - villarreal güncel, tottenham - villarreal son dakika",
2025-09-17T10:01:09.266599,inter miami - seattle sounders,5 B+,"inter miami - seattle sounders güncel, inter miami - seattle sounders son dakika",
2025-09-17T10:01:09.767760,champions league,10 B+,"champions league güncel, champions league son dakika",
2025-09-17T10:01:10.268984,teknofest,10 B+,"teknofest son dakika, teknofest güncel",
2025-09-17T10:01:10.770102,dortmund,10 B+,"dortmund son dakika, dortmund güncel",
2025-09-17T10:01:11.271184,psv - union saint-gilloise,10 B+,"psv - union saint-gilloise güncel, psv - union saint-gilloise son dakika",
2025-09-17T10:01:11.772193,real madrid,100 B+,"real madrid son dakika, real madrid güncel",
2025-09-17T11:01:04.817094,real madrid - marsilya,200 B+,"real madrid - marsilya güncel, real madrid - marsilya son dakika",
2025-09-17T11:01:05.318046,juventus - borussia dortmund,50 B+,"juventus - borussia dortmund son dakika, juventus - borussia dortmund güncel",
2025-09-17T11:01:05.819138,robert redford,50 B+,"robert redford güncel, robert redford son dakika",
2025-09-17T11:01:06.320269,kıskanmak dizisi oyuncuları,100 B+,"kıskanmak dizisi oyuncuları son dakika, kıskanmak dizisi oyuncuları güncel",
2025-09-17T11:01:06.821368,emre bozkurt,20 B+,"emre bozkurt son dakika, emre bozkurt güncel",
2025-09-17T11:01:07.322523,bahar son bölüm,20 B+,"bahar son bölüm son dakika, bahar son bölüm güncel",
2025-09-17T11:01:07.823686,taylan kulaçoğlu,10 B+,"taylan kulaçoğlu son dakika, taylan kulaçoğlu güncel",
2025-09-17T11:01:08.324192,teknofest,10 B+,"teknofest son dakika, teknofest güncel",
2025-09-17T11:01:08.825364,tottenham - villarreal,20 B+,"tottenham - villarreal güncel, tottenham - villarreal son dakika",
2025-09-17T11:01:09.326519,champions league,10 B+,"champions league güncel, champions league son dakika",
2025-09-17T11:01:09.827683,inter miami - seattle sounders,5 B+,"inter miami - seattle sounders güncel, inter miami - seattle sounders son dakika",
2025-09-17T11:01:10.328798,mourinho,5 B+,"mourinho güncel, mourinho son dakika",
2025-09-17T11:01:10.830061,real madrid,100 B+,"real madrid son dakika, real madrid güncel",
2025-09-17T11:01:11.331222,fatih sultan mehmet,5 B+,"fatih sultan mehmet son dakika, fatih sultan mehmet güncel",
2025-09-17T11:01:11.832397,union saint-gilloise,10 B+,"union saint-gilloise güncel, union saint-gilloise son dakika",
2025-09-17T12:01:07.810297,real madrid - marsilya,500 B+,"real madrid - marsilya son dakika, real madrid - marsilya güncel",
2025-09-17T12:01:08.311290,robert redford,50 B+,"robert redford güncel, robert redford son dakika",
2025-09-17T12:01:08.811923,juventus - borussia dortmund,50 B+,"juventus - borussia dortmund güncel, juventus - borussia dortmund son dakika",
2025-09-17T12:01:09.313067,kıskanmak dizisi oyuncuları,100 B+,"kıskanmak dizisi oyuncuları güncel, kıskanmak dizisi oyuncuları son dakika",
2025-09-17T12:01:09.813990,emre bozkurt,20 B+,"emre bozkurt güncel, emre bozkurt son dakika",
2025-09-17T12:01:10.314744,bahar son bölüm,20 B+,"bahar son bölüm son dakika, bahar son bölüm güncel",
2025-09-17T12:01:10.815747,teknofest,20 B+,"teknofest son dakika, teknofest güncel",
2025-09-17T12:01:11.316817,taylan kulaçoğlu,10 B+,"taylan kulaçoğlu güncel, taylan kulaçoğlu son dakika",
2025-09-17T12:01:11.817728,mourinho,10 B+,"mourinho son dakika, mourinho güncel",
2025-09-17T12:01:12.318815,tottenham - villarreal,10 B+,"tottenham - villarreal güncel, tottenham - villarreal son dakika",
2025-09-17T12:01:12.819529,inter miami - seattle sounders,5 B+,"inter miami - seattle sounders güncel, inter miami - seattle sounders son dakika",
2025-09-17T12:01:13.320233,champions league,10 B+,"champions league güncel, champions league son dakika",
2025-09-17T12:01:13.821220,real madrid,100 B+,"real madrid güncel, real madrid son dakika",
2025-09-17T12:01:14.322270,fatih sultan mehmet,5 B+,"fatih sultan mehmet güncel, fatih sultan mehmet son dakika",
2025-09-17T12:01:14.823222,afgan,1 B+,"afgan güncel, afgan son dakika",
2025-09-17T13:01:04.583576,real madrid - marsilya,500 B+,"real madrid - marsilya güncel, real madrid - marsilya son dakika",
2025-09-17T13:01:05.084575,robert redford,50 B+,"robert redford güncel, robert redford son dakika",
2025-09-17T13:01:05.585725,juventus - borussia dortmund,50 B+,"juventus - borussia dortmund güncel, juventus - borussia dortmund son dakika",
2025-09-17T13:01:06.086954,kıskanmak dizisi oyuncuları,50 B+,"kıskanmak dizisi oyuncuları güncel, kıskanmak dizisi oyuncuları son dakika",
2025-09-17T13:01:06.588108,emre bozkurt,20 B+,"emre bozkurt güncel, emre bozkurt son dakika",
2025-09-17T13:01:07.089242,bahar son bölüm,20 B+,"bahar son bölüm güncel, bahar son bölüm son dakika",
2025-09-17T13:01:07.590392,teknofest istanbul,20 B+,"teknofest istanbul güncel, teknofest istanbul son dakika",
2025-09-17T13:01:08.091504,taylan kulaçoğlu,10 B+,"taylan kulaçoğlu güncel, taylan kulaçoğlu son dakika",
2025-09-17T13:01:08.592654,mourinho,10 B+,"mourinho son dakika, mourinho güncel",
2025-09-17T13:01:09.093781,inter miami - seattle sounders,5 B+,"inter miami - seattle sounders güncel, inter miami - seattle sounders son dakika",
2025-09-17T13:01:09.595036,selahattin paşalı,5 B+,"selahattin paşalı son dakika, selahattin paşalı güncel",
2025-09-17T13:01:10.096172,orkun özeller,2 B+,"orkun özeller son dakika, orkun özeller güncel",
2025-09-17T13:01:10.597123,real madrid,100 B+,"real madrid güncel, real madrid son dakika",
2025-09-17T13:01:11.098259,adalet bakanlığı promosyon,2 B+,"adalet bakanlığı promosyon güncel, adalet bakanlığı promosyon son dakika",
2025-09-17T13:01:11.599199,şampiyonlar ligi özet,20 B+,"şampiyonlar ligi özet son dakika, şampiyonlar ligi özet güncel",
2025-09-17T14:01:04.335350,real madrid - marsilya,500 B+,"real madrid - marsilya güncel, real madrid - marsilya son dakika",
2025-09-17T14:01:04.836386,robert redford,50 B+,"robert redford son dakika, robert redford güncel",
2025-09-17T14:01:05.337450,juventus - borussia dortmund,50 B+,"juventus - borussia dortmund son dakika, juventus - borussia dortmund güncel",
2025-09-17T14:01:05.838554,kıskanmak dizisi oyuncuları,100 B+,"kıskanmak dizisi oyuncuları son dakika, kıskanmak dizisi oyuncuları güncel",
2025-09-17T14:01:06.339173,emre bozkurt,20 B+,"emre bozkurt son dakika, emre bozkurt güncel",
2025-09-17T14:01:06.840323,bahar son bölüm,20 B+,"bahar son bölüm son dakika, bahar son bölüm güncel",
2025-09-17T14:01:07.341485,taylan kulaçoğlu,10 B+,"taylan kulaçoğlu güncel, taylan kulaçoğlu son dakika",
2025-09-17T14:01:07.842536,mourinho,10 B+,"mourinho güncel, mourinho son dakika",
2025-09-17T14:01:08.343630,teknofest istanbul,10 B+,"teknofest istanbul güncel, teknofest istanbul son dakika",
2025-09-17T14:01:08.844162,orkun özeller,2 B+,"orkun özeller son dakika, orkun özeller güncel",
2025-09-17T14:01:09.345120,selahattin paşalı,5 B+,"selahattin paşalı son dakika, selahattin paşalı güncel",
2025-09-17T14:01:09.846319,inter miami - seattle sounders,5 B+,"inter miami - seattle sounders güncel, inter miami - seattle sounders son dakika",
2025-09-17T14:01:10.347403,adalet bakanlığı promosyon,2 B+,"adalet bakanlığı promosyon son dakika, adalet bakanlığı promosyon güncel",
2025-09-17T14:01:10.848574,kral kaybederse son bölüm izle,5 B+,"kral kaybederse son bölüm izle son dakika, kral kaybederse son bölüm izle güncel",
2025-09-17T14:01:11.349729,real madrid,100 B+,"real madrid güncel, real madrid son dakika",
2025-09-17T15:01:04.473879,real madrid - marsilya,200 B+,"real madrid - marsilya güncel, real madrid - marsilya son dakika",
2025-09-17T15:01:04.974766,robert redford,50 B+,"robert redford son dakika, robert redford güncel",
2025-09-17T15:01:05.475618,kıskanmak dizisi oyuncuları,100 B+,"kıskanmak dizisi oyuncuları güncel, kıskanmak dizisi oyuncuları son dakika",
2025-09-17T15:01:05.976434,juventus - borussia dortmund,50 B+,"juventus - borussia dortmund son dakika, juventus - borussia dortmund güncel",
2025-09-17T15:01:06.477360,emre bozkurt,20 B+,"emre bozkurt son dakika, emre bozkurt güncel",
2025-09-17T15:01:06.978402,bahar son bölüm,20 B+,"bahar son bölüm güncel, bahar son bölüm son dakika",
2025-09-17T15:01:07.479216,kdz. ereğli - bursaspor,5 B+,"kdz. ereğli - bursaspor son dakika, kdz. ereğli - bursaspor güncel",
2025-09-17T15:01:07.980281,taylan kulaçoğlu,10 B+,"taylan kulaçoğlu son dakika, taylan kulaçoğlu güncel",
2025-09-17T15:01:08.481370,mourinho,10 B+,"mourinho son dakika, mourinho güncel",
2025-09-17T15:01:08.982455,sampiyonlar ligi,100 B+,"sampiyonlar ligi güncel, sampiyonlar ligi son dakika",
2025-09-17T15:01:09.483553,orkun özeller,5 B+,"orkun özeller güncel, orkun özeller son dakika",
2025-09-17T15:01:09.984675,selahattin paşalı,5 B+,"selahattin paşalı son dakika, selahattin paşalı güncel",
2025-09-17T15:01:10.485745,dersimspor - şanlıurfaspor,1 B+,"dersimspor - şanlıurfaspor son dakika, dersimspor - şanlıurfaspor güncel",
2025-09-17T15:01:10.986990,a spor canlı,1 B+,"skor a spor canlı, a spor canlı skor, a spor canlı son dakika, a spor canlı maç, sonuç a spor canlı","haber a spor canlı haberleri, a spor canlı haber son dakika, takım a spor canlı haberleri, lig a spor canlı haberleri, a spor canlı lig son dakika"
2025-09-17T15:01:11.488080,kral kaybederse son bölüm izle,10 B+,"kral kaybederse son bölüm izle son dakika, kral kaybederse son bölüm izle güncel",
2025-09-17T16:01:03.901989,real madrid - marsilya,200 B+,"real madrid - marsilya son dakika, real madrid - marsilya güncel",
2025-09-17T16:01:04.402944,özgü namal,100 B+,"özgü namal son dakika, özgü namal güncel",
2025-09-17T16:01:04.904160,juventus - borussia dortmund,50 B+,"juventus - borussia dortmund son dakika, juventus - borussia dortmund güncel",
2025-09-17T16:01:05.405283,emre bozkurt,20 B+,"emre bozkurt son dakika, emre bozkurt güncel",
2025-09-17T16:01:05.906405,bahar son bölüm,20 B+,"bahar son bölüm güncel, bahar son bölüm son dakika",
2025-09-17T16:01:06.407467,kdz. ereğli - bursaspor,5 B+,"kdz. ereğli - bursaspor güncel, kdz. ereğli - bursaspor son dakika",
2025-09-17T16:01:06.908616,sampiyonlar ligi,200 B+,"sampiyonlar ligi son dakika, sampiyonlar ligi güncel",
2025-09-17T16:01:07.409784,orkun özeller,5 B+,"orkun özeller güncel, orkun özeller son dakika",
2025-09-17T16:01:07.911027,mourinho,10 B+,"mourinho son dakika, mourinho güncel",
2025-09-17T16:01:08.412086,dersimspor - şanlıurfaspor,2 B+,"dersimspor - şanlıurfaspor son dakika, dersimspor - şanlıurfaspor güncel",
2025-09-17T16:01:08.912893,a spor canlı,2 B+,"maç a spor canlı, a spor canlı skor, a spor canlı güncel, a spor canlı maç, sonuç a spor canlı","a spor canlı haber son dakika, lig a spor canlı haberleri, a spor canlı lig son dakika, haber a spor canlı haberleri, takım a spor canlı haberleri"
2025-09-17T16:01:09.414146,netanyahu,10 B+,"netanyahu son dakika, netanyahu güncel",
2025-09-17T16:01:09.915215,kral kaybederse son bölüm izle,10 B+,"kral kaybederse son bölüm izle son dakika, kral kaybederse son bölüm izle güncel",
2025-09-17T16:01:10.416346,a spor,2 B+,"maç a spor, sonuç a spor, a spor güncel, a spor skor, skor a spor","a spor lig son dakika, a spor takım son dakika, takım a spor haberleri, a spor haber son dakika, haber a spor haberleri"
2025-09-17T16:01:10.917506,hakim savcı atamaları,2 B+,"hakim savcı atamaları son dakika, hakim savcı atamaları güncel",
2025-09-17T17:01:04.803719,real madrid - marsilya,200 B+,"real madrid - marsilya güncel, real madrid - marsilya son dakika",
2025-09-17T17:01:05.304766,özgü namal,100 B+,"özgü namal son dakika, özgü namal güncel",
2025-09-17T17:01:05.805735,juventus - borussia dortmund,50 B+,"juventus - borussia dortmund son dakika, juventus - borussia dortmund güncel",
2025-09-17T17:01:06.306766,emre bozkurt,20 B+,"emre bozkurt güncel, emre bozkurt son dakika",
2025-09-17T17:01:06.807778,bahar son bölüm,50 B+,"bahar son bölüm son dakika, bahar son bölüm güncel",
2025-09-17T17:01:07.308333,kdz. ereğli - bursaspor,10 B+,"kdz. ereğli - bursaspor son dakika, kdz. ereğli - bursaspor güncel",
2025-09-17T17:01:07.809484,sampiyonlar ligi,200 B+,"sampiyonlar ligi son dakika, sampiyonlar ligi güncel",
2025-09-17T17:01:08.310533,mourinho,20 B+,"mourinho son dakika, mourinho güncel",
2025-09-17T17:01:08.811674,orkun özeller,5 B+,"orkun özeller son dakika, orkun özeller güncel",
2025-09-17T17:01:09.312959,a spor canlı,5 B+,"a spor canlı maç, a spor canlı son dakika, a spor canlı sonuç, a spor canlı skor, sonuç a spor canlı","a spor canlı takım son dakika, haber a spor canlı haberleri, lig a spor canlı haberleri, a spor canlı lig son dakika, takım a spor canlı haberleri"
2025-09-17T17:01:09.814122,dersimspor - şanlıurfaspor,2 B+,"dersimspor - şanlıurfaspor güncel, dersimspor - şanlıurfaspor son dakika",
2025-09-17T17:01:10.315217,inter miami - seattle sounders,10 B+,"inter miami - seattle sounders güncel, inter miami - seattle sounders son dakika",
2025-09-17T17:01:10.816105,hakim savcı atamaları,2 B+,"hakim savcı atamaları son dakika, hakim savcı atamaları güncel",
2025-09-17T17:01:11.317037,fatih sultan mehmet,5 B+,"fatih sultan mehmet güncel, fatih sultan mehmet son dakika",
2025-09-17T17:01:11.818243,adalet bakanlığı promosyon,5 B+,"adalet bakanlığı promosyon güncel, adalet bakanlığı promosyon son dakika",
2025-09-17T18:01:13.070275,real madrid - marsilya,200 B+,"real madrid - marsilya son dakika, real madrid - marsilya güncel",
2025-09-17T18:01:13.570921,özgü namal,100 B+,"özgü namal güncel, özgü namal son dakika",
2025-09-17T18:01:14.071570,juventus - borussia dortmund,50 B+,"juventus - borussia dortmund güncel, juventus - borussia dortmund son dakika",
2025-09-17T18:01:14.572012,emre bozkurt,20 B+,"emre bozkurt güncel, emre bozkurt son dakika",
2025-09-17T18:01:15.072672,bahar son bölüm,50 B+,"bahar son bölüm güncel, bahar son bölüm son dakika",
2025-09-17T18:01:15.572986,mourinho,10 B+,"mourinho güncel, mourinho son dakika",
2025-09-17T18:01:16.073644,kdz. ereğli - bursaspor,20 B+,"kdz. ereğli - bursaspor son dakika, kdz. ereğli - bursaspor güncel",
2025-09-17T18:01:16.573989,sampiyonlar ligi,200 B+,"sampiyonlar ligi son dakika, sampiyonlar ligi güncel",
2025-09-17T18:01:17.074681,orkun özeller,5 B+,"orkun özeller güncel, orkun özeller son dakika",
2025-09-17T18:01:17.574989,şiran yıldızspor,2 B+,"şiran yıldızspor son dakika, şiran yıldızspor güncel",
2025-09-17T18:01:18.075646,safi arpaguş,2 B+,"safi arpaguş son dakika, safi arpaguş güncel",
2025-09-17T18:01:18.575974,fatih sultan mehmet,5 B+,"fatih sultan mehmet son dakika, fatih sultan mehmet güncel",
2025-09-17T18:01:19.076638,dersimspor - şanlıurfaspor,2 B+,"dersimspor - şanlıurfaspor son dakika, dersimspor - şanlıurfaspor güncel",
2025-09-17T18:01:19.576985,kral kaybederse son bölüm izle,10 B+,"kral kaybederse son bölüm izle son dakika, kral kaybederse son bölüm izle güncel",
2025-09-17T18:01:20.077635,hakim savcı atamaları,2 B+,"hakim savcı atamaları güncel, hakim savcı atamaları son dakika",
2025-09-17T19:01:07.540228,real madrid - marsilya,200 B+,"real madrid - marsilya son dakika, real madrid - marsilya güncel",
2025-09-17T19:01:08.040831,özgü namal,100 B+,"özgü namal güncel, özgü namal son dakika",
2025-09-17T19:01:08.541569,juventus - borussia dortmund,50 B+,"juventus - borussia dortmund son dakika, juventus - borussia dortmund güncel",
2025-09-17T19:01:09.042159,emre bozkurt,20 B+,"emre bozkurt son dakika, emre bozkurt güncel",
2025-09-17T19:01:09.543088,bahar son bölüm,50 B+,"bahar son bölüm güncel, bahar son bölüm son dakika",
2025-09-17T19:01:10.044078,mourinho,20 B+,"mourinho güncel, mourinho son dakika",
2025-09-17T19:01:10.545133,kdz. ereğli - bursaspor,20 B+,"kdz. ereğli - bursaspor son dakika, kdz. ereğli - bursaspor güncel",
2025-09-17T19:01:11.046236,orkun özeller,5 B+,"orkun özeller güncel, orkun özeller son dakika",
2025-09-17T19:01:11.547320,fenerbahçe alanyaspor maçı,5 B+,"fenerbahçe alanyaspor maçı güncel, fenerbahçe alanyaspor maçı son dakika",
2025-09-17T19:01:12.048273,safi arpaguş,5 B+,"safi arpaguş güncel, safi arpaguş son dakika",
2025-09-17T19:01:12.549256,şiran yıldızspor,5 B+,"şiran yıldızspor güncel, şiran yıldızspor son dakika",
2025-09-17T19:01:13.050337,a spor canlı,5 B+,"a spor canlı maç, sonuç a spor canlı, a spor canlı son dakika, a spor canlı sonuç, skor a spor canlı","takım a spor canlı haberleri, a spor canlı lig son dakika, a spor canlı takım son dakika, haber a spor canlı haberleri, a spor canlı haber son dakika"
2025-09-17T19:01:13.551354,kral kaybederse son bölüm izle,10 B+,"kral kaybederse son bölüm izle son dakika, kral kaybederse son bölüm izle güncel",
2025-09-17T19:01:14.052482,elazığspor,2 B+,"elazığspor güncel, elazığspor son dakika",
2025-09-17T19:01:14.553629,fatih sultan mehmet,5 B+,"fatih sultan mehmet güncel, fatih sultan mehmet son dakika",
2025-09-17T20:01:06.274302,fenerbahçe - alanyaspor,100 B+,"fenerbahçe - alanyaspor son dakika, fenerbahçe - alanyaspor güncel",
2025-09-17T20:01:06.774925,özgü namal,100 B+,"özgü namal son dakika, özgü namal güncel",
2025-09-17T20:01:07.275638,juventus - borussia dortmund,50 B+,"juventus - borussia dortmund son dakika, juventus - borussia dortmund güncel",
2025-09-17T20:01:07.776098,bahar son bölüm,50 B+,"bahar son bölüm son dakika, bahar son bölüm güncel",
2025-09-17T20:01:08.276746,orkun özeller,10 B+,"orkun özeller son dakika, orkun özeller güncel",
2025-09-17T20:01:08.777063,samsunspor - kasımpaşa,5 B+,"samsunspor - kasımpaşa son dakika, samsunspor - kasımpaşa güncel",
2025-09-17T20:01:09.277695,mourinho,20 B+,"mourinho son dakika, mourinho güncel",
2025-09-17T20:01:09.778092,eşref rüya,10 B+,"eşref rüya güncel, eşref rüya son dakika",
2025-09-17T20:01:10.279032,kdz. ereğli - bursaspor,20 B+,"kdz. ereğli - bursaspor son dakika, kdz. ereğli - bursaspor güncel",
2025-09-17T20:01:10.780136,safi arpaguş,5 B+,"safi arpaguş son dakika, safi arpaguş güncel",
2025-09-17T20:01:11.281010,elazığspor,10 B+,"elazığspor güncel, elazığspor son dakika",
2025-09-17T20:01:11.782003,fb alanya,2 B+,"fb alanya güncel, fb alanya son dakika",
2025-09-17T20:01:12.283126,fatih sultan mehmet,10 B+,"fatih sultan mehmet güncel, fatih sultan mehmet son dakika",
2025-09-17T20:01:12.784244,kral kaybederse son bölüm izle,10 B+,"kral kaybederse son bölüm izle son dakika, kral kaybederse son bölüm izle güncel",
2025-09-17T20:01:13.285324,hakim savcı atamaları,2 B+,"hakim savcı atamaları güncel, hakim savcı atamaları son dakika",
2025-09-17T21:01:06.521512,fenerbahçe - alanyaspor,500 B+,"fenerbahçe - alanyaspor güncel, fenerbahçe - alanyaspor son dakika",
2025-09-17T21:01:07.022516,kanal d canlı,100 B+,"kanal d canlı son dakika, kanal d canlı güncel",
2025-09-17T21:01:07.523498,samsunspor - kasımpaşa,10 B+,"samsunspor - kasımpaşa son dakika, samsunspor - kasımpaşa güncel",
2025-09-17T21:01:08.024628,juventus - borussia dortmund,50 B+,"juventus - borussia dortmund son dakika, juventus - borussia dortmund güncel",
2025-09-17T21:01:08.525732,bahar son bölüm,50 B+,"bahar son bölüm son dakika, bahar son bölüm güncel",
2025-09-17T21:01:09.026103,orkun özeller,10 B+,"orkun özeller güncel, orkun özeller son dakika",
2025-09-17T21:01:09.527227,mourinho,20 B+,"mourinho son dakika, mourinho güncel",
2025-09-17T21:01:10.028386,kanal d canlı yayın,10 B+,"kanal d canlı yayın güncel, kanal d canlı yayın son dakika",
2025-09-17T21:01:10.529536,safi arpaguş,5 B+,"safi arpaguş güncel, safi arpaguş son dakika",
2025-09-17T21:01:11.030649,star tv,10 B+,"star tv güncel, star tv son dakika",
2025-09-17T21:01:11.531778,feyenoord - fortuna sittard,2 B+,"feyenoord - fortuna sittard son dakika, feyenoord - fortuna sittard güncel",
2025-09-17T21:01:12.033015,elazığspor,5 B+,"elazığspor son dakika, elazığspor güncel",
2025-09-17T21:01:12.534080,türkiye kupası,20 B+,"türkiye kupası güncel, türkiye kupası son dakika",
2025-09-17T21:01:13.035067,kral kaybederse son bölüm izle,10 B+,"kral kaybederse son bölüm izle güncel, kral kaybederse son bölüm izle son dakika",
2025-09-17T21:01:13.536139,olympiakos,2 B+,"olympiakos güncel, olympiakos son dakika",
2025-09-17T22:01:05.752036,fenerbahçe - alanyaspor,1 Mn+,"fenerbahçe - alanyaspor son dakika, fenerbahçe - alanyaspor güncel",
2025-09-17T22:01:06.253076,kanal d canlı,200 B+,"kanal d canlı güncel, kanal d canlı son dakika",
2025-09-17T22:01:06.754225,samsunspor - kasımpaşa,20 B+,"samsunspor - kasımpaşa son dakika, samsunspor - kasımpaşa güncel",
2025-09-17T22:01:07.255238,orkun özeller,20 B+,"orkun özeller güncel, orkun özeller son dakika",
2025-09-17T22:01:07.756220,bahar son bölüm,20 B+,"bahar son bölüm güncel, bahar son bölüm son dakika",
2025-09-17T22:01:08.257367,liverpool - atletico madrid,10 B+,"liverpool - atletico madrid güncel, liverpool - atletico madrid son dakika",
2025-09-17T22:01:08.758541,kanal d canlı yayın,20 B+,"kanal d canlı yayın güncel, kanal d canlı yayın son dakika",
2025-09-17T22:01:09.259692,mourinho,20 B+,"mourinho son dakika, mourinho güncel",
2025-09-17T22:01:09.760837,feyenoord - fortuna sittard,5 B+,"feyenoord - fortuna sittard güncel, feyenoord - fortuna sittard son dakika",
2025-09-17T22:01:10.262115,star tv,10 B+,"star tv güncel, star tv son dakika",
2025-09-17T22:01:10.763315,psg - atalanta,5 B+,"psg - atalanta güncel, psg - atalanta son dakika",
2025-09-17T22:01:11.264368,bodo glimt,5 B+,"bodo glimt güncel, bodo glimt son dakika",
2025-09-17T22:01:11.765408,safi arpaguş,10 B+,"safi arpaguş son dakika, safi arpaguş güncel",
2025-09-17T22:01:12.266564,sahipsizler canlı izle,10 B+,"sahipsizler canlı izle güncel, sahipsizler canlı izle son dakika",
2025-09-17T22:01:12.767717,olympiakos,5 B+,"olympiakos güncel, olympiakos son dakika",
2025-09-17T23:01:03.983621,fenerbahçe - alanyaspor,1 Mn+,"fenerbahçe - alanyaspor son dakika, fenerbahçe - alanyaspor güncel",
2025-09-17T23:01:04.484133,kanal d canlı,200 B+,"kanal d canlı son dakika, kanal d canlı güncel",
2025-09-17T23:01:04.985124,liverpool - atletico madrid,50 B+,"liverpool - atletico madrid güncel, liverpool - atletico madrid son dakika",
2025-09-17T23:01:05.486202,psg - atalanta,10 B+,"psg - atalanta son dakika, psg - atalanta güncel",
2025-09-17T23:01:05.987305,samsunspor - kasımpaşa,20 B+,"samsunspor - kasımpaşa son dakika, samsunspor - kasımpaşa güncel",
2025-09-17T23:01:06.488414,onur özütoprak,20 B+,"onur özütoprak güncel, onur özütoprak son dakika",
2025-09-17T23:01:06.989519,orkun özeller,20 B+,"orkun özeller güncel, orkun özeller son dakika",
2025-09-17T23:01:07.490486,bahar son bölüm,20 B+,"bahar son bölüm güncel, bahar son bölüm son dakika",
2025-09-17T23:01:07.991425,süper lig puan durumu,20 B+,"süper lig puan durumu son dakika, süper lig puan durumu güncel",
2025-09-17T23:01:08.492469,mourinho,20 B+,"mourinho güncel, mourinho son dakika",
2025-09-17T23:01:08.993466,fb maçı,20 B+,"fb maçı son dakika, fb maçı güncel",
2025-09-17T23:01:09.494284,bayern münih,10 B+,"bayern münih son dakika, bayern münih güncel",
2025-09-17T23:01:09.995349,kanal d canlı yayın,20 B+,"kanal d canlı yayın güncel, kanal d canlı yayın son dakika",
2025-09-17T23:01:10.496220,feyenoord - fortuna sittard,5 B+,"feyenoord - fortuna sittard son dakika, feyenoord - fortuna sittard güncel",
2025-09-17T23:01:10.997292,safi arpaguş,10 B+,"safi arpaguş güncel, safi arpaguş son dakika",
2025-09-18T00:01:07.200938,fenerbahçe - alanyaspor,1 Mn+,"fenerbahçe - alanyaspor güncel, fenerbahçe - alanyaspor son dakika",
2025-09-18T00:01:07.702066,kanal d canlı,200 B+,"kanal d canlı güncel, kanal d canlı son dakika",
2025-09-18T00:01:08.203157,liverpool - atletico madrid,50 B+,"liverpool - atletico madrid güncel, liverpool - atletico madrid son dakika",
2025-09-18T00:01:08.704311,liverpool,20 B+,"liverpool güncel, liverpool son dakika",
2025-09-18T00:01:09.205470,psg - atalanta,20 B+,"psg - atalanta son dakika, psg - atalanta güncel",
2025-09-18T00:01:09.706527,orkun özeller,20 B+,"orkun özeller güncel, orkun özeller son dakika",
2025-09-18T00:01:10.207647,mourinho,20 B+,"mourinho güncel, mourinho son dakika",
2025-09-18T00:01:10.708817,samsunspor - kasımpaşa,20 B+,"samsunspor - kasımpaşa son dakika, samsunspor - kasımpaşa güncel",
2025-09-18T00:01:11.210013,onur özütoprak,20 B+,"onur özütoprak güncel, onur özütoprak son dakika",
2025-09-18T00:01:11.711163,inter,10 B+,"inter son dakika, inter güncel",
2025-09-18T00:01:12.212324,bayern münih,10 B+,"bayern münih güncel, bayern münih son dakika",
2025-09-18T00:01:12.713493,bahar son bölüm,20 B+,"bahar son bölüm son dakika, bahar son bölüm güncel",
2025-09-18T00:01:13.214635,safi arpaguş,10 B+,"safi arpaguş son dakika, safi arpaguş güncel",
2025-09-18T00:01:13.715749,feyenoord - fortuna sittard,10 B+,"feyenoord - fortuna sittard güncel, feyenoord - fortuna sittard son dakika",
2025-09-18T00:01:14.216839,süper lig puan durumu,20 B+,"süper lig puan durumu güncel, süper lig puan durumu son dakika",
2025-09-18T01:01:05.356668,fenerbahçe - alanyaspor,1 Mn+,"fenerbahçe - alanyaspor son dakika, fenerbahçe - alanyaspor güncel",
2025-09-18T01:01:05.857725,eşref rüya,200 B+,"eşref rüya güncel, eşref rüya son dakika",
2025-09-18T01:01:06.358731,liverpool - atletico madrid,50 B+,"liverpool - atletico madrid güncel, liverpool - atletico madrid son dakika",
2025-09-18T01:01:06.859334,liverpool,50 B+,"liverpool son dakika, liverpool güncel",
2025-09-18T01:01:07.360535,safi arpaguş,20 B+,"safi arpaguş son dakika, safi arpaguş güncel",
2025-09-18T01:01:07.860968,psg - atalanta,20 B+,"psg - atalanta son dakika, psg - atalanta güncel",
2025-09-18T01:01:08.362022,orkun özeller,20 B+,"orkun özeller son dakika, orkun özeller güncel",
2025-09-18T01:01:08.863176,mourinho,20 B+,"mourinho güncel, mourinho son dakika",
2025-09-18T01:01:09.364340,onur özütoprak,10 B+,"onur özütoprak güncel, onur özütoprak son dakika",
2025-09-18T01:01:09.865436,samsunspor - kasımpaşa,20 B+,"samsunspor - kasımpaşa güncel, samsunspor - kasımpaşa son dakika",
2025-09-18T01:01:10.366590,inter,20 B+,"inter son dakika, inter güncel",
2025-09-18T01:01:10.867749,bayern münih,10 B+,"bayern münih son dakika, bayern münih güncel",
2025-09-18T01:01:11.368986,süper lig puan durumu,20 B+,"süper lig puan durumu güncel, süper lig puan durumu son dakika",
2025-09-18T01:01:11.870144,chelsea,10 B+,"chelsea güncel, chelsea son dakika",
2025-09-18T01:01:12.371254,feyenoord - fortuna sittard,10 B+,"feyenoord - fortuna sittard güncel, feyenoord - fortuna sittard son dakika",
2025-09-18T02:01:04.198471,fenerbahçe - alanyaspor,1 Mn+,"fenerbahçe - alanyaspor son dakika, fenerbahçe - alanyaspor güncel",
2025-09-18T02:01:04.699368,eşref rüya,500 B+,"eşref rüya güncel, eşref rüya son dakika",
2025-09-18T02:01:05.200437,liverpool - atletico madrid,50 B+,"liverpool - atletico madrid son dakika, liverpool - atletico madrid güncel",
2025-09-18T02:01:05.701436,safi arpaguş,20 B+,"safi arpaguş son dakika, safi arpaguş güncel",
2025-09-18T02:01:06.202589,orkun özeller,20 B+,"orkun özeller son dakika, orkun özeller güncel",
2025-09-18T02:01:06.703632,liverpool,20 B+,"liverpool son dakika, liverpool güncel",
2025-09-18T02:01:07.204783,psg - atalanta,20 B+,"psg - atalanta son dakika, psg - atalanta güncel",
2025-09-18T02:01:07.706002,onur özütoprak,10 B+,"onur özütoprak son dakika, onur özütoprak güncel",
2025-09-18T02:01:08.207114,mourinho,20 B+,"mourinho son dakika, mourinho güncel",
2025-09-18T02:01:08.708081,samsunspor - kasımpaşa,20 B+,"samsunspor - kasımpaşa güncel, samsunspor - kasımpaşa son dakika",
2025-09-18T02:01:09.209292,cihan aydın,10 B+,"cihan aydın güncel, cihan aydın son dakika",
2025-09-18T02:01:09.710388,bayern münih,10 B+,"bayern münih güncel, bayern münih son dakika",
2025-09-18T02:01:10.211528,feyenoord - fortuna sittard,10 B+,"feyenoord - fortuna sittard son dakika, feyenoord - fortuna sittard güncel",
2025-09-18T02:01:10.712624,puan durumu,10 B+,"puan durumu güncel, puan durumu son dakika",
2025-09-18T02:01:11.213741,maç özetleri,5 B+,"özet maç özetleri, maç özetleri son dakika, maç özetleri iddaa, maç özetleri güncel, maç özetleri özet","canlı maç özetleri haberleri, izle maç özetleri haberleri, maç özetleri canlı son dakika, maç özetleri sonuç son dakika, maç özetleri izle son dakika"
2025-09-18T03:01:05.523126,fenerbahçe - alanyaspor,1 Mn+,"fenerbahçe - alanyaspor güncel, fenerbahçe - alanyaspor son dakika",
2025-09-18T03:01:06.024102,eşref rüya,500 B+,"eşref rüya güncel, eşref rüya son dakika",
2025-09-18T03:01:06.525226,liverpool - atletico madrid,50 B+,"liverpool - atletico madrid güncel, liverpool - atletico madrid son dakika",
2025-09-18T03:01:07.026365,safi arpaguş,20 B+,"safi arpaguş güncel, safi arpaguş son dakika",
2025-09-18T03:01:07.527433,psg - atalanta,20 B+,"psg - atalanta son dakika, psg - atalanta güncel",
2025-09-18T03:01:08.028463,orkun özeller,20 B+,"orkun özeller son dakika, orkun özeller güncel",
2025-09-18T03:01:08.529558,liverpool,50 B+,"liverpool güncel, liverpool son dakika",
2025-09-18T03:01:09.030749,mourinho,20 B+,"mourinho son dakika, mourinho güncel",
2025-09-18T03:01:09.531831,mabel matiz perperişan,10 B+,"mabel matiz perperişan son dakika, mabel matiz perperişan güncel",
2025-09-18T03:01:10.033171,onur özütoprak,10 B+,"onur özütoprak güncel, onur özütoprak son dakika",
2025-09-18T03:01:10.534331,samsunspor - kasımpaşa,20 B+,"samsunspor - kasımpaşa güncel, samsunspor - kasımpaşa son dakika",
2025-09-18T03:01:11.035477,cihan aydın,10 B+,"cihan aydın son dakika, cihan aydın güncel",
2025-09-18T03:01:11.536223,bayern münih,20 B+,"bayern münih güncel, bayern münih son dakika",
2025-09-18T03:01:12.037172,feyenoord - fortuna sittard,10 B+,"feyenoord - fortuna sittard güncel, feyenoord - fortuna sittard son dakika",
2025-09-18T03:01:12.538396,maç özetleri,5 B+,"maç özetleri gol, iddaa maç özetleri, maç özetleri iddaa, maç özetleri güncel, özet maç özetleri","maç özetleri sonuç son dakika, maç özetleri canlı son dakika, canlı maç özetleri haberleri, izle maç özetleri haberleri, maç özetleri izle son dakika"
2025-09-18T04:01:07.615607,fenerbahçe - alanyaspor,1 Mn+,"fenerbahçe - alanyaspor son dakika, fenerbahçe - alanyaspor güncel",
2025-09-18T04:01:08.116682,eşref rüya,500 B+,"eşref rüya son dakika, eşref rüya güncel",
2025-09-18T04:01:08.617785,liverpool - atletico madrid,50 B+,"liverpool - atletico madrid güncel, liverpool - atletico madrid son dakika",
2025-09-18T04:01:09.119033,safi arpaguş,20 B+,"safi arpaguş güncel, safi arpaguş son dakika",
2025-09-18T04:01:09.620107,orkun özeller,20 B+,"orkun özeller son dakika, orkun özeller güncel",
2025-09-18T04:01:10.121264,psg - atalanta,20 B+,"psg - atalanta güncel, psg - atalanta son dakika",
2025-09-18T04:01:10.622427,liverpool,50 B+,"liverpool son dakika, liverpool güncel",
2025-09-18T04:01:11.122959,mourinho,20 B+,"mourinho son dakika, mourinho güncel",
2025-09-18T04:01:11.624146,mabel matiz perperişan,10 B+,"mabel matiz perperişan güncel, mabel matiz perperişan son dakika",
2025-09-18T04:01:12.125315,onur özütoprak,10 B+,"onur özütoprak son dakika, onur özütoprak güncel",
2025-09-18T04:01:12.626486,cihan aydın,10 B+,"cihan aydın güncel, cihan aydın son dakika",
2025-09-18T04:01:13.127351,bayern münih,20 B+,"bayern münih son dakika, bayern münih güncel",
2025-09-18T04:01:13.628249,bayern,5 B+,"bayern son dakika, bayern güncel",
2025-09-18T04:01:14.129320,feyenoord - fortuna sittard,10 B+,"feyenoord - fortuna sittard son dakika, feyenoord - fortuna sittard güncel",
2025-09-18T04:01:14.630510,fatih terim,2 B+,"fatih terim güncel, fatih terim son dakika",
2025-09-18T05:01:03.904921,fenerbahçe - alanyaspor,1 Mn+,"fenerbahçe - alanyaspor güncel, fenerbahçe - alanyaspor son dakika",
2025-09-18T05:01:04.405982,eşref rüya,500 B+,"eşref rüya son dakika, eşref rüya güncel",
2025-09-18T05:01:04.907057,liverpool - atletico madrid,50 B+,"liverpool - atletico madrid son dakika, liverpool - atletico madrid güncel",
2025-09-18T05:01:05.408145,safi arpaguş,20 B+,"safi arpaguş son dakika, safi arpaguş güncel",
2025-09-18T05:01:05.909214,psg - atalanta,20 B+,"psg - atalanta güncel, psg - atalanta son dakika",
2025-09-18T05:01:06.410129,orkun özeller,20 B+,"orkun özeller güncel, orkun özeller son dakika",
2025-09-18T05:01:06.911283,liverpool,50 B+,"liverpool son dakika, liverpool güncel",
2025-09-18T05:01:07.412488,mourinho,20 B+,"mourinho son dakika, mourinho güncel",
2025-09-18T05:01:07.913235,samsunspor - kasımpaşa,20 B+,"samsunspor - kasımpaşa güncel, samsunspor - kasımpaşa son dakika",
2025-09-18T05:01:08.414373,onur özütoprak,10 B+,"onur özütoprak güncel, onur özütoprak son dakika",
2025-09-18T05:01:08.915599,mabel matiz perperişan,10 B+,"mabel matiz perperişan son dakika, mabel matiz perperişan güncel",
2025-09-18T05:01:09.416766,bayern münih,20 B+,"bayern münih son dakika, bayern münih güncel",
2025-09-18T05:01:09.917993,cihan aydın,5 B+,"cihan aydın son dakika, cihan aydın güncel",
2025-09-18T05:01:10.418905,bayern,5 B+,"bayern güncel, bayern son dakika",
2025-09-18T05:01:10.920105,ajax,5 B+,"ajax güncel, ajax son dakika",
2025-09-18T06:01:04.699679,fenerbahçe - alanyaspor,1 Mn+,"fenerbahçe - alanyaspor güncel, fenerbahçe - alanyaspor son dakika",
2025-09-18T06:01:05.200671,eşref rüya,500 B+,"eşref rüya son dakika, eşref rüya güncel",
2025-09-18T06:01:05.701126,liverpool - atletico madrid,50 B+,"liverpool - atletico madrid son dakika, liverpool - atletico madrid güncel",
2025-09-18T06:01:06.202281,safi arpaguş,20 B+,"safi arpaguş son dakika, safi arpaguş güncel",
2025-09-18T06:01:06.703441,psg - atalanta,20 B+,"psg - atalanta son dakika, psg - atalanta güncel",
2025-09-18T06:01:07.204501,orkun özeller,20 B+,"orkun özeller güncel, orkun özeller son dakika",
2025-09-18T06:01:07.705430,mabel matiz perperişan,10 B+,"mabel matiz perperişan son dakika, mabel matiz perperişan güncel",
2025-09-18T06:01:08.206563,liverpool,50 B+,"liverpool son dakika, liverpool güncel",
2025-09-18T06:01:08.707724,samsunspor - kasımpaşa,20 B+,"samsunspor - kasımpaşa güncel, samsunspor - kasımpaşa son dakika",
2025-09-18T06:01:09.209011,onur özütoprak,10 B+,"onur özütoprak güncel, onur özütoprak son dakika",
2025-09-18T06:01:09.710148,mourinho,20 B+,"mourinho güncel, mourinho son dakika",
2025-09-18T06:01:10.211305,bayern münih,20 B+,"bayern münih son dakika, bayern münih güncel",
2025-09-18T06:01:10.712521,cihan aydın,5 B+,"cihan aydın son dakika, cihan aydın güncel",
2025-09-18T06:01:11.213226,feyenoord - fortuna sittard,10 B+,"feyenoord - fortuna sittard güncel, feyenoord - fortuna sittard son dakika",
2025-09-18T06:01:11.714258,ليفربول ضد أتلتيكو مدريد,5 B+,"ليفربول ضد أتلتيكو مدريد son dakika, ليفربول ضد أتلتيكو مدريد güncel",
2025-09-18T07:01:04.241693,fenerbahçe - alanyaspor,1 Mn+,"fenerbahçe - alanyaspor son dakika, fenerbahçe - alanyaspor güncel",
2025-09-18T07:01:04.742637,eşref rüya,500 B+,"eşref rüya güncel, eşref rüya son dakika",
2025-09-18T07:01:05.243796,liverpool - atletico madrid,50 B+,"liverpool - atletico madrid güncel, liverpool - atletico madrid son dakika",
2025-09-18T07:01:05.745047,psg - atalanta,20 B+,"psg - atalanta son dakika, psg - atalanta güncel",
2025-09-18T07:01:06.246203,safi arpaguş,20 B+,"safi arpaguş son dakika, safi arpaguş güncel",
2025-09-18T07:01:06.747262,orkun özeller,20 B+,"orkun özeller son dakika, orkun özeller güncel",
2025-09-18T07:01:07.248407,liverpool,50 B+,"liverpool güncel, liverpool son dakika",
2025-09-18T07:01:07.749578,mabel matiz perperişan,10 B+,"mabel matiz perperişan son dakika, mabel matiz perperişan güncel",
2025-09-18T07:01:08.250787,samsunspor - kasımpaşa,20 B+,"samsunspor - kasımpaşa son dakika, samsunspor - kasımpaşa güncel",
2025-09-18T07:01:08.752007,mourinho,20 B+,"mourinho güncel, mourinho son dakika",
2025-09-18T07:01:09.253170,onur özütoprak,10 B+,"onur özütoprak son dakika, onur özütoprak güncel",
2025-09-18T07:01:09.754301,feyenoord - fortuna sittard,10 B+,"feyenoord - fortuna sittard son dakika, feyenoord - fortuna sittard güncel",
2025-09-18T07:01:10.255409,bayern münih,20 B+,"bayern münih son dakika, bayern münih güncel",
2025-09-18T07:01:10.756089,cihan aydın,10 B+,"cihan aydın güncel, cihan aydın son dakika",
2025-09-18T07:01:11.257224,inter,20 B+,"inter güncel, inter son dakika",
2025-09-18T08:01:05.170354,fenerbahçe - alanyaspor,1 Mn+,"fenerbahçe - alanyaspor son dakika, fenerbahçe - alanyaspor güncel",
2025-09-18T08:01:05.671449,eşref rüya,500 B+,"eşref rüya güncel, eşref rüya son dakika",
2025-09-18T08:01:06.172610,liverpool - atletico madrid,50 B+,"liverpool - atletico madrid güncel, liverpool - atletico madrid son dakika",
2025-09-18T08:01:06.673776,safi arpaguş,20 B+,"safi arpaguş son dakika, safi arpaguş güncel",
2025-09-18T08:01:07.174724,psg - atalanta,20 B+,"psg - atalanta son dakika, psg - atalanta güncel",
2025-09-18T08:01:07.675758,orkun özeller,20 B+,"orkun özeller son dakika, orkun özeller güncel",
2025-09-18T08:01:08.176968,liverpool,50 B+,"liverpool güncel, liverpool son dakika",
2025-09-18T08:01:08.678141,mabel matiz perperişan,20 B+,"mabel matiz perperişan son dakika, mabel matiz perperişan güncel",
2025-09-18T08:01:09.179263,hava durumu,100 B+,"hava durumu son dakika, hava durumu güncel",
2025-09-18T08:01:09.680373,samsunspor - kasımpaşa,20 B+,"samsunspor - kasımpaşa güncel, samsunspor - kasımpaşa son dakika",
2025-09-18T08:01:10.181533,onur özütoprak,20 B+,"onur özütoprak son dakika, onur özütoprak güncel",
2025-09-18T08:01:10.682620,bayern münih,20 B+,"bayern münih son dakika, bayern münih güncel",
2025-09-18T08:01:11.183784,süper lig puan durumu,20 B+,"süper lig puan durumu güncel, süper lig puan durumu son dakika",
2025-09-18T08:01:11.685005,inter,20 B+,"inter son dakika, inter güncel",
2025-09-18T08:01:12.185974,cihan aydın,5 B+,"cihan aydın güncel, cihan aydın son dakika",
2025-09-18T09:01:05.026535,fenerbahçe - alanyaspor,1 Mn+,"fenerbahçe - alanyaspor güncel, fenerbahçe - alanyaspor son dakika",
2025-09-18T09:01:05.527540,eşref rüya,500 B+,"eşref rüya güncel, eşref rüya son dakika",
2025-09-18T09:01:06.028684,liverpool - atletico madrid,50 B+,"liverpool - atletico madrid güncel, liverpool - atletico madrid son dakika",
2025-09-18T09:01:06.529536,safi arpaguş,50 B+,"safi arpaguş son dakika, safi arpaguş güncel",
2025-09-18T09:01:07.030694,orkun özeller,20 B+,"orkun özeller son dakika, orkun özeller güncel",
2025-09-18T09:01:07.531718,psg - atalanta,20 B+,"psg - atalanta son dakika, psg - atalanta güncel",
2025-09-18T09:01:08.032927,lyme hastalığı,10 B+,"lyme hastalığı son dakika, lyme hastalığı güncel",
2025-09-18T09:01:08.534137,mabel matiz perperişan,20 B+,"mabel matiz perperişan güncel, mabel matiz perperişan son dakika",
2025-09-18T09:01:09.035228,liverpool,50 B+,"liverpool güncel, liverpool son dakika",
2025-09-18T09:01:09.536382,onur özütoprak,10 B+,"onur özütoprak güncel, onur özütoprak son dakika",
2025-09-18T09:01:10.037551,samsunspor - kasımpaşa,20 B+,"samsunspor - kasımpaşa güncel, samsunspor - kasımpaşa son dakika",
2025-09-18T09:01:10.538750,cihan aydın,10 B+,"cihan aydın güncel, cihan aydın son dakika",
2025-09-18T09:01:11.039915,bayern münih,20 B+,"bayern münih güncel, bayern münih son dakika",
2025-09-18T09:01:11.541098,jose mourinho,10 B+,"jose mourinho güncel, jose mourinho son dakika",
2025-09-18T09:01:12.042192,süper lig puan durumu,20 B+,"süper lig puan durumu son dakika, süper lig puan durumu güncel",
2025-09-18T10:01:04.858568,fenerbahçe - alanyaspor,1 Mn+,"fenerbahçe - alanyaspor güncel, fenerbahçe - alanyaspor son dakika",
2025-09-18T10:01:05.359709,eşref rüya 14 bölüm full izle,500 B+,"eşref rüya 14 bölüm full izle güncel, eşref rüya 14 bölüm full izle son dakika",
2025-09-18T10:01:05.860961,safi arpaguş,50 B+,"safi arpaguş son dakika, safi arpaguş güncel",
2025-09-18T10:01:06.362121,liverpool - atletico madrid,50 B+,"liverpool - atletico madrid güncel, liverpool - atletico madrid son dakika",
2025-09-18T10:01:06.863228,orkun özeller,20 B+,"orkun özeller güncel, orkun özeller son dakika",
2025-09-18T10:01:07.364214,lyme hastalığı,20 B+,"lyme hastalığı son dakika, lyme hastalığı güncel",
2025-09-18T10:01:07.865326,mabel matiz perperişan,20 B+,"mabel matiz perperişan güncel, mabel matiz perperişan son dakika",
2025-09-18T10:01:08.366402,psg - atalanta,20 B+,"psg - atalanta güncel, psg - atalanta son dakika",
2025-09-18T10:01:08.867524,liverpool,50 B+,"liverpool güncel, liverpool son dakika",
2025-09-18T10:01:09.368671,onur özütoprak,10 B+,"onur özütoprak son dakika, onur özütoprak güncel",
2025-09-18T10:01:09.869774,samsunspor - kasımpaşa,20 B+,"samsunspor - kasımpaşa güncel, samsunspor - kasımpaşa son dakika",
2025-09-18T10:01:10.369956,cihan aydın,10 B+,"cihan aydın son dakika, cihan aydın güncel",
2025-09-18T10:01:10.871109,feyenoord - fortuna sittard,10 B+,"feyenoord - fortuna sittard son dakika, feyenoord - fortuna sittard güncel",
2025-09-18T10:01:11.372125,hava durumu,100 B+,"hava durumu güncel, hava durumu son dakika",
2025-09-18T10:01:11.873280,ajax inter,20 B+,"ajax inter son dakika, ajax inter güncel",
2025-09-18T11:01:04.710872,fenerbahçe - alanyaspor,1 Mn+,"fenerbahçe - alanyaspor son dakika, fenerbahçe - alanyaspor güncel",
2025-09-18T11:01:05.211660,eşref rüya 14 bölüm full izle,500 B+,"eşref rüya 14 bölüm full izle güncel, eşref rüya 14 bölüm full izle son dakika",
2025-09-18T11:01:05.712703,safi arpaguş,50 B+,"safi arpaguş son dakika, safi arpaguş güncel",
2025-09-18T11:01:06.213739,liverpool - atletico madrid,50 B+,"liverpool - atletico madrid son dakika, liverpool - atletico madrid güncel",
2025-09-18T11:01:06.714804,orkun özeller,20 B+,"orkun özeller güncel, orkun özeller son dakika",
2025-09-18T11:01:07.215894,lyme hastalığı,20 B+,"lyme hastalığı son dakika, lyme hastalığı güncel",
2025-09-18T11:01:07.717113,mabel matiz perperişan,20 B+,"mabel matiz perperişan güncel, mabel matiz perperişan son dakika",
2025-09-18T11:01:08.218166,psg - atalanta,20 B+,"psg - atalanta güncel, psg - atalanta son dakika",
2025-09-18T11:01:08.719080,onur özütoprak,10 B+,"onur özütoprak son dakika, onur özütoprak güncel",
2025-09-18T11:01:09.220045,samsunspor - kasımpaşa,20 B+,"samsunspor - kasımpaşa son dakika, samsunspor - kasımpaşa güncel",
2025-09-18T11:01:09.721259,cihan aydın,10 B+,"cihan aydın güncel, cihan aydın son dakika",
2025-09-18T11:01:10.222422,feyenoord - fortuna sittard,10 B+,"feyenoord - fortuna sittard son dakika, feyenoord - fortuna sittard güncel",
2025-09-18T11:01:10.723452,feyza altun,2 B+,"feyza altun güncel, feyza altun son dakika",
2025-09-18T11:01:11.224559,liverpool,50 B+,"liverpool son dakika, liverpool güncel",
2025-09-18T11:01:11.725727,ajax inter,20 B+,"ajax inter son dakika, ajax inter güncel",
2025-09-18T12:01:04.625332,fenerbahçe - alanyaspor,1 Mn+,"fenerbahçe - alanyaspor güncel, fenerbahçe - alanyaspor son dakika",
2025-09-18T12:01:05.126324,eşref rüya 14 bölüm full izle,500 B+,"eşref rüya 14 bölüm full izle son dakika, eşref rüya 14 bölüm full izle güncel",
2025-09-18T12:01:05.627470,safi arpaguş,50 B+,"safi arpaguş son dakika, safi arpaguş güncel",
2025-09-18T12:01:06.128533,liverpool - atletico madrid,50 B+,"liverpool - atletico madrid son dakika, liverpool - atletico madrid güncel",
2025-09-18T12:01:06.629625,mabel matiz perperişan,20 B+,"mabel matiz perperişan güncel, mabel matiz perperişan son dakika",
2025-09-18T12:01:07.130759,lyme hastalığı,20 B+,"lyme hastalığı son dakika, lyme hastalığı güncel",
2025-09-18T12:01:07.631811,psg - atalanta,20 B+,"psg - atalanta güncel, psg - atalanta son dakika",
2025-09-18T12:01:08.133033,onur özütoprak,10 B+,"onur özütoprak son dakika, onur özütoprak güncel",
2025-09-18T12:01:08.634207,ferhat gündoğdu,5 B+,"ferhat gündoğdu güncel, ferhat gündoğdu son dakika",
2025-09-18T12:01:09.135380,cihan aydın,10 B+,"cihan aydın güncel, cihan aydın son dakika",
2025-09-18T12:01:09.636570,feyza altun,2 B+,"feyza altun son dakika, feyza altun güncel",
2025-09-18T12:01:10.137732,liverpool,50 B+,"liverpool son dakika, liverpool güncel",
2025-09-18T12:01:10.638253,arnavutköy belediyesi,500+,"arnavutköy belediyesi son dakika, arnavutköy belediyesi güncel",
2025-09-18T12:01:11.139408,ahu yağtu,2 B+,"ahu yağtu son dakika, ahu yağtu güncel",
2025-09-18T12:01:11.640585,samsunspor - kasımpaşa,20 B+,"samsunspor - kasımpaşa güncel, samsunspor - kasımpaşa son dakika",
2025-09-18T13:01:05.163543,fenerbahçe - alanyaspor,1 Mn+,"fenerbahçe - alanyaspor son dakika, fenerbahçe - alanyaspor güncel",
2025-09-18T13:01:05.664510,eşref rüya 14 bölüm full izle,500 B+,"eşref rüya 14 bölüm full izle güncel, eşref rüya 14 bölüm full izle son dakika",
2025-09-18T13:01:06.165621,safi arpaguş,50 B+,"safi arpaguş güncel, safi arpaguş son dakika",
2025-09-18T13:01:06.666800,mabel matiz perperişan,20 B+,"mabel matiz perperişan son dakika, mabel matiz perperişan güncel",
2025-09-18T13:01:07.168068,liverpool - atletico madrid,50 B+,"liverpool - atletico madrid son dakika, liverpool - atletico madrid güncel",
2025-09-18T13:01:07.669237,lyme hastalığı,20 B+,"lyme hastalığı güncel, lyme hastalığı son dakika",
2025-09-18T13:01:08.170411,psg - atalanta,20 B+,"psg - atalanta son dakika, psg - atalanta güncel",
2025-09-18T13:01:08.671589,onur özütoprak,10 B+,"onur özütoprak güncel, onur özütoprak son dakika",
2025-09-18T13:01:09.172827,ferhat gündoğdu,5 B+,"ferhat gündoğdu güncel, ferhat gündoğdu son dakika",
2025-09-18T13:01:09.673931,cihan aydın,10 B+,"cihan aydın güncel, cihan aydın son dakika",
2025-09-18T13:01:10.175129,feyza altun,2 B+,"feyza altun son dakika, feyza altun güncel",
2025-09-18T13:01:10.676076,burcu özberk,2 B+,"burcu özberk güncel, burcu özberk son dakika",
2025-09-18T13:01:11.177366,arnavutköy belediyesi,1 B+,"arnavutköy belediyesi son dakika, arnavutköy belediyesi güncel",
2025-09-18T13:01:11.678589,cevizlibağ atatürk öğrenci yurdu,1 B+,"cevizlibağ atatürk öğrenci yurdu güncel, cevizlibağ atatürk öğrenci yurdu son dakika",
2025-09-18T13:01:12.179802,liverpool,50 B+,"liverpool güncel, liverpool son dakika",
2025-09-18T14:01:06.097557,fenerbahçe - alanyaspor,1 Mn+,"fenerbahçe - alanyaspor son dakika, fenerbahçe - alanyaspor güncel",
2025-09-18T14:01:06.598698,eşref rüya 14 bölüm full izle,500 B+,"eşref rüya 14 bölüm full izle güncel, eşref rüya 14 bölüm full izle son dakika",
2025-09-18T14:01:07.099066,safi arpaguş,50 B+,"safi arpaguş son dakika, safi arpaguş güncel",
2025-09-18T14:01:07.600137,mabel matiz perperişan,20 B+,"mabel matiz perperişan güncel, mabel matiz perperişan son dakika",
2025-09-18T14:01:08.101311,liverpool - atletico madrid,50 B+,"liverpool - atletico madrid son dakika, liverpool - atletico madrid güncel",
2025-09-18T14:01:08.602461,lyme hastalığı,20 B+,"lyme hastalığı güncel, lyme hastalığı son dakika",
2025-09-18T14:01:09.103678,psg - atalanta,20 B+,"psg - atalanta güncel, psg - atalanta son dakika",
2025-09-18T14:01:09.604760,onur özütoprak,10 B+,"onur özütoprak son dakika, onur özütoprak güncel",
2025-09-18T14:01:10.106009,ferhat gündoğdu,5 B+,"ferhat gündoğdu son dakika, ferhat gündoğdu güncel",
2025-09-18T14:01:10.607186,cihan aydın,10 B+,"cihan aydın güncel, cihan aydın son dakika",
2025-09-18T14:01:11.108351,burcu özberk,2 B+,"burcu özberk son dakika, burcu özberk güncel",
2025-09-18T14:01:11.609666,cevizlibağ atatürk öğrenci yurdu,2 B+,"cevizlibağ atatürk öğrenci yurdu güncel, cevizlibağ atatürk öğrenci yurdu son dakika",
2025-09-18T14:01:12.110838,feyza altun,2 B+,"feyza altun güncel, feyza altun son dakika",
2025-09-18T14:01:12.612114,arnavutköy belediyesi,1 B+,"arnavutköy belediyesi son dakika, arnavutköy belediyesi güncel",
2025-09-18T14:01:13.113229,d4vd,2 B+,"d4vd son dakika, d4vd güncel",
2025-09-18T15:01:05.437819,eşref rüya 14 bölüm full izle,500 B+,"eşref rüya 14 bölüm full izle güncel, eşref rüya 14 bölüm full izle son dakika",
2025-09-18T15:01:05.938968,fenerbahçe - alanyaspor,1 Mn+,"fenerbahçe - alanyaspor son dakika, fenerbahçe - alanyaspor güncel",
2025-09-18T15:01:06.440045,safi arpaguş,50 B+,"safi arpaguş son dakika, safi arpaguş güncel",
2025-09-18T15:01:06.941158,mabel matiz perperişan,20 B+,"mabel matiz perperişan son dakika, mabel matiz perperişan güncel",
2025-09-18T15:01:07.442192,liverpool - atletico madrid,50 B+,"liverpool - atletico madrid son dakika, liverpool - atletico madrid güncel",
2025-09-18T15:01:07.943344,lyme hastalığı,20 B+,"lyme hastalığı güncel, lyme hastalığı son dakika",
2025-09-18T15:01:08.444504,ajax - inter,50 B+,"ajax - inter güncel, ajax - inter son dakika",
2025-09-18T15:01:08.945561,onur özütoprak,20 B+,"onur özütoprak güncel, onur özütoprak son dakika",
2025-09-18T15:01:09.446713,psg - atalanta,20 B+,"psg - atalanta güncel, psg - atalanta son dakika",
2025-09-18T15:01:09.947948,cihan aydın,10 B+,"cihan aydın güncel, cihan aydın son dakika",
2025-09-18T15:01:10.448955,ferhat gündoğdu,5 B+,"ferhat gündoğdu güncel, ferhat gündoğdu son dakika",
2025-09-18T15:01:10.950155,cevizlibağ atatürk öğrenci yurdu,2 B+,"cevizlibağ atatürk öğrenci yurdu son dakika, cevizlibağ atatürk öğrenci yurdu güncel",
2025-09-18T15:01:11.451241,burcu özberk,2 B+,"burcu özberk güncel, burcu özberk son dakika",
2025-09-18T15:01:11.952296,düzcespor - pendikspor,1 B+,"düzcespor - pendikspor güncel, düzcespor - pendikspor son dakika",
2025-09-18T15:01:12.453427,feyza altun,2 B+,"feyza altun son dakika, feyza altun güncel",
2025-09-18T16:01:04.921078,eşref rüya 14 bölüm full izle,1 Mn+,"eşref rüya 14 bölüm full izle son dakika, eşref rüya 14 bölüm full izle güncel",
2025-09-18T16:01:05.422118,mabel matiz perperişan,20 B+,"mabel matiz perperişan güncel, mabel matiz perperişan son dakika",
2025-09-18T16:01:05.923176,fenerbahçe - alanyaspor maç kadrosu,1 Mn+,"fenerbahçe - alanyaspor maç kadrosu özet, fenerbahçe - alanyaspor maç kadrosu iddaa, özet fenerbahçe - alanyaspor maç kadrosu, gol fenerbahçe - alanyaspor maç kadrosu, fenerbahçe - alanyaspor maç kadrosu güncel","fenerbahçe - alanyaspor maç kadrosu sonuç son dakika, sonuç fenerbahçe - alanyaspor maç kadrosu haberleri, fenerbahçe - alanyaspor maç kadrosu canlı son dakika, izle fenerbahçe - alanyaspor maç kadrosu haberleri, canlı fenerbahçe - alanyaspor maç kadrosu haberleri"
2025-09-18T16:01:06.424230,liverpool - atletico madrid,50 B+,"liverpool - atletico madrid güncel, liverpool - atletico madrid son dakika",
2025-09-18T16:01:06.925299,lyme hastalığı,20 B+,"lyme hastalığı güncel, lyme hastalığı son dakika",
2025-09-18T16:01:07.426264,bayern münih - chelsea,50 B+,"bayern münih - chelsea son dakika, bayern münih - chelsea güncel",
2025-09-18T16:01:07.927344,ajax - inter,50 B+,"ajax - inter son dakika, ajax - inter güncel",
2025-09-18T16:01:08.428506,psg - atalanta,20 B+,"psg - atalanta son dakika, psg - atalanta güncel",
2025-09-18T16:01:08.929610,safi arpaguş kimdir,20 B+,"safi arpaguş kimdir son dakika, safi arpaguş kimdir güncel",
2025-09-18T16:01:09.430733,onur özütoprak,20 B+,"onur özütoprak son dakika, onur özütoprak güncel",
2025-09-18T16:01:09.931826,düzcespor - pendikspor,2 B+,"düzcespor - pendikspor güncel, düzcespor - pendikspor son dakika",
2025-09-18T16:01:10.432995,cevizlibağ atatürk öğrenci yurdu,2 B+,"cevizlibağ atatürk öğrenci yurdu güncel, cevizlibağ atatürk öğrenci yurdu son dakika",
2025-09-18T16:01:10.934098,cihan aydın,10 B+,"cihan aydın son dakika, cihan aydın güncel",
2025-09-18T16:01:11.435158,ferhat gündoğdu,5 B+,"ferhat gündoğdu son dakika, ferhat gündoğdu güncel",
2025-09-18T16:01:11.936262,burcu özberk,2 B+,"burcu özberk güncel, burcu özberk son dakika",
2025-09-18T17:01:05.603836,eşref rüya 14 bölüm full izle,1 Mn+,"eşref rüya 14 bölüm full izle son dakika, eşref rüya 14 bölüm full izle güncel",
2025-09-18T17:01:06.104962,mabel matiz perperişan,20 B+,"mabel matiz perperişan son dakika, mabel matiz perperişan güncel",
2025-09-18T17:01:06.606212,fenerbahçe - alanyaspor maç kadrosu,1 Mn+,"fenerbahçe - alanyaspor maç kadrosu güncel, fenerbahçe - alanyaspor maç kadrosu son dakika, fenerbahçe - alanyaspor maç kadrosu özet, özet fenerbahçe - alanyaspor maç kadrosu, fenerbahçe - alanyaspor maç kadrosu gol","fenerbahçe - alanyaspor maç kadrosu sonuç son dakika, sonuç fenerbahçe - alanyaspor maç kadrosu haberleri, fenerbahçe - alanyaspor maç kadrosu izle son dakika, fenerbahçe - alanyaspor maç kadrosu canlı son dakika, izle fenerbahçe - alanyaspor maç kadrosu haberleri"
2025-09-18T17:01:07.107417,liverpool - atletico madrid,50 B+,"liverpool - atletico madrid son dakika, liverpool - atletico madrid güncel",
2025-09-18T17:01:07.608582,lyme hastalığı,20 B+,"lyme hastalığı güncel, lyme hastalığı son dakika",
2025-09-18T17:01:08.109757,bayern münih - chelsea,50 B+,"bayern münih - chelsea güncel, bayern münih - chelsea son dakika",
2025-09-18T17:01:08.611040,psg - atalanta,20 B+,"psg - atalanta son dakika, psg - atalanta güncel",
2025-09-18T17:01:09.112171,ajax - inter,50 B+,"ajax - inter son dakika, ajax - inter güncel",
2025-09-18T17:01:09.613335,safi arpaguş kimdir,20 B+,"safi arpaguş kimdir güncel, safi arpaguş kimdir son dakika",
2025-09-18T17:01:10.114498,düzcespor - pendikspor,5 B+,"düzcespor - pendikspor son dakika, düzcespor - pendikspor güncel",
2025-09-18T17:01:10.614960,onur özütoprak,20 B+,"onur özütoprak son dakika, onur özütoprak güncel",
2025-09-18T17:01:11.116107,ferhat gündoğdu,5 B+,"ferhat gündoğdu son dakika, ferhat gündoğdu güncel",
2025-09-18T17:01:11.617332,cevizlibağ atatürk öğrenci yurdu,5 B+,"cevizlibağ atatürk öğrenci yurdu güncel, cevizlibağ atatürk öğrenci yurdu son dakika",
2025-09-18T17:01:12.118507,cihan aydın,10 B+,"cihan aydın güncel, cihan aydın son dakika",
2025-09-18T17:01:12.619603,burcu özberk,2 B+,"burcu özberk güncel, burcu özberk son dakika",
2025-09-18T18:01:04.352856,eşref rüya 14 bölüm full izle,1 Mn+,"eşref rüya 14 bölüm full izle güncel, eşref rüya 14 bölüm full izle son dakika",
2025-09-18T18:01:04.853981,mabel matiz perperişan,50 B+,"mabel matiz perperişan son dakika, mabel matiz perperişan güncel",
2025-09-18T18:01:05.355096,lyme hastalığı,20 B+,"lyme hastalığı son dakika, lyme hastalığı güncel",
2025-09-18T18:01:05.856258,liverpool - atletico madrid,50 B+,"liverpool - atletico madrid son dakika, liverpool - atletico madrid güncel",
2025-09-18T18:01:06.357278,bayern münih - chelsea,50 B+,"bayern münih - chelsea son dakika, bayern münih - chelsea güncel",
2025-09-18T18:01:06.858492,fenerbahçe alanyaspor maç özeti,500 B+,"fenerbahçe alanyaspor maç özeti son dakika, fenerbahçe alanyaspor maç özeti gol, fenerbahçe alanyaspor maç özeti iddaa, fenerbahçe alanyaspor maç özeti güncel, fenerbahçe alanyaspor maç özeti özet","fenerbahçe alanyaspor maç özeti sonuç son dakika, fenerbahçe alanyaspor maç özeti canlı son dakika, izle fenerbahçe alanyaspor maç özeti haberleri, canlı fenerbahçe alanyaspor maç özeti haberleri, sonuç fenerbahçe alanyaspor maç özeti haberleri"
2025-09-18T18:01:07.359646,psg - atalanta,20 B+,"psg - atalanta güncel, psg - atalanta son dakika",
2025-09-18T18:01:07.860807,ajax - inter,50 B+,"ajax - inter son dakika, ajax - inter güncel",
2025-09-18T18:01:08.362010,düzcespor - pendikspor,5 B+,"düzcespor - pendikspor güncel, düzcespor - pendikspor son dakika",
2025-09-18T18:01:08.863155,safi arpaguş kimdir,20 B+,"safi arpaguş kimdir son dakika, safi arpaguş kimdir güncel",
2025-09-18T18:01:09.364205,onur özütoprak,20 B+,"onur özütoprak son dakika, onur özütoprak güncel",
2025-09-18T18:01:09.865297,cihan aydın,10 B+,"cihan aydın güncel, cihan aydın son dakika",
2025-09-18T18:01:10.365950,cevizlibağ atatürk öğrenci yurdu,5 B+,"cevizlibağ atatürk öğrenci yurdu son dakika, cevizlibağ atatürk öğrenci yurdu güncel",
2025-09-18T18:01:10.867158,ferhat gündoğdu,10 B+,"ferhat gündoğdu güncel, ferhat gündoğdu son dakika",
2025-09-18T18:01:11.368312,d4vd,2 B+,"d4vd güncel, d4vd son dakika",
2025-09-18T19:01:04.279654,eşref rüya 14 bölüm full izle,500 B+,"eşref rüya 14 bölüm full izle son dakika, eşref rüya 14 bölüm full izle güncel",
2025-09-18T19:01:04.780791,lyme hastalığı,20 B+,"lyme hastalığı son dakika, lyme hastalığı güncel",
2025-09-18T19:01:05.282033,mabel matiz perperişan,50 B+,"mabel matiz perperişan son dakika, mabel matiz perperişan güncel",
2025-09-18T19:01:05.783155,liverpool - atletico madrid,50 B+,"liverpool - atletico madrid son dakika, liverpool - atletico madrid güncel",
2025-09-18T19:01:06.284326,bayern münih - chelsea,50 B+,"bayern münih - chelsea güncel, bayern münih - chelsea son dakika",
2025-09-18T19:01:06.785503,ajax - inter,50 B+,"ajax - inter son dakika, ajax - inter güncel",
2025-09-18T19:01:07.286555,psg - atalanta,20 B+,"psg - atalanta son dakika, psg - atalanta güncel",
2025-09-18T19:01:07.787768,fenerbahçe alanyaspor maç özeti,500 B+,"fenerbahçe alanyaspor maç özeti özet, fenerbahçe alanyaspor maç özeti iddaa, özet fenerbahçe alanyaspor maç özeti, fenerbahçe alanyaspor maç özeti gol, fenerbahçe alanyaspor maç özeti son dakika","canlı fenerbahçe alanyaspor maç özeti haberleri, fenerbahçe alanyaspor maç özeti canlı son dakika, sonuç fenerbahçe alanyaspor maç özeti haberleri, fenerbahçe alanyaspor maç özeti izle son dakika, fenerbahçe alanyaspor maç özeti sonuç son dakika"
2025-09-18T19:01:08.288790,safi arpaguş kimdir,20 B+,"safi arpaguş kimdir son dakika, safi arpaguş kimdir güncel",
2025-09-18T19:01:08.790043,cevizlibağ atatürk öğrenci yurdu,5 B+,"cevizlibağ atatürk öğrenci yurdu güncel, cevizlibağ atatürk öğrenci yurdu son dakika",
2025-09-18T19:01:09.291107,düzcespor - pendikspor,5 B+,"düzcespor - pendikspor güncel, düzcespor - pendikspor son dakika",
2025-09-18T19:01:09.792056,cihan aydın,10 B+,"cihan aydın güncel, cihan aydın son dakika",
2025-09-18T19:01:10.293221,giresunspor - yeni orduspor,2 B+,"giresunspor - yeni orduspor son dakika, giresunspor - yeni orduspor güncel",
2025-09-18T19:01:10.794393,burcu özberk,5 B+,"burcu özberk güncel, burcu özberk son dakika",
2025-09-18T19:01:11.295518,d4vd,2 B+,"d4vd güncel, d4vd son dakika",
2025-09-18T20:01:04.338027,eşref rüya 14 bölüm full izle,500 B+,"eşref rüya 14 bölüm full izle güncel, eşref rüya 14 bölüm full izle son dakika",
2025-09-18T20:01:04.839055,lyme hastalığı,20 B+,"lyme hastalığı güncel, lyme hastalığı son dakika",
2025-09-18T20:01:05.340161,mabel matiz perperişan,50 B+,"mabel matiz perperişan son dakika, mabel matiz perperişan güncel",
2025-09-18T20:01:05.841320,liverpool - atletico madrid,50 B+,"liverpool - atletico madrid güncel, liverpool - atletico madrid son dakika",
2025-09-18T20:01:06.342230,bayern münih - chelsea,50 B+,"bayern münih - chelsea güncel, bayern münih - chelsea son dakika",
2025-09-18T20:01:06.843437,ajax - inter,50 B+,"ajax - inter güncel, ajax - inter son dakika",
2025-09-18T20:01:07.344358,fenerbahçe alanyaspor maç özeti,500 B+,"fenerbahçe alanyaspor maç özeti iddaa, özet fenerbahçe alanyaspor maç özeti, iddaa fenerbahçe alanyaspor maç özeti, fenerbahçe alanyaspor maç özeti son dakika, fenerbahçe alanyaspor maç özeti güncel","izle fenerbahçe alanyaspor maç özeti haberleri, fenerbahçe alanyaspor maç özeti sonuç son dakika, canlı fenerbahçe alanyaspor maç özeti haberleri, fenerbahçe alanyaspor maç özeti canlı son dakika, sonuç fenerbahçe alanyaspor maç özeti haberleri"
2025-09-18T20:01:07.845412,psg - atalanta,20 B+,"psg - atalanta son dakika, psg - atalanta güncel",
2025-09-18T20:01:08.346543,onur özütoprak,20 B+,"onur özütoprak güncel, onur özütoprak son dakika",
2025-09-18T20:01:08.847706,cihan aydın,10 B+,"cihan aydın güncel, cihan aydın son dakika",
2025-09-18T20:01:09.348977,cevizlibağ atatürk öğrenci yurdu,5 B+,"cevizlibağ atatürk öğrenci yurdu son dakika, cevizlibağ atatürk öğrenci yurdu güncel",
2025-09-18T20:01:09.850136,otobüs,2 B+,"otobüs güncel, otobüs son dakika",
2025-09-18T20:01:10.351293,ferhat gündoğdu,10 B+,"ferhat gündoğdu güncel, ferhat gündoğdu son dakika",
2025-09-18T20:01:10.852446,club brugge - monaco,1 B+,"club brugge - monaco güncel, club brugge - monaco son dakika",
2025-09-18T20:01:11.353603,kopenhag - leverkusen,2 B+,"kopenhag - leverkusen son dakika, kopenhag - leverkusen güncel",
2025-09-18T21:01:04.735269,esref ruya 14 bolum izle,100 B+,"esref ruya 14 bolum izle son dakika, esref ruya 14 bolum izle güncel",
2025-09-18T21:01:05.236270,mabel matiz perperişan,50 B+,"mabel matiz perperişan son dakika, mabel matiz perperişan güncel",
2025-09-18T21:01:05.737313,liverpool - atletico madrid,50 B+,"liverpool - atletico madrid son dakika, liverpool - atletico madrid güncel",
2025-09-18T21:01:06.238382,ajax - inter,50 B+,"ajax - inter son dakika, ajax - inter güncel",
2025-09-18T21:01:06.739424,bayern münih - chelsea,50 B+,"bayern münih - chelsea son dakika, bayern münih - chelsea güncel",
2025-09-18T21:01:07.240665,fenerbahçe alanyaspor maç özeti,200 B+,"fenerbahçe alanyaspor maç özeti iddaa, özet fenerbahçe alanyaspor maç özeti, fenerbahçe alanyaspor maç özeti güncel, fenerbahçe alanyaspor maç özeti özet, gol fenerbahçe alanyaspor maç özeti","fenerbahçe alanyaspor maç özeti sonuç son dakika, canlı fenerbahçe alanyaspor maç özeti haberleri, sonuç fenerbahçe alanyaspor maç özeti haberleri, izle fenerbahçe alanyaspor maç özeti haberleri, fenerbahçe alanyaspor maç özeti izle son dakika"
2025-09-18T21:01:07.741823,kopenhag - leverkusen,5 B+,"kopenhag - leverkusen güncel, kopenhag - leverkusen son dakika",
2025-09-18T21:01:08.243273,psg - atalanta,20 B+,"psg - atalanta son dakika, psg - atalanta güncel",
2025-09-18T21:01:08.744459,show tv canlı izle,10 B+,"show tv canlı izle son dakika, show tv canlı izle güncel",
2025-09-18T21:01:09.245625,club brugge - monaco,5 B+,"club brugge - monaco güncel, club brugge - monaco son dakika",
2025-09-18T21:01:09.746783,show tv,20 B+,"show tv son dakika, show tv güncel",
2025-09-18T21:01:10.248098,club brugge,2 B+,"club brugge son dakika, club brugge güncel",
2025-09-18T21:01:10.749292,monaco,2 B+,"monaco son dakika, monaco güncel",
2025-09-18T21:01:11.250456,onur özütoprak,20 B+,"onur özütoprak son dakika, onur özütoprak güncel",
2025-09-18T21:01:11.751636,eskişehirspor - muğlaspor,2 B+,"eskişehirspor - muğlaspor güncel, eskişehirspor - muğlaspor son dakika",
2025-09-18T22:01:04.996992,esref ruya 14 bolum izle,100 B+,"esref ruya 14 bolum izle güncel, esref ruya 14 bolum izle son dakika",
2025-09-18T22:01:05.498030,newcastle united - barcelona,10 B+,"newcastle united - barcelona son dakika, newcastle united - barcelona güncel",
2025-09-18T22:01:05.999057,manchester city - napoli,10 B+,"manchester city - napoli güncel, manchester city - napoli son dakika",
2025-09-18T22:01:06.500145,monaco,10 B+,"monaco güncel, monaco son dakika",
2025-09-18T22:01:07.001186,club brugge,10 B+,"club brugge son dakika, club brugge güncel",
2025-09-18T22:01:07.502228,kopenhag - leverkusen,10 B+,"kopenhag - leverkusen son dakika, kopenhag - leverkusen güncel",
2025-09-18T22:01:08.003410,نيوكاسل يونايتد ضد برشلونة,5 B+,"نيوكاسل يونايتد ضد برشلونة güncel, نيوكاسل يونايتد ضد برشلونة son dakika",
2025-09-18T22:01:08.504514,club brugge - monaco,5 B+,"club brugge - monaco son dakika, club brugge - monaco güncel",
2025-09-18T22:01:09.005614,halef dizisi,5 B+,"halef dizisi son dakika, halef dizisi güncel",
2025-09-18T22:01:09.506715,sean connery,2 B+,"sean connery son dakika, sean connery güncel",
2025-09-18T22:01:10.007816,leverkusen,5 B+,"leverkusen son dakika, leverkusen güncel",
2025-09-18T22:01:10.509050,iptv,5 B+,"iptv son dakika, iptv güncel",
2025-09-18T22:01:11.010234,fenerbahçe alanyaspor maç özeti,100 B+,"fenerbahçe alanyaspor maç özeti güncel, iddaa fenerbahçe alanyaspor maç özeti, özet fenerbahçe alanyaspor maç özeti, fenerbahçe alanyaspor maç özeti özet, fenerbahçe alanyaspor maç özeti son dakika","fenerbahçe alanyaspor maç özeti canlı son dakika, izle fenerbahçe alanyaspor maç özeti haberleri, fenerbahçe alanyaspor maç özeti izle son dakika, fenerbahçe alanyaspor maç özeti sonuç son dakika, sonuç fenerbahçe alanyaspor maç özeti haberleri"
2025-09-18T22:01:11.511346,veliaht,5 B+,"veliaht son dakika, veliaht güncel",
2025-09-18T22:01:12.012460,eskişehirspor - muğlaspor,5 B+,"eskişehirspor - muğlaspor son dakika, eskişehirspor - muğlaspor güncel",
2025-09-18T23:01:05.228748,can uzun,50 B+,"can uzun güncel, can uzun son dakika",
2025-09-18T23:01:05.729435,esref ruya 14 bolum izle,100 B+,"esref ruya 14 bolum izle son dakika, esref ruya 14 bolum izle güncel",
2025-09-18T23:01:06.230554,manchester city - napoli,20 B+,"manchester city - napoli son dakika, manchester city - napoli güncel",
2025-09-18T23:01:06.731653,newcastle united - barcelona,20 B+,"newcastle united - barcelona güncel, newcastle united - barcelona son dakika",
2025-09-18T23:01:07.232813,tabii,20 B+,"tabii güncel, tabii son dakika",
2025-09-18T23:01:07.734167,نيوكاسل يونايتد ضد برشلونة,10 B+,"نيوكاسل يونايتد ضد برشلونة son dakika, نيوكاسل يونايتد ضد برشلونة güncel",
2025-09-18T23:01:08.235319,ilkay gündoğan,5 B+,"ilkay gündoğan son dakika, ilkay gündoğan güncel",
2025-09-18T23:01:08.736450,barcelona,10 B+,"barcelona son dakika, barcelona güncel",
2025-09-18T23:01:09.237564,sane,5 B+,"sane son dakika, sane güncel",
2025-09-18T23:01:09.738653,halef dizisi,10 B+,"halef dizisi son dakika, halef dizisi güncel",
2025-09-18T23:01:10.239834,insanların tümünün dünyada bulunduğu son tarih,5 B+,"insanların tümünün dünyada bulunduğu son tarih güncel, insanların tümünün dünyada bulunduğu son tarih son dakika",
2025-09-18T23:01:10.740953,monaco,10 B+,"monaco son dakika, monaco güncel",
2025-09-18T23:01:11.242122,kopenhag - leverkusen,10 B+,"kopenhag - leverkusen son dakika, kopenhag - leverkusen güncel",
2025-09-18T23:01:11.743283,club brugge,10 B+,"club brugge son dakika, club brugge güncel",
2025-09-18T23:01:12.244450,bugün kimin maçı var,5 B+,"bugün kimin maçı var son dakika, bugün kimin maçı var güncel",
2025-09-19T00:01:07.490948,can uzun,50 B+,"can uzun son dakika, can uzun güncel",
2025-09-19T00:01:07.992014,newcastle united - barcelona,20 B+,"newcastle united - barcelona güncel, newcastle united - barcelona son dakika",
2025-09-19T00:01:08.493033,manchester city - napoli,20 B+,"manchester city - napoli güncel, manchester city - napoli son dakika",
2025-09-19T00:01:08.993393,esref ruya 14 bolum izle,50 B+,"esref ruya 14 bolum izle son dakika, esref ruya 14 bolum izle güncel",
2025-09-19T00:01:09.494255,barcelona,20 B+,"barcelona son dakika, barcelona güncel",
2025-09-19T00:01:09.995298,نيوكاسل يونايتد ضد برشلونة,10 B+,"نيوكاسل يونايتد ضد برشلونة son dakika, نيوكاسل يونايتد ضد برشلونة güncel",
2025-09-19T00:01:10.496340,tabii,20 B+,"tabii son dakika, tabii güncel",
2025-09-19T00:01:10.997407,manchester city,10 B+,"manchester city son dakika, manchester city güncel",
2025-09-19T00:01:11.498422,sane,5 B+,"sane son dakika, sane güncel",
2025-09-19T00:01:11.999491,kamçatka,5 B+,"kamçatka güncel, kamçatka son dakika",
2025-09-19T00:01:12.500566,monaco,10 B+,"monaco güncel, monaco son dakika",
2025-09-19T00:01:13.001655,beşiktaş frankfurt,2 B+,"beşiktaş frankfurt güncel, beşiktaş frankfurt son dakika",
2025-09-19T00:01:13.502582,ilkay gündoğan,5 B+,"ilkay gündoğan güncel, ilkay gündoğan son dakika",
2025-09-19T00:01:14.003677,sporting lizbon - kairat,2 B+,"sporting lizbon - kairat son dakika, sporting lizbon - kairat güncel",
2025-09-19T00:01:14.504776,kopenhag - leverkusen,10 B+,"kopenhag - leverkusen güncel, kopenhag - leverkusen son dakika",
2025-09-19T01:01:05.125541,newcastle united - barcelona,20 B+,"newcastle united - barcelona güncel, newcastle united - barcelona son dakika",
2025-09-19T01:01:05.626581,manchester city - napoli,20 B+,"manchester city - napoli güncel, manchester city - napoli son dakika",
2025-09-19T01:01:06.127596,can uzun,100 B+,"can uzun güncel, can uzun son dakika",
2025-09-19T01:01:06.628740,esref ruya 14 bolum izle,50 B+,"esref ruya 14 bolum izle güncel, esref ruya 14 bolum izle son dakika",
2025-09-19T01:01:07.129913,barcelona,20 B+,"barcelona güncel, barcelona son dakika",
2025-09-19T01:01:07.631144,okan buruk,20 B+,"okan buruk son dakika, okan buruk güncel",
2025-09-19T01:01:08.132255,نيوكاسل يونايتد ضد برشلونة,10 B+,"نيوكاسل يونايتد ضد برشلونة son dakika, نيوكاسل يونايتد ضد برشلونة güncel",
2025-09-19T01:01:08.633304,manchester city,10 B+,"manchester city güncel, manchester city son dakika",
2025-09-19T01:01:09.134441,rusya deprem,10 B+,"rusya deprem son dakika, rusya deprem güncel",
2025-09-19T01:01:09.635056,monaco,10 B+,"monaco son dakika, monaco güncel",
2025-09-19T01:01:10.136161,veliaht,10 B+,"veliaht güncel, veliaht son dakika",
2025-09-19T01:01:10.637332,cevizlibağ atatürk öğrenci yurdu,5 B+,"cevizlibağ atatürk öğrenci yurdu son dakika, cevizlibağ atatürk öğrenci yurdu güncel",
2025-09-19T01:01:11.138211,uefa champions league,10 B+,"uefa champions league güncel, uefa champions league son dakika",
2025-09-19T01:01:11.639280,beşiktaş frankfurt,5 B+,"beşiktaş frankfurt güncel, beşiktaş frankfurt son dakika",
2025-09-19T01:01:12.140460,maçkolik,10 B+,"maçkolik son dakika, maçkolik güncel",
2025-09-19T02:01:04.943291,manchester city - napoli,50 B+,"manchester city - napoli güncel, manchester city - napoli son dakika",
2025-09-19T02:01:05.444232,can uzun,100 B+,"can uzun son dakika, can uzun güncel",
2025-09-19T02:01:05.945340,newcastle united - barcelona,50 B+,"newcastle united - barcelona son dakika, newcastle united - barcelona güncel",
2025-09-19T02:01:06.446357,barcelona,20 B+,"barcelona son dakika, barcelona güncel",
2025-09-19T02:01:06.947481,esref ruya 14 bolum,20 B+,"esref ruya 14 bolum son dakika, esref ruya 14 bolum güncel",
2025-09-19T02:01:07.448477,rusya deprem,10 B+,"rusya deprem son dakika, rusya deprem güncel",
2025-09-19T02:01:07.949468,okan buruk,20 B+,"okan buruk güncel, okan buruk son dakika",
2025-09-19T02:01:08.450542,نيوكاسل يونايتد ضد برشلونة,10 B+,"نيوكاسل يونايتد ضد برشلونة son dakika, نيوكاسل يونايتد ضد برشلونة güncel",
2025-09-19T02:01:08.951704,manchester city,10 B+,"manchester city güncel, manchester city son dakika",
2025-09-19T02:01:09.452824,cevizlibağ atatürk öğrenci yurdu,10 B+,"cevizlibağ atatürk öğrenci yurdu son dakika, cevizlibağ atatürk öğrenci yurdu güncel",
2025-09-19T02:01:09.954031,monaco,10 B+,"monaco son dakika, monaco güncel",
2025-09-19T02:01:10.455194,halef dizisi,10 B+,"halef dizisi güncel, halef dizisi son dakika",
2025-09-19T02:01:10.956360,veliaht,20 B+,"veliaht güncel, veliaht son dakika",
2025-09-19T02:01:11.457469,ece erken,2 B+,"ece erken son dakika, ece erken güncel",
2025-09-19T02:01:11.958622,club brugge,10 B+,"club brugge son dakika, club brugge güncel",
2025-09-19T03:01:04.136844,can uzun,100 B+,"can uzun son dakika, can uzun güncel",
2025-09-19T03:01:04.638020,manchester city - napoli,50 B+,"manchester city - napoli son dakika, manchester city - napoli güncel",
2025-09-19T03:01:05.138875,newcastle united - barcelona,50 B+,"newcastle united - barcelona güncel, newcastle united - barcelona son dakika",
2025-09-19T03:01:05.639976,barcelona,20 B+,"barcelona son dakika, barcelona güncel",
2025-09-19T03:01:06.141029,نيوكاسل يونايتد ضد برشلونة,10 B+,"نيوكاسل يونايتد ضد برشلونة son dakika, نيوكاسل يونايتد ضد برشلونة güncel",
2025-09-19T03:01:06.641773,okan buruk,20 B+,"okan buruk son dakika, okan buruk güncel",
2025-09-19T03:01:07.142979,cevizlibağ atatürk öğrenci yurdu,10 B+,"cevizlibağ atatürk öğrenci yurdu güncel, cevizlibağ atatürk öğrenci yurdu son dakika",
2025-09-19T03:01:07.644125,veliaht,20 B+,"veliaht son dakika, veliaht güncel",
2025-09-19T03:01:08.145328,rusya deprem,10 B+,"rusya deprem son dakika, rusya deprem güncel",
2025-09-19T03:01:08.646221,manchester city,10 B+,"manchester city son dakika, manchester city güncel",
2025-09-19T03:01:09.147388,ece erken,2 B+,"ece erken son dakika, ece erken güncel",
2025-09-19T03:01:09.648552,club brugge,10 B+,"club brugge güncel, club brugge son dakika",
2025-09-19T03:01:10.149655,dying light the beast,2 B+,"dying light the beast güncel, dying light the beast son dakika",
2025-09-19T03:01:10.650777,halef dizisi,10 B+,"halef dizisi güncel, halef dizisi son dakika",
2025-09-19T03:01:11.152034,kairat,2 B+,"kairat son dakika, kairat güncel",
2025-09-19T04:01:03.660033,manchester city - napoli,50 B+,"manchester city - napoli güncel, manchester city - napoli son dakika",
2025-09-19T04:01:04.161042,newcastle united - barcelona,50 B+,"newcastle united - barcelona son dakika, newcastle united - barcelona güncel",
2025-09-19T04:01:04.662179,can uzun,100 B+,"can uzun son dakika, can uzun güncel",
2025-09-19T04:01:05.163323,barcelona,20 B+,"barcelona güncel, barcelona son dakika",
2025-09-19T04:01:05.664453,rusya deprem,10 B+,"rusya deprem güncel, rusya deprem son dakika",
2025-09-19T04:01:06.165652,veliaht,20 B+,"veliaht güncel, veliaht son dakika",
2025-09-19T04:01:06.666075,cevizlibağ atatürk öğrenci yurdu,10 B+,"cevizlibağ atatürk öğrenci yurdu güncel, cevizlibağ atatürk öğrenci yurdu son dakika",
2025-09-19T04:01:07.167199,manchester city,10 B+,"manchester city son dakika, manchester city güncel",
2025-09-19T04:01:07.668432,ece erken,2 B+,"ece erken güncel, ece erken son dakika",
2025-09-19T04:01:08.169628,sane,20 B+,"sane son dakika, sane güncel",
2025-09-19T04:01:08.670219,halef dizisi,10 B+,"halef dizisi güncel, halef dizisi son dakika",
2025-09-19T04:01:09.171370,kairat,2 B+,"kairat son dakika, kairat güncel",
2025-09-19T04:01:09.672215,sporting lizbon - kairat,2 B+,"sporting lizbon - kairat son dakika, sporting lizbon - kairat güncel",
2025-09-19T04:01:10.173385,şerafettin yıldırım,2 B+,"şerafettin yıldırım güncel, şerafettin yıldırım son dakika",
2025-09-19T04:01:10.674342,beşiktaş frankfurt,5 B+,"beşiktaş frankfurt son dakika, beşiktaş frankfurt güncel",
2025-09-19T05:01:05.274518,manchester city - napoli,50 B+,"manchester city - napoli son dakika, manchester city - napoli güncel",
2025-09-19T05:01:05.775480,newcastle united - barcelona,50 B+,"newcastle united - barcelona güncel, newcastle united - barcelona son dakika",
2025-09-19T05:01:06.276216,can uzun,100 B+,"can uzun güncel, can uzun son dakika",
2025-09-19T05:01:06.777215,barcelona,20 B+,"barcelona son dakika, barcelona güncel",
2025-09-19T05:01:07.278302,نيوكاسل يونايتد ضد برشلونة,10 B+,"نيوكاسل يونايتد ضد برشلونة güncel, نيوكاسل يونايتد ضد برشلونة son dakika",
2025-09-19T05:01:07.779423,cevizlibağ atatürk öğrenci yurdu,10 B+,"cevizlibağ atatürk öğrenci yurdu güncel, cevizlibağ atatürk öğrenci yurdu son dakika",
2025-09-19T05:01:08.280548,dying light the beast,2 B+,"dying light the beast güncel, dying light the beast son dakika",
2025-09-19T05:01:08.781790,ece erken,5 B+,"ece erken son dakika, ece erken güncel",
2025-09-19T05:01:09.283033,kairat,2 B+,"kairat son dakika, kairat güncel",
2025-09-19T05:01:09.784208,gaziantep hava durumu,5 B+,"gaziantep hava durumu güncel, gaziantep hava durumu son dakika",
2025-09-19T05:01:10.285404,jimmy kimmel,2 B+,"jimmy kimmel güncel, jimmy kimmel son dakika",
2025-09-19T05:01:10.786458,manchester city,10 B+,"manchester city son dakika, manchester city güncel",
2025-09-19T05:01:11.287229,rusya deprem,10 B+,"rusya deprem son dakika, rusya deprem güncel",
2025-09-19T05:01:11.788144,veliaht,10 B+,"veliaht son dakika, veliaht güncel",
2025-09-19T05:01:12.289326,sane,20 B+,"sane güncel, sane son dakika",
2025-09-19T06:01:05.581480,manchester city - napoli,50 B+,"manchester city - napoli son dakika, manchester city - napoli güncel",
2025-09-19T06:01:06.082126,newcastle united - barcelona,50 B+,"newcastle united - barcelona son dakika, newcastle united - barcelona güncel",
2025-09-19T06:01:06.583307,can uzun,100 B+,"can uzun son dakika, can uzun güncel",
2025-09-19T06:01:07.084461,barcelona,20 B+,"barcelona son dakika, barcelona güncel",
2025-09-19T06:01:07.585556,نيوكاسل يونايتد ضد برشلونة,10 B+,"نيوكاسل يونايتد ضد برشلونة güncel, نيوكاسل يونايتد ضد برشلونة son dakika",
2025-09-19T06:01:08.086669,ece erken,5 B+,"ece erken son dakika, ece erken güncel",
2025-09-19T06:01:08.587821,rusya deprem,10 B+,"rusya deprem güncel, rusya deprem son dakika",
2025-09-19T06:01:09.089096,club brugge,10 B+,"club brugge güncel, club brugge son dakika",
2025-09-19T06:01:09.590090,gaziantep hava durumu,5 B+,"gaziantep hava durumu son dakika, gaziantep hava durumu güncel",
2025-09-19T06:01:10.091044,otobüs,2 B+,"otobüs güncel, otobüs son dakika",
2025-09-19T06:01:10.592161,meteorolojik uyarı,100 B+,"meteorolojik uyarı güncel, meteorolojik uyarı son dakika",
2025-09-19T06:01:11.093366,مان سيتي ضد نابولي,2 B+,"مان سيتي ضد نابولي güncel, مان سيتي ضد نابولي son dakika",
2025-09-19T06:01:11.594288,erken emeklilik eyt,2 B+,"erken emeklilik eyt güncel, erken emeklilik eyt son dakika",
2025-09-19T06:01:12.095441,beşiktaş frankfurt,5 B+,"beşiktaş frankfurt son dakika, beşiktaş frankfurt güncel",
2025-09-19T06:01:12.596467,adıyaman hava durumu,1 B+,"adıyaman hava durumu güncel, adıyaman hava durumu son dakika",
2025-09-19T07:01:04.679878,manchester city - napoli,50 B+,"manchester city - napoli güncel, manchester city - napoli son dakika",
2025-09-19T07:01:05.180230,newcastle united - barcelona,50 B+,"newcastle united - barcelona son dakika, newcastle united - barcelona güncel",
2025-09-19T07:01:05.681107,can uzun,100 B+,"can uzun son dakika, can uzun güncel",
2025-09-19T07:01:06.182238,barcelona,20 B+,"barcelona güncel, barcelona son dakika",
2025-09-19T07:01:06.683025,نيوكاسل يونايتد ضد برشلونة,10 B+,"نيوكاسل يونايتد ضد برشلونة son dakika, نيوكاسل يونايتد ضد برشلونة güncel",
2025-09-19T07:01:07.184232,gaziantep hava durumu,5 B+,"gaziantep hava durumu güncel, gaziantep hava durumu son dakika",
2025-09-19T07:01:07.685159,okan buruk,20 B+,"okan buruk güncel, okan buruk son dakika",
2025-09-19T07:01:08.186379,rusya deprem,10 B+,"rusya deprem güncel, rusya deprem son dakika",
2025-09-19T07:01:08.687474,otobüs,5 B+,"otobüs güncel, otobüs son dakika",
2025-09-19T07:01:09.188542,meteorolojik uyarı,5 B+,"meteorolojik uyarı son dakika, meteorolojik uyarı güncel",
2025-09-19T07:01:09.689638,cevizlibağ atatürk öğrenci yurdu,10 B+,"cevizlibağ atatürk öğrenci yurdu son dakika, cevizlibağ atatürk öğrenci yurdu güncel",
2025-09-19T07:01:10.190789,ece erken,5 B+,"ece erken son dakika, ece erken güncel",
2025-09-19T07:01:10.691982,manchester city,10 B+,"manchester city son dakika, manchester city güncel",
2025-09-19T07:01:11.193101,sporting lizbon - kairat,2 B+,"sporting lizbon - kairat son dakika, sporting lizbon - kairat güncel",
2025-09-19T07:01:11.694200,مان سيتي ضد نابولي,2 B+,"مان سيتي ضد نابولي güncel, مان سيتي ضد نابولي son dakika",
2025-09-19T08:01:04.349621,manchester city - napoli,50 B+,"manchester city - napoli son dakika, manchester city - napoli güncel",
2025-09-19T08:01:04.850736,newcastle united - barcelona,50 B+,"newcastle united - barcelona son dakika, newcastle united - barcelona güncel",
2025-09-19T08:01:05.351783,can uzun,100 B+,"can uzun son dakika, can uzun güncel",
2025-09-19T08:01:05.852792,barcelona,20 B+,"barcelona güncel, barcelona son dakika",
2025-09-19T08:01:06.353971,gaziantep hava durumu,5 B+,"gaziantep hava durumu güncel, gaziantep hava durumu son dakika",
2025-09-19T08:01:06.855075,نيوكاسل يونايتد ضد برشلونة,10 B+,"نيوكاسل يونايتد ضد برشلونة son dakika, نيوكاسل يونايتد ضد برشلونة güncel",
2025-09-19T08:01:07.356222,okan buruk,20 B+,"okan buruk son dakika, okan buruk güncel",
2025-09-19T08:01:07.857311,rusya deprem,10 B+,"rusya deprem son dakika, rusya deprem güncel",
2025-09-19T08:01:08.358455,cevizlibağ atatürk öğrenci yurdu,10 B+,"cevizlibağ atatürk öğrenci yurdu güncel, cevizlibağ atatürk öğrenci yurdu son dakika",
2025-09-19T08:01:08.859664,michy batshuayi,10 B+,"michy batshuayi son dakika, michy batshuayi güncel",
2025-09-19T08:01:09.359978,gaziler günü,5 B+,"gaziler günü son dakika, gaziler günü güncel",
2025-09-19T08:01:09.861120,meteorolojik uyarı,5 B+,"meteorolojik uyarı güncel, meteorolojik uyarı son dakika",
2025-09-19T08:01:10.362276,otobüs,5 B+,"otobüs son dakika, otobüs güncel",
2025-09-19T08:01:10.863398,manchester city,10 B+,"manchester city son dakika, manchester city güncel",
2025-09-19T08:01:11.364451,beşiktaş frankfurt,5 B+,"beşiktaş frankfurt son dakika, beşiktaş frankfurt güncel",
2025-09-19T09:01:05.343689,can uzun,100 B+,"can uzun son dakika, can uzun güncel",
2025-09-19T09:01:05.844711,manchester city - napoli,50 B+,"manchester city - napoli güncel, manchester city - napoli son dakika",
2025-09-19T09:01:06.345740,newcastle united - barcelona,50 B+,"newcastle united - barcelona güncel, newcastle united - barcelona son dakika",
2025-09-19T09:01:06.846146,barcelona,20 B+,"barcelona güncel, barcelona son dakika",
2025-09-19T09:01:07.347222,okan buruk,20 B+,"okan buruk son dakika, okan buruk güncel",
2025-09-19T09:01:07.848319,cevizlibağ atatürk öğrenci yurdu,10 B+,"cevizlibağ atatürk öğrenci yurdu son dakika, cevizlibağ atatürk öğrenci yurdu güncel",
2025-09-19T09:01:08.349077,نيوكاسل يونايتد ضد برشلونة,10 B+,"نيوكاسل يونايتد ضد برشلونة son dakika, نيوكاسل يونايتد ضد برشلونة güncel",
2025-09-19T09:01:08.850162,rusya deprem,10 B+,"rusya deprem güncel, rusya deprem son dakika",
2025-09-19T09:01:09.351336,19 eylül ne günü,5 B+,"19 eylül ne günü son dakika, 19 eylül ne günü güncel",
2025-09-19T09:01:09.852495,ece erken,5 B+,"ece erken güncel, ece erken son dakika",
2025-09-19T09:01:10.353670,beşiktaş frankfurt,5 B+,"beşiktaş frankfurt son dakika, beşiktaş frankfurt güncel",
2025-09-19T09:01:10.854836,gaziantep hava durumu,10 B+,"gaziantep hava durumu güncel, gaziantep hava durumu son dakika",
2025-09-19T09:01:11.356109,monaco,10 B+,"monaco güncel, monaco son dakika",
2025-09-19T09:01:11.857172,halef dizisi,10 B+,"halef dizisi son dakika, halef dizisi güncel",
2025-09-19T09:01:12.358244,otobüs,5 B+,"otobüs son dakika, otobüs güncel",
2025-09-19T10:01:06.361297,can uzun,100 B+,"can uzun son dakika, can uzun güncel",
2025-09-19T10:01:06.862249,manchester city - napoli,50 B+,"manchester city - napoli güncel, manchester city - napoli son dakika",
2025-09-19T10:01:07.363058,newcastle united - barcelona,50 B+,"newcastle united - barcelona son dakika, newcastle united - barcelona güncel",
2025-09-19T10:01:07.864198,okan buruk,50 B+,"okan buruk son dakika, okan buruk güncel",
2025-09-19T10:01:08.365311,19 eylül ne günü,10 B+,"19 eylül ne günü son dakika, 19 eylül ne günü güncel",
2025-09-19T10:01:08.866423,cevizlibağ atatürk öğrenci yurdu,10 B+,"cevizlibağ atatürk öğrenci yurdu son dakika, cevizlibağ atatürk öğrenci yurdu güncel",
2025-09-19T10:01:09.367486,rusya deprem,10 B+,"rusya deprem son dakika, rusya deprem güncel",
2025-09-19T10:01:09.868593,ece erken,5 B+,"ece erken güncel, ece erken son dakika",
2025-09-19T10:01:10.369766,halef dizisi,10 B+,"halef dizisi güncel, halef dizisi son dakika",
2025-09-19T10:01:10.870829,نيوكاسل يونايتد ضد برشلونة,10 B+,"نيوكاسل يونايتد ضد برشلونة güncel, نيوكاسل يونايتد ضد برشلونة son dakika",
2025-09-19T10:01:11.371553,otobüs,5 B+,"otobüs son dakika, otobüs güncel",
2025-09-19T10:01:11.872629,beşiktaş frankfurt,5 B+,"beşiktaş frankfurt son dakika, beşiktaş frankfurt güncel",
2025-09-19T10:01:12.373743,gaziantep hava durumu,10 B+,"gaziantep hava durumu güncel, gaziantep hava durumu son dakika",
2025-09-19T10:01:12.874838,meteorolojik uyarı,10 B+,"meteorolojik uyarı güncel, meteorolojik uyarı son dakika",
2025-09-19T10:01:13.376195,kpss ne zaman açıklanacak,5 B+,"kpss ne zaman açıklanacak son dakika, kpss ne zaman açıklanacak güncel",
2025-09-19T11:01:04.678864,can uzun,100 B+,"can uzun güncel, can uzun son dakika",
2025-09-19T11:01:05.179963,newcastle united - barcelona,50 B+,"newcastle united - barcelona güncel, newcastle united - barcelona son dakika",
2025-09-19T11:01:05.680294,manchester city - napoli,50 B+,"manchester city - napoli güncel, manchester city - napoli son dakika",
2025-09-19T11:01:06.181440,19 eylül ne günü,10 B+,"19 eylül ne günü son dakika, 19 eylül ne günü güncel",
2025-09-19T11:01:06.682571,rusya deprem son dakika,10 B+,"rusya deprem son dakika son dakika, rusya deprem son dakika güncel",
2025-09-19T11:01:07.183678,halef dizisi,10 B+,"halef dizisi güncel, halef dizisi son dakika",
2025-09-19T11:01:07.684633,okan buruk,50 B+,"okan buruk güncel, okan buruk son dakika",
2025-09-19T11:01:08.185681,ece erken,5 B+,"ece erken güncel, ece erken son dakika",
2025-09-19T11:01:08.686820,beşiktaş frankfurt,5 B+,"beşiktaş frankfurt güncel, beşiktaş frankfurt son dakika",
2025-09-19T11:01:09.188229,ahmet sungur,2 B+,"ahmet sungur güncel, ahmet sungur son dakika",
2025-09-19T11:01:09.689364,alanya orman yangını,2 B+,"alanya orman yangını son dakika, alanya orman yangını güncel",
2025-09-19T11:01:10.190445,otobüs,5 B+,"otobüs güncel, otobüs son dakika",
2025-09-19T11:01:10.691532,atv canlı yayın izle 2025,1 B+,"atv canlı yayın izle 2025 son dakika, atv canlı yayın izle 2025 güncel",
2025-09-19T11:01:11.192675,kpss ne zaman açıklanacak,5 B+,"kpss ne zaman açıklanacak son dakika, kpss ne zaman açıklanacak güncel",
2025-09-19T11:01:11.693827,celal bayar üniversitesi,5 B+,"celal bayar üniversitesi son dakika, celal bayar üniversitesi güncel",
2025-09-19T12:01:04.195469,can uzun,100 B+,"can uzun güncel, can uzun son dakika",
2025-09-19T12:01:04.696549,manchester city - napoli,50 B+,"manchester city - napoli güncel, manchester city - napoli son dakika",
2025-09-19T12:01:05.197625,newcastle united - barcelona,50 B+,"newcastle united - barcelona son dakika, newcastle united - barcelona güncel",
2025-09-19T12:01:05.698653,19 eylül ne günü,10 B+,"19 eylül ne günü güncel, 19 eylül ne günü son dakika",
2025-09-19T12:01:06.199801,ahmet sungur,5 B+,"ahmet sungur son dakika, ahmet sungur güncel",
2025-09-19T12:01:06.701068,ece erken,5 B+,"ece erken güncel, ece erken son dakika",
2025-09-19T12:01:07.202201,okan buruk,50 B+,"okan buruk son dakika, okan buruk güncel",
2025-09-19T12:01:07.703358,halef dizisi,5 B+,"halef dizisi son dakika, halef dizisi güncel",
2025-09-19T12:01:08.204547,atv canlı yayın izle 2025,2 B+,"atv canlı yayın izle 2025 son dakika, atv canlı yayın izle 2025 güncel",
2025-09-19T12:01:08.705706,alanya yangın,2 B+,"alanya yangın son dakika, alanya yangın güncel",
2025-09-19T12:01:09.206821,son dakika rusya deprem,10 B+,"son dakika rusya deprem güncel, son dakika rusya deprem son dakika",
2025-09-19T12:01:09.708061,19 eylül,2 B+,"19 eylül son dakika, 19 eylül güncel",
2025-09-19T12:01:10.209218,beşiktaş frankfurt,5 B+,"beşiktaş frankfurt son dakika, beşiktaş frankfurt güncel",
2025-09-19T12:01:10.710184,mabel matiz yasaklanan şarkı,2 B+,"mabel matiz yasaklanan şarkı son dakika, mabel matiz yasaklanan şarkı güncel",
2025-09-19T12:01:11.211215,celal bayar üniversitesi,5 B+,"celal bayar üniversitesi güncel, celal bayar üniversitesi son dakika",
2025-09-19T13:01:05.676360,can uzun,100 B+,"can uzun son dakika, can uzun güncel",
2025-09-19T13:01:06.177486,newcastle united - barcelona,50 B+,"newcastle united - barcelona son dakika, newcastle united - barcelona güncel",
2025-09-19T13:01:06.678241,manchester city - napoli,50 B+,"manchester city - napoli son dakika, manchester city - napoli güncel",
2025-09-19T13:01:07.179101,19 eylül ne günü,10 B+,"19 eylül ne günü son dakika, 19 eylül ne günü güncel",
2025-09-19T13:01:07.680092,ahmet sungur,5 B+,"ahmet sungur son dakika, ahmet sungur güncel",
2025-09-19T13:01:08.181323,ece erken,5 B+,"ece erken son dakika, ece erken güncel",
2025-09-19T13:01:08.682215,halef dizisi,10 B+,"halef dizisi son dakika, halef dizisi güncel",
2025-09-19T13:01:09.183386,okan buruk,50 B+,"okan buruk güncel, okan buruk son dakika",
2025-09-19T13:01:09.684228,alanya yangın,5 B+,"alanya yangın güncel, alanya yangın son dakika",
2025-09-19T13:01:10.185389,beşiktaş frankfurt,5 B+,"beşiktaş frankfurt güncel, beşiktaş frankfurt son dakika",
2025-09-19T13:01:10.686215,son dakika rusya deprem,10 B+,"son dakika rusya deprem son dakika, son dakika rusya deprem güncel",
2025-09-19T13:01:11.187385,resimli cuma cuma mesajları,2 B+,"mesaj resimli cuma cuma mesajları, resimli cuma cuma mesajları mesaj, resimli cuma cuma mesajları resimli, resimli cuma cuma mesajları son dakika, kutlama resimli cuma cuma mesajları","hutbe resimli cuma cuma mesajları haberleri, resimli cuma cuma mesajları dua son dakika, dua resimli cuma cuma mesajları haberleri, resimli cuma cuma mesajları hutbe son dakika"
2025-09-19T13:01:11.688232,istanbul deprem,1 B+,"istanbul deprem güncel, istanbul deprem son dakika",
2025-09-19T13:01:12.189377,mabel matiz yasaklanan şarkı,2 B+,"mabel matiz yasaklanan şarkı son dakika, mabel matiz yasaklanan şarkı güncel",
2025-09-19T13:01:12.690296,19 eylül cuma hutbesi,2 B+,"resimli 19 eylül cuma hutbesi, 19 eylül cuma hutbesi güncel, kutlama 19 eylül cuma hutbesi, 19 eylül cuma hutbesi kutlama, mesaj 19 eylül cuma hutbesi","dua 19 eylül cuma hutbesi haberleri, 19 eylül cuma hutbesi dua son dakika, hutbe 19 eylül cuma hutbesi haberleri, 19 eylül cuma hutbesi hutbe son dakika"
2025-09-19T14:01:04.871977,can uzun,100 B+,"can uzun güncel, can uzun son dakika",
2025-09-19T14:01:05.373027,manchester city - napoli,50 B+,"manchester city - napoli son dakika, manchester city - napoli güncel",
2025-09-19T14:01:05.874184,newcastle united - barcelona,50 B+,"newcastle united - barcelona güncel, newcastle united - barcelona son dakika",
2025-09-19T14:01:06.375260,19 eylül ne günü,10 B+,"19 eylül ne günü son dakika, 19 eylül ne günü güncel",
2025-09-19T14:01:06.876200,ahmet sungur,5 B+,"ahmet sungur son dakika, ahmet sungur güncel",
2025-09-19T14:01:07.377359,halef dizisi,5 B+,"halef dizisi güncel, halef dizisi son dakika",
2025-09-19T14:01:07.878527,istanbul deprem,5 B+,"istanbul deprem güncel, istanbul deprem son dakika",
2025-09-19T14:01:08.379581,okan buruk,50 B+,"okan buruk son dakika, okan buruk güncel",
2025-09-19T14:01:08.880736,alanya yangın,5 B+,"alanya yangın güncel, alanya yangın son dakika",
2025-09-19T14:01:09.381947,19 eylül cuma hutbesi,2 B+,"19 eylül cuma hutbesi resimli, 19 eylül cuma hutbesi mesaj, kutlama 19 eylül cuma hutbesi, 19 eylül cuma hutbesi son dakika, 19 eylül cuma hutbesi kutlama","hutbe 19 eylül cuma hutbesi haberleri, 19 eylül cuma hutbesi dua son dakika, dua 19 eylül cuma hutbesi haberleri, 19 eylül cuma hutbesi hutbe son dakika"
2025-09-19T14:01:09.883146,kyk cevizlibağ atatürk öğrenci yurdu,2 B+,"kyk cevizlibağ atatürk öğrenci yurdu güncel, kyk cevizlibağ atatürk öğrenci yurdu son dakika",
2025-09-19T14:01:10.383799,beşiktaş frankfurt,5 B+,"beşiktaş frankfurt son dakika, beşiktaş frankfurt güncel",
2025-09-19T14:01:10.885014,resimli cuma cuma mesajları,2 B+,"resimli cuma cuma mesajları resimli, mesaj resimli cuma cuma mesajları, resimli cuma cuma mesajları mesaj, resimli resimli cuma cuma mesajları, resimli cuma cuma mesajları güncel","dua resimli cuma cuma mesajları haberleri, resimli cuma cuma mesajları hutbe son dakika, resimli cuma cuma mesajları dua son dakika, hutbe resimli cuma cuma mesajları haberleri"
2025-09-19T14:01:11.386031,mabel matiz yasaklanan şarkı,2 B+,"mabel matiz yasaklanan şarkı güncel, mabel matiz yasaklanan şarkı son dakika",
2025-09-19T14:01:11.887173,19 eylül,5 B+,"19 eylül son dakika, 19 eylül güncel",
2025-09-19T15:01:05.819446,can uzun,100 B+,"can uzun son dakika, can uzun güncel",
2025-09-19T15:01:06.320579,manchester city - napoli,50 B+,"manchester city - napoli son dakika, manchester city - napoli güncel",
2025-09-19T15:01:06.821752,19 eylül ne günü,10 B+,"19 eylül ne günü son dakika, 19 eylül ne günü güncel",
2025-09-19T15:01:07.323016,serikspor - bandırmaspor,2 B+,"serikspor - bandırmaspor son dakika, serikspor - bandırmaspor güncel",
2025-09-19T15:01:07.824192,kırıkkale yahşihan belediye başkanı,5 B+,"kırıkkale yahşihan belediye başkanı güncel, kırıkkale yahşihan belediye başkanı son dakika",
2025-09-19T15:01:08.324988,halef dizisi,5 B+,"halef dizisi güncel, halef dizisi son dakika",
2025-09-19T15:01:08.826143,alanya yangın,5 B+,"alanya yangın güncel, alanya yangın son dakika",
2025-09-19T15:01:09.327234,mabel matiz yasaklanan şarkı,2 B+,"mabel matiz yasaklanan şarkı güncel, mabel matiz yasaklanan şarkı son dakika",
2025-09-19T15:01:09.828401,beşiktaş frankfurt,5 B+,"beşiktaş frankfurt son dakika, beşiktaş frankfurt güncel",
2025-09-19T15:01:10.329529,newcastle united - barcelona,50 B+,"newcastle united - barcelona güncel, newcastle united - barcelona son dakika",
2025-09-19T15:01:10.830597,19 eylül,5 B+,"19 eylül son dakika, 19 eylül güncel",
2025-09-19T15:01:11.331782,19 eylül cuma hutbesi,2 B+,"kutlama 19 eylül cuma hutbesi, 19 eylül cuma hutbesi son dakika, 19 eylül cuma hutbesi resimli, 19 eylül cuma hutbesi güncel, resimli 19 eylül cuma hutbesi","hutbe 19 eylül cuma hutbesi haberleri, 19 eylül cuma hutbesi hutbe son dakika, 19 eylül cuma hutbesi dua son dakika, dua 19 eylül cuma hutbesi haberleri"
2025-09-19T15:01:11.833084,resimli cuma cuma mesajları,2 B+,"resimli cuma cuma mesajları güncel, kutlama resimli cuma cuma mesajları, resimli cuma cuma mesajları kutlama, resimli cuma cuma mesajları son dakika, mesaj resimli cuma cuma mesajları","dua resimli cuma cuma mesajları haberleri, hutbe resimli cuma cuma mesajları haberleri, resimli cuma cuma mesajları dua son dakika, resimli cuma cuma mesajları hutbe son dakika"
2025-09-19T15:01:12.334221,dying light the beast,2 B+,"dying light the beast son dakika, dying light the beast güncel",
2025-09-19T15:01:12.835359,okan buruk,50 B+,"okan buruk güncel, okan buruk son dakika",
2025-09-19T16:01:04.849150,can uzun,100 B+,"can uzun güncel, can uzun son dakika",
2025-09-19T16:01:05.350243,manchester city - napoli,50 B+,"manchester city - napoli güncel, manchester city - napoli son dakika",
2025-09-19T16:01:05.851325,19 eylül ne günü,10 B+,"19 eylül ne günü son dakika, 19 eylül ne günü güncel",
2025-09-19T16:01:06.352380,serikspor - bandırmaspor,5 B+,"serikspor - bandırmaspor güncel, serikspor - bandırmaspor son dakika",
2025-09-19T16:01:06.853390,halef dizisi,5 B+,"halef dizisi son dakika, halef dizisi güncel",
2025-09-19T16:01:07.354487,alanya yangın,5 B+,"alanya yangın son dakika, alanya yangın güncel",
2025-09-19T16:01:07.855429,ahmet sungur,10 B+,"ahmet sungur son dakika, ahmet sungur güncel",
2025-09-19T16:01:08.356502,mabel matiz yasaklanan şarkı,2 B+,"mabel matiz yasaklanan şarkı güncel, mabel matiz yasaklanan şarkı son dakika",
2025-09-19T16:01:08.857595,newcastle united - barcelona,50 B+,"newcastle united - barcelona son dakika, newcastle united - barcelona güncel",
2025-09-19T16:01:09.358668,19 eylül,2 B+,"19 eylül güncel, 19 eylül son dakika",
2025-09-19T16:01:09.859715,van hava durumu,2 B+,"van hava durumu son dakika, van hava durumu güncel",
2025-09-19T16:01:10.360232,barcelona,20 B+,"barcelona son dakika, barcelona güncel",
2025-09-19T16:01:10.861377,okan buruk,50 B+,"okan buruk son dakika, okan buruk güncel",
2025-09-19T16:01:11.362601,hayırlı cumalar resimli cuma mesajları,2 B+,"hayırlı cumalar resimli cuma mesajları mesaj, resimli hayırlı cumalar resimli cuma mesajları, kutlama hayırlı cumalar resimli cuma mesajları, hayırlı cumalar resimli cuma mesajları güncel, mesaj hayırlı cumalar resimli cuma mesajları","hutbe hayırlı cumalar resimli cuma mesajları haberleri, hayırlı cumalar resimli cuma mesajları hutbe son dakika, hayırlı cumalar resimli cuma mesajları dua son dakika, dua hayırlı cumalar resimli cuma mesajları haberleri"
2025-09-19T16:01:11.863600,göztepe - beşiktaş,1 B+,"göztepe - beşiktaş güncel, göztepe - beşiktaş son dakika",
2025-09-19T17:01:04.966445,can uzun,100 B+,"can uzun son dakika, can uzun güncel",
2025-09-19T17:01:05.467434,manchester city - napoli,50 B+,"manchester city - napoli güncel, manchester city - napoli son dakika",
2025-09-19T17:01:05.968536,newcastle united - barcelona,50 B+,"newcastle united - barcelona güncel, newcastle united - barcelona son dakika",
2025-09-19T17:01:06.469500,serikspor - bandırmaspor,5 B+,"serikspor - bandırmaspor son dakika, serikspor - bandırmaspor güncel",
2025-09-19T17:01:06.970582,istanbulspor - çorum,2 B+,"istanbulspor - çorum güncel, istanbulspor - çorum son dakika",
2025-09-19T17:01:07.471207,halef dizisi,5 B+,"halef dizisi güncel, halef dizisi son dakika",
2025-09-19T17:01:07.972128,alanya yangın,5 B+,"alanya yangın güncel, alanya yangın son dakika",
2025-09-19T17:01:08.473162,okan buruk,50 B+,"okan buruk son dakika, okan buruk güncel",
2025-09-19T17:01:08.974124,ümraniyespor - iğdır fk,1 B+,"ümraniyespor - iğdır fk son dakika, ümraniyespor - iğdır fk güncel",
2025-09-19T17:01:09.475156,ahmet sungur,10 B+,"ahmet sungur son dakika, ahmet sungur güncel",
2025-09-19T17:01:09.976165,19 eylül cuma hutbesi,2 B+,"mesaj 19 eylül cuma hutbesi, 19 eylül cuma hutbesi mesaj, resimli 19 eylül cuma hutbesi, 19 eylül cuma hutbesi güncel, kutlama 19 eylül cuma hutbesi","19 eylül cuma hutbesi hutbe son dakika, hutbe 19 eylül cuma hutbesi haberleri, dua 19 eylül cuma hutbesi haberleri, 19 eylül cuma hutbesi dua son dakika"
2025-09-19T17:01:10.476939,mabel matiz yasaklanan şarkı,2 B+,"mabel matiz yasaklanan şarkı güncel, mabel matiz yasaklanan şarkı son dakika",
2025-09-19T17:01:10.977822,dying light the beast,2 B+,"dying light the beast güncel, dying light the beast son dakika",
2025-09-19T17:01:11.478773,mavi dolunay otel,2 B+,"mavi dolunay otel son dakika, mavi dolunay otel güncel",
2025-09-19T17:01:11.979218,göztepe - beşiktaş,1 B+,"göztepe - beşiktaş son dakika, göztepe - beşiktaş güncel",
2025-09-19T18:01:03.918269,can uzun,100 B+,"can uzun güncel, can uzun son dakika",
2025-09-19T18:01:04.419336,manchester city - napoli,50 B+,"manchester city - napoli son dakika, manchester city - napoli güncel",
2025-09-19T18:01:04.920372,istanbulspor - çorum,5 B+,"istanbulspor - çorum son dakika, istanbulspor - çorum güncel",
2025-09-19T18:01:05.421506,newcastle united - barcelona,50 B+,"newcastle united - barcelona son dakika, newcastle united - barcelona güncel",
2025-09-19T18:01:05.922653,ümraniyespor - iğdır fk,2 B+,"ümraniyespor - iğdır fk son dakika, ümraniyespor - iğdır fk güncel",
2025-09-19T18:01:06.423780,serikspor - bandırmaspor,5 B+,"serikspor - bandırmaspor son dakika, serikspor - bandırmaspor güncel",
2025-09-19T18:01:06.925005,halef dizisi,5 B+,"halef dizisi son dakika, halef dizisi güncel",
2025-09-19T18:01:07.425978,alanya yangın,5 B+,"alanya yangın güncel, alanya yangın son dakika",
2025-09-19T18:01:07.927149,adalet bakanlığı promosyon,2 B+,"adalet bakanlığı promosyon güncel, adalet bakanlığı promosyon son dakika",
2025-09-19T18:01:08.428313,ahmet sungur,10 B+,"ahmet sungur son dakika, ahmet sungur güncel",
2025-09-19T18:01:08.929524,mabel matiz yasaklanan şarkı,2 B+,"mabel matiz yasaklanan şarkı son dakika, mabel matiz yasaklanan şarkı güncel",
2025-09-19T18:01:09.430692,göztepe - beşiktaş,2 B+,"göztepe - beşiktaş son dakika, göztepe - beşiktaş güncel",
2025-09-19T18:01:09.931793,dying light the beast,2 B+,"dying light the beast güncel, dying light the beast son dakika",
2025-09-19T18:01:10.432672,19 eylül cuma hutbesi,2 B+,"19 eylül cuma hutbesi mesaj, mesaj 19 eylül cuma hutbesi, 19 eylül cuma hutbesi son dakika, 19 eylül cuma hutbesi resimli, kutlama 19 eylül cuma hutbesi","19 eylül cuma hutbesi dua son dakika, hutbe 19 eylül cuma hutbesi haberleri, 19 eylül cuma hutbesi hutbe son dakika, dua 19 eylül cuma hutbesi haberleri"
2025-09-19T18:01:10.933780,zeynep mayruk,1 B+,"zeynep mayruk son dakika, zeynep mayruk güncel",
2025-09-19T19:01:05.649244,can uzun,100 B+,"can uzun güncel, can uzun son dakika",
2025-09-19T19:01:06.150099,manchester city - napoli,50 B+,"manchester city - napoli güncel, manchester city - napoli son dakika",
2025-09-19T19:01:06.651151,istanbulspor - çorum,10 B+,"istanbulspor - çorum son dakika, istanbulspor - çorum güncel",
2025-09-19T19:01:07.151920,newcastle united - barcelona,50 B+,"newcastle united - barcelona son dakika, newcastle united - barcelona güncel",
2025-09-19T19:01:07.653100,halef dizisi,5 B+,"halef dizisi son dakika, halef dizisi güncel",
2025-09-19T19:01:08.154280,ümraniyespor - iğdır fk,2 B+,"ümraniyespor - iğdır fk son dakika, ümraniyespor - iğdır fk güncel",
2025-09-19T19:01:08.655452,adalet bakanlığı promosyon,2 B+,"adalet bakanlığı promosyon son dakika, adalet bakanlığı promosyon güncel",
2025-09-19T19:01:09.156425,serikspor - bandırmaspor,5 B+,"serikspor - bandırmaspor güncel, serikspor - bandırmaspor son dakika",
2025-09-19T19:01:09.657594,alanya yangın,5 B+,"alanya yangın güncel, alanya yangın son dakika",
2025-09-19T19:01:10.158777,göztepe - beşiktaş,2 B+,"göztepe - beşiktaş son dakika, göztepe - beşiktaş güncel",
2025-09-19T19:01:10.659821,ahmet sungur,10 B+,"ahmet sungur güncel, ahmet sungur son dakika",
2025-09-19T19:01:11.161039,mabel matiz yasaklanan şarkı,2 B+,"mabel matiz yasaklanan şarkı son dakika, mabel matiz yasaklanan şarkı güncel",
2025-09-19T19:01:11.662207,ysk chp kurultay,2 B+,"ysk chp kurultay güncel, ysk chp kurultay son dakika",
2025-09-19T19:01:12.163363,aybüke pusat,2 B+,"aybüke pusat son dakika, aybüke pusat güncel",
2025-09-19T19:01:12.664527,yükseköğretim kurumları sınavı,500+,"yükseköğretim kurumları sınavı güncel, yükseköğretim kurumları sınavı son dakika",
2025-09-19T20:01:08.097052,göztepe - beşiktaş,100 B+,"göztepe - beşiktaş güncel, göztepe - beşiktaş son dakika",
2025-09-19T20:01:08.598102,can uzun,100 B+,"can uzun son dakika, can uzun güncel",
2025-09-19T20:01:09.099180,manchester city - napoli,50 B+,"manchester city - napoli son dakika, manchester city - napoli güncel",
2025-09-19T20:01:09.600348,istanbulspor - çorum,10 B+,"istanbulspor - çorum güncel, istanbulspor - çorum son dakika",
2025-09-19T20:01:10.101522,ümraniyespor - iğdır fk,5 B+,"ümraniyespor - iğdır fk son dakika, ümraniyespor - iğdır fk güncel",
2025-09-19T20:01:10.602073,hatayspor - boluspor,2 B+,"hatayspor - boluspor son dakika, hatayspor - boluspor güncel",
2025-09-19T20:01:11.103145,serikspor - bandırmaspor,5 B+,"serikspor - bandırmaspor güncel, serikspor - bandırmaspor son dakika",
2025-09-19T20:01:11.604107,alanya yangın,5 B+,"alanya yangın son dakika, alanya yangın güncel",
2025-09-19T20:01:12.105058,adalet bakanlığı promosyon,5 B+,"adalet bakanlığı promosyon güncel, adalet bakanlığı promosyon son dakika",
2025-09-19T20:01:12.606220,ahmet sungur,10 B+,"ahmet sungur son dakika, ahmet sungur güncel",
2025-09-19T20:01:13.107502,19 eylül cuma hutbesi,2 B+,"resimli 19 eylül cuma hutbesi, kutlama 19 eylül cuma hutbesi, mesaj 19 eylül cuma hutbesi, 19 eylül cuma hutbesi mesaj, 19 eylül cuma hutbesi resimli","dua 19 eylül cuma hutbesi haberleri, 19 eylül cuma hutbesi hutbe son dakika, 19 eylül cuma hutbesi dua son dakika, hutbe 19 eylül cuma hutbesi haberleri"
2025-09-19T20:01:13.608647,vergi,500+,"vergi güncel, vergi son dakika",
2025-09-19T20:01:14.109816,ysk chp kurultay,2 B+,"ysk chp kurultay son dakika, ysk chp kurultay güncel",
2025-09-19T20:01:14.611055,devrim şahin,500+,"devrim şahin güncel, devrim şahin son dakika",
2025-09-19T20:01:15.112214,newcastle united - barcelona,50 B+,"newcastle united - barcelona son dakika, newcastle united - barcelona güncel",
2025-09-19T21:01:05.640989,beşiktaş,200 B+,"beşiktaş güncel, beşiktaş son dakika",
2025-09-19T21:01:06.142141,manchester city - napoli,50 B+,"manchester city - napoli güncel, manchester city - napoli son dakika",
2025-09-19T21:01:06.643195,hatayspor - boluspor,5 B+,"hatayspor - boluspor son dakika, hatayspor - boluspor güncel",
2025-09-19T21:01:07.144323,newcastle united - barcelona,50 B+,"newcastle united - barcelona güncel, newcastle united - barcelona son dakika",
2025-09-19T21:01:07.645439,istanbulspor - çorum,10 B+,"istanbulspor - çorum son dakika, istanbulspor - çorum güncel",
2025-09-19T21:01:08.146600,aşk ve gözyaşı,5 B+,"aşk ve gözyaşı güncel, aşk ve gözyaşı son dakika",
2025-09-19T21:01:08.647754,show tv,20 B+,"show tv son dakika, show tv güncel",
2025-09-19T21:01:09.149031,ümraniyespor - iğdır fk,5 B+,"ümraniyespor - iğdır fk güncel, ümraniyespor - iğdır fk son dakika",
2025-09-19T21:01:09.650253,19 eylül cuma hutbesi,5 B+,"resimli 19 eylül cuma hutbesi, 19 eylül cuma hutbesi son dakika, 19 eylül cuma hutbesi resimli, 19 eylül cuma hutbesi güncel, kutlama 19 eylül cuma hutbesi","hutbe 19 eylül cuma hutbesi haberleri, dua 19 eylül cuma hutbesi haberleri, 19 eylül cuma hutbesi hutbe son dakika, 19 eylül cuma hutbesi dua son dakika"
2025-09-19T21:01:10.151455,ahmet sungur,10 B+,"ahmet sungur güncel, ahmet sungur son dakika",
2025-09-19T21:01:10.652022,alanya yangın,10 B+,"alanya yangın güncel, alanya yangın son dakika",
2025-09-19T21:01:11.153100,can uzun,100 B+,"can uzun son dakika, can uzun güncel",
2025-09-19T21:01:11.654253,show canli yayin,1 B+,"show canli yayin son dakika, show canli yayin güncel",
2025-09-19T21:01:12.155418,kızılcık şerbeti,2 B+,"kızılcık şerbeti son dakika, kızılcık şerbeti güncel",
2025-09-19T21:01:12.656568,الأهلي ضد الهلال,500+,"الأهلي ضد الهلال son dakika, الأهلي ضد الهلال güncel",
2025-09-19T22:01:04.929900,beşiktaş,200 B+,"beşiktaş güncel, beşiktaş son dakika",
2025-09-19T22:01:05.431044,hatayspor - boluspor,10 B+,"hatayspor - boluspor güncel, hatayspor - boluspor son dakika",
2025-09-19T22:01:05.932097,aşk ve gözyaşı,10 B+,"aşk ve gözyaşı güncel, aşk ve gözyaşı son dakika",
2025-09-19T22:01:06.433188,show tv,10 B+,"show tv güncel, show tv son dakika",
2025-09-19T22:01:06.934341,kızılcık şerbeti,10 B+,"kızılcık şerbeti güncel, kızılcık şerbeti son dakika",
2025-09-19T22:01:07.435359,real betis - real sociedad,2 B+,"real betis - real sociedad son dakika, real betis - real sociedad güncel",
2025-09-19T22:01:07.936513,istanbulspor - çorum,10 B+,"istanbulspor - çorum son dakika, istanbulspor - çorum güncel",
2025-09-19T22:01:08.437539,الأهلي ضد الهلال,1 B+,"الأهلي ضد الهلال son dakika, الأهلي ضد الهلال güncel",
2025-09-19T22:01:08.938669,ümraniyespor - iğdır fk,5 B+,"ümraniyespor - iğdır fk güncel, ümraniyespor - iğdır fk son dakika",
2025-09-19T22:01:09.439800,alanya yangın,10 B+,"alanya yangın son dakika, alanya yangın güncel",
2025-09-19T22:01:09.941055,lecce - cagliari,1 B+,"lecce - cagliari güncel, lecce - cagliari son dakika",
2025-09-19T22:01:10.442099,ahmet sungur,10 B+,"ahmet sungur güncel, ahmet sungur son dakika",
2025-09-19T22:01:10.943310,19 eylül cuma hutbesi,5 B+,"19 eylül cuma hutbesi son dakika, 19 eylül cuma hutbesi güncel, mesaj 19 eylül cuma hutbesi, kutlama 19 eylül cuma hutbesi, 19 eylül cuma hutbesi resimli","dua 19 eylül cuma hutbesi haberleri, 19 eylül cuma hutbesi dua son dakika, 19 eylül cuma hutbesi hutbe son dakika, hutbe 19 eylül cuma hutbesi haberleri"
2025-09-19T22:01:11.444422,st patrick's athletic - galway,500+,"st patrick's athletic - galway güncel, st patrick's athletic - galway son dakika",
2025-09-19T22:01:11.945562,rafa silva,1 B+,"rafa silva son dakika, rafa silva güncel",
2025-09-19T23:01:04.279483,beşiktaş,500 B+,"beşiktaş son dakika, beşiktaş güncel",
2025-09-19T23:01:04.780547,hatayspor - boluspor,10 B+,"hatayspor - boluspor son dakika, hatayspor - boluspor güncel",
2025-09-19T23:01:05.281570,real betis - real sociedad,5 B+,"real betis - real sociedad güncel, real betis - real sociedad son dakika",
2025-09-19T23:01:05.782671,aşk ve gözyaşı,10 B+,"aşk ve gözyaşı güncel, aşk ve gözyaşı son dakika",
2025-09-19T23:01:06.283759,show tv,20 B+,"show tv güncel, show tv son dakika",
2025-09-19T23:01:06.785076,kızılcık şerbeti,10 B+,"kızılcık şerbeti son dakika, kızılcık şerbeti güncel",
2025-09-19T23:01:07.286235,lecce - cagliari,2 B+,"lecce - cagliari son dakika, lecce - cagliari güncel",
2025-09-19T23:01:07.787397,istanbulspor - çorum,10 B+,"istanbulspor - çorum son dakika, istanbulspor - çorum güncel",
2025-09-19T23:01:08.288553,rio ave - porto,2 B+,"rio ave - porto son dakika, rio ave - porto güncel",
2025-09-19T23:01:08.789659,lyon,1 B+,"lyon güncel, lyon son dakika",
2025-09-19T23:01:09.290754,الأهلي ضد الهلال,2 B+,"الأهلي ضد الهلال güncel, الأهلي ضد الهلال son dakika",
2025-09-19T23:01:09.791266,19 eylül cuma hutbesi,5 B+,"mesaj 19 eylül cuma hutbesi, 19 eylül cuma hutbesi mesaj, resimli 19 eylül cuma hutbesi, 19 eylül cuma hutbesi son dakika, 19 eylül cuma hutbesi resimli","19 eylül cuma hutbesi hutbe son dakika, hutbe 19 eylül cuma hutbesi haberleri, dua 19 eylül cuma hutbesi haberleri, 19 eylül cuma hutbesi dua son dakika"
2025-09-19T23:01:10.292427,st patrick's athletic - galway,2 B+,"st patrick's athletic - galway son dakika, st patrick's athletic - galway güncel",
2025-09-19T23:01:10.793416,alanya yangın,10 B+,"alanya yangın son dakika, alanya yangın güncel",
2025-09-19T23:01:11.294517,ريال بتيس ضد ريال سوسيداد,1 B+,"ريال بتيس ضد ريال سوسيداد güncel, ريال بتيس ضد ريال سوسيداد son dakika",
2025-09-20T00:01:06.714064,show tv canlı yayın,50 B+,"show tv canlı yayın son dakika, show tv canlı yayın güncel",
2025-09-20T00:01:07.215081,aşk ve gözyaşı,20 B+,"aşk ve gözyaşı güncel, aşk ve gözyaşı son dakika",
2025-09-20T00:01:07.716102,real betis - real sociedad,10 B+,"real betis - real sociedad son dakika, real betis - real sociedad güncel",
2025-09-20T00:01:08.217144,hatayspor - boluspor,10 B+,"hatayspor - boluspor son dakika, hatayspor - boluspor güncel",
2025-09-20T00:01:08.718174,lyon,2 B+,"lyon son dakika, lyon güncel",
2025-09-20T00:01:09.219339,lecce - cagliari,2 B+,"lecce - cagliari güncel, lecce - cagliari son dakika",
2025-09-20T00:01:09.720501,rio ave - porto,2 B+,"rio ave - porto güncel, rio ave - porto son dakika",
2025-09-20T00:01:10.221534,الأهلي ضد الهلال,2 B+,"الأهلي ضد الهلال güncel, الأهلي ضد الهلال son dakika",
2025-09-20T00:01:10.722503,19 eylül cuma hutbesi,5 B+,"resimli 19 eylül cuma hutbesi, 19 eylül cuma hutbesi resimli, 19 eylül cuma hutbesi son dakika, 19 eylül cuma hutbesi kutlama, 19 eylül cuma hutbesi güncel","dua 19 eylül cuma hutbesi haberleri, 19 eylül cuma hutbesi hutbe son dakika, 19 eylül cuma hutbesi dua son dakika, hutbe 19 eylül cuma hutbesi haberleri"
2025-09-20T00:01:11.223643,stuttgart - st. pauli,2 B+,"stuttgart - st. pauli son dakika, stuttgart - st. pauli güncel",
2025-09-20T00:01:11.724707,ريال بتيس ضد ريال سوسيداد,1 B+,"ريال بتيس ضد ريال سوسيداد son dakika, ريال بتيس ضد ريال سوسيداد güncel",
2025-09-20T00:01:12.225788,alanya yangın,10 B+,"alanya yangın son dakika, alanya yangın güncel",
2025-09-20T00:01:12.727072,motorin zam,1 B+,"motorin zam güncel, motorin zam son dakika",
2025-09-20T00:01:13.228226,lyon - angers,1 B+,"lyon - angers son dakika, lyon - angers güncel",
2025-09-20T00:01:13.729360,stuttgart fc,1 B+,"stuttgart fc güncel, stuttgart fc son dakika",
2025-09-20T01:01:05.054620,beşiktaş göztepe,500 B+,"beşiktaş göztepe güncel, beşiktaş göztepe son dakika",
2025-09-20T01:01:05.555666,real betis - real sociedad,10 B+,"real betis - real sociedad son dakika, real betis - real sociedad güncel",
2025-09-20T01:01:06.056769,aşk ve gözyaşı,20 B+,"aşk ve gözyaşı güncel, aşk ve gözyaşı son dakika",
2025-09-20T01:01:06.557943,hatayspor - boluspor,10 B+,"hatayspor - boluspor güncel, hatayspor - boluspor son dakika",
2025-09-20T01:01:07.059111,kızılcık şerbeti son bölüm,50 B+,"kızılcık şerbeti son bölüm son dakika, kızılcık şerbeti son bölüm güncel",
2025-09-20T01:01:07.560221,rio ave - porto,5 B+,"rio ave - porto son dakika, rio ave - porto güncel",
2025-09-20T01:01:08.061297,arka sokaklar 719 bölüm full izle,5 B+,"arka sokaklar 719 bölüm full izle son dakika, arka sokaklar 719 bölüm full izle güncel",
2025-09-20T01:01:08.562409,lecce - cagliari,5 B+,"lecce - cagliari son dakika, lecce - cagliari güncel",
2025-09-20T01:01:09.063531,lyon,5 B+,"lyon son dakika, lyon güncel",
2025-09-20T01:01:09.564694,19 eylül cuma hutbesi,5 B+,"19 eylül cuma hutbesi son dakika, resimli 19 eylül cuma hutbesi, mesaj 19 eylül cuma hutbesi, 19 eylül cuma hutbesi resimli, 19 eylül cuma hutbesi güncel","hutbe 19 eylül cuma hutbesi haberleri, 19 eylül cuma hutbesi dua son dakika, 19 eylül cuma hutbesi hutbe son dakika, dua 19 eylül cuma hutbesi haberleri"
2025-09-20T01:01:10.065814,alanya yangın,10 B+,"alanya yangın güncel, alanya yangın son dakika",
2025-09-20T01:01:10.567006,motorin zam,2 B+,"motorin zam güncel, motorin zam son dakika",
2025-09-20T01:01:11.068141,الأهلي ضد الهلال,2 B+,"الأهلي ضد الهلال son dakika, الأهلي ضد الهلال güncel",
2025-09-20T01:01:11.569266,ريال بتيس ضد ريال سوسيداد,1 B+,"ريال بتيس ضد ريال سوسيداد güncel, ريال بتيس ضد ريال سوسيداد son dakika",
2025-09-20T01:01:12.070446,gupse özay,2 B+,"gupse özay güncel, gupse özay son dakika",
2025-09-20T02:01:04.717157,beşiktaş göztepe,500 B+,"beşiktaş göztepe güncel, beşiktaş göztepe son dakika",
2025-09-20T02:01:05.218290,real betis - real sociedad,10 B+,"real betis - real sociedad son dakika, real betis - real sociedad güncel",
2025-09-20T02:01:05.719370,aşk ve gözyaşı,20 B+,"aşk ve gözyaşı güncel, aşk ve gözyaşı son dakika",
2025-09-20T02:01:06.220522,arka sokaklar 719 bölüm full izle,5 B+,"arka sokaklar 719 bölüm full izle güncel, arka sokaklar 719 bölüm full izle son dakika",
2025-09-20T02:01:06.721523,kızılcık şerbeti son bölüm,50 B+,"kızılcık şerbeti son bölüm son dakika, kızılcık şerbeti son bölüm güncel",
2025-09-20T02:01:07.222581,hatayspor - boluspor,10 B+,"hatayspor - boluspor güncel, hatayspor - boluspor son dakika",
2025-09-20T02:01:07.723600,rio ave - porto,5 B+,"rio ave - porto son dakika, rio ave - porto güncel",
2025-09-20T02:01:08.224646,alanya yangın,10 B+,"alanya yangın son dakika, alanya yangın güncel",
2025-09-20T02:01:08.725788,lecce - cagliari,5 B+,"lecce - cagliari güncel, lecce - cagliari son dakika",
2025-09-20T02:01:09.227018,الأهلي ضد الهلال,2 B+,"الأهلي ضد الهلال son dakika, الأهلي ضد الهلال güncel",
2025-09-20T02:01:09.728170,lyon,5 B+,"lyon son dakika, lyon güncel",
2025-09-20T02:01:10.229335,ريال بتيس ضد ريال سوسيداد,2 B+,"ريال بتيس ضد ريال سوسيداد son dakika, ريال بتيس ضد ريال سوسيداد güncel",
2025-09-20T02:01:10.730502,gupse özay,2 B+,"gupse özay son dakika, gupse özay güncel",
2025-09-20T02:01:11.231650,danilo zanna,500+,"danilo zanna son dakika, danilo zanna güncel",
2025-09-20T02:01:11.732726,istanbulspor - çorum,10 B+,"istanbulspor - çorum son dakika, istanbulspor - çorum güncel",
2025-09-20T03:01:04.125229,beşiktaş göztepe,500 B+,"beşiktaş göztepe güncel, beşiktaş göztepe son dakika",
2025-09-20T03:01:04.626127,aşk ve gözyaşı,20 B+,"aşk ve gözyaşı son dakika, aşk ve gözyaşı güncel",
2025-09-20T03:01:05.127200,real betis - real sociedad,10 B+,"real betis - real sociedad güncel, real betis - real sociedad son dakika",
2025-09-20T03:01:05.628278,arka sokaklar 719 bölüm full izle,10 B+,"arka sokaklar 719 bölüm full izle güncel, arka sokaklar 719 bölüm full izle son dakika",
2025-09-20T03:01:06.129384,kızılcık şerbeti son bölüm,50 B+,"kızılcık şerbeti son bölüm güncel, kızılcık şerbeti son bölüm son dakika",
2025-09-20T03:01:06.630446,rio ave - porto,5 B+,"rio ave - porto güncel, rio ave - porto son dakika",
2025-09-20T03:01:07.131532,lecce - cagliari,5 B+,"lecce - cagliari son dakika, lecce - cagliari güncel",
2025-09-20T03:01:07.632609,lyon,5 B+,"lyon güncel, lyon son dakika",
2025-09-20T03:01:08.133395,beşiktaş üsküdar vapur kazası,2 B+,"beşiktaş üsküdar vapur kazası son dakika, beşiktaş üsküdar vapur kazası güncel",
2025-09-20T03:01:08.634264,gupse özay,2 B+,"gupse özay güncel, gupse özay son dakika",
2025-09-20T03:01:09.135480,huawei,2 B+,"huawei son dakika, huawei güncel",
2025-09-20T03:01:09.636652,hatayspor - boluspor,10 B+,"hatayspor - boluspor güncel, hatayspor - boluspor son dakika",
2025-09-20T03:01:10.137752,danilo zanna,500+,"danilo zanna son dakika, danilo zanna güncel",
2025-09-20T03:01:10.638063,istanbulspor - çorum,10 B+,"istanbulspor - çorum son dakika, istanbulspor - çorum güncel",
2025-09-20T03:01:11.139187,alanya yangın,10 B+,"alanya yangın güncel, alanya yangın son dakika",
2025-09-20T04:01:04.863737,beşiktaş göztepe,500 B+,"beşiktaş göztepe son dakika, beşiktaş göztepe güncel",
2025-09-20T04:01:05.364743,real betis - real sociedad,10 B+,"real betis - real sociedad son dakika, real betis - real sociedad güncel",
2025-09-20T04:01:05.865792,arka sokaklar 719 bölüm full izle,10 B+,"arka sokaklar 719 bölüm full izle güncel, arka sokaklar 719 bölüm full izle son dakika",
2025-09-20T04:01:06.366972,aşk ve gözyaşı,20 B+,"aşk ve gözyaşı son dakika, aşk ve gözyaşı güncel",
2025-09-20T04:01:06.868133,rio ave - porto,5 B+,"rio ave - porto güncel, rio ave - porto son dakika",
2025-09-20T04:01:07.368796,beşiktaş üsküdar vapur kazası,2 B+,"beşiktaş üsküdar vapur kazası güncel, beşiktaş üsküdar vapur kazası son dakika",
2025-09-20T04:01:07.869994,show tv canlı yayın,50 B+,"show tv canlı yayın güncel, show tv canlı yayın son dakika",
2025-09-20T04:01:08.371211,motorin zam,2 B+,"motorin zam güncel, motorin zam son dakika",
2025-09-20T04:01:08.872374,hatayspor - boluspor,10 B+,"hatayspor - boluspor son dakika, hatayspor - boluspor güncel",
2025-09-20T04:01:09.373494,yasin özcan,1 B+,"yasin özcan güncel, yasin özcan son dakika",
2025-09-20T04:01:09.874654,lyon,5 B+,"lyon son dakika, lyon güncel",
2025-09-20T04:01:10.375723,lecce - cagliari,5 B+,"lecce - cagliari son dakika, lecce - cagliari güncel",
2025-09-20T04:01:10.876986,istanbulspor - çorum,10 B+,"istanbulspor - çorum güncel, istanbulspor - çorum son dakika",
2025-09-20T04:01:11.378127,alanya yangın,10 B+,"alanya yangın son dakika, alanya yangın güncel",
2025-09-20T04:01:11.879279,huawei,2 B+,"huawei güncel, huawei son dakika",
2025-09-20T05:01:05.123739,beşiktaş göztepe,500 B+,"beşiktaş göztepe güncel, beşiktaş göztepe son dakika",
2025-09-20T05:01:05.624979,real betis - real sociedad,10 B+,"real betis - real sociedad güncel, real betis - real sociedad son dakika",
2025-09-20T05:01:06.126117,aşk ve gözyaşı,20 B+,"aşk ve gözyaşı son dakika, aşk ve gözyaşı güncel",
2025-09-20T05:01:06.627284,arka sokaklar 719 bölüm full izle,10 B+,"arka sokaklar 719 bölüm full izle son dakika, arka sokaklar 719 bölüm full izle güncel",
2025-09-20T05:01:07.128390,beşiktaş üsküdar vapur kazası,2 B+,"beşiktaş üsküdar vapur kazası güncel, beşiktaş üsküdar vapur kazası son dakika",
2025-09-20T05:01:07.629471,motorin zam,2 B+,"motorin zam son dakika, motorin zam güncel",
2025-09-20T05:01:08.130558,show tv canlı yayın,50 B+,"show tv canlı yayın son dakika, show tv canlı yayın güncel",
2025-09-20T05:01:08.631754,hatayspor - boluspor,10 B+,"hatayspor - boluspor son dakika, hatayspor - boluspor güncel",
2025-09-20T05:01:09.133074,porto,5 B+,"porto son dakika, porto güncel",
2025-09-20T05:01:09.634246,istanbulspor - çorum,10 B+,"istanbulspor - çorum güncel, istanbulspor - çorum son dakika",
2025-09-20T05:01:10.135398,lyon,5 B+,"lyon son dakika, lyon güncel",
2025-09-20T05:01:10.636062,lecce - cagliari,5 B+,"lecce - cagliari son dakika, lecce - cagliari güncel",
2025-09-20T05:01:11.137177,alanya yangın,10 B+,"alanya yangın son dakika, alanya yangın güncel",
2025-09-20T05:01:11.638394,الأهلي ضد الهلال,2 B+,"الأهلي ضد الهلال son dakika, الأهلي ضد الهلال güncel",
2025-09-20T05:01:12.139559,ahmet sungur,10 B+,"ahmet sungur son dakika, ahmet sungur güncel",
2025-09-20T06:01:04.812263,beşiktaş göztepe,500 B+,"beşiktaş göztepe son dakika, beşiktaş göztepe güncel",
2025-09-20T06:01:05.313319,real betis - real sociedad,10 B+,"real betis - real sociedad son dakika, real betis - real sociedad güncel",
2025-09-20T06:01:05.814359,aşk ve gözyaşı,20 B+,"aşk ve gözyaşı güncel, aşk ve gözyaşı son dakika",
2025-09-20T06:01:06.315503,arka sokaklar 719 bölüm full izle,10 B+,"arka sokaklar 719 bölüm full izle son dakika, arka sokaklar 719 bölüm full izle güncel",
2025-09-20T06:01:06.816591,beşiktaş üsküdar vapur kazası,2 B+,"beşiktaş üsküdar vapur kazası güncel, beşiktaş üsküdar vapur kazası son dakika",
2025-09-20T06:01:07.317695,lecce - cagliari,5 B+,"lecce - cagliari güncel, lecce - cagliari son dakika",
2025-09-20T06:01:07.818633,motorin zam,2 B+,"motorin zam son dakika, motorin zam güncel",
2025-09-20T06:01:08.319789,lyon,5 B+,"lyon güncel, lyon son dakika",
2025-09-20T06:01:08.821014,kızılcık şerbeti son bölüm,50 B+,"kızılcık şerbeti son bölüm son dakika, kızılcık şerbeti son bölüm güncel",
2025-09-20T06:01:09.322156,hatayspor - boluspor,10 B+,"hatayspor - boluspor son dakika, hatayspor - boluspor güncel",
2025-09-20T06:01:09.823270,danilo zanna,500+,"danilo zanna son dakika, danilo zanna güncel",
2025-09-20T06:01:10.324375,rio ave - porto,5 B+,"rio ave - porto güncel, rio ave - porto son dakika",
2025-09-20T06:01:10.825460,istanbulspor - çorum,10 B+,"istanbulspor - çorum son dakika, istanbulspor - çorum güncel",
2025-09-20T06:01:11.326592,alanya yangın,10 B+,"alanya yangın güncel, alanya yangın son dakika",
2025-09-20T06:01:11.827755,ahmet sungur,10 B+,"ahmet sungur güncel, ahmet sungur son dakika",
2025-09-20T07:01:04.860154,beşiktaş göztepe,500 B+,"beşiktaş göztepe güncel, beşiktaş göztepe son dakika",
2025-09-20T07:01:05.361146,real betis - real sociedad,10 B+,"real betis - real sociedad son dakika, real betis - real sociedad güncel",
2025-09-20T07:01:05.862159,hatayspor - boluspor,10 B+,"hatayspor - boluspor güncel, hatayspor - boluspor son dakika",
2025-09-20T07:01:06.363113,lecce - cagliari,5 B+,"lecce - cagliari son dakika, lecce - cagliari güncel",
2025-09-20T07:01:06.864267,arka sokaklar 719 bölüm full izle,10 B+,"arka sokaklar 719 bölüm full izle güncel, arka sokaklar 719 bölüm full izle son dakika",
2025-09-20T07:01:07.365406,aşk ve gözyaşı,20 B+,"aşk ve gözyaşı son dakika, aşk ve gözyaşı güncel",
2025-09-20T07:01:07.866585,beşiktaş üsküdar vapur kazası,2 B+,"beşiktaş üsküdar vapur kazası son dakika, beşiktaş üsküdar vapur kazası güncel",
2025-09-20T07:01:08.367765,motorin zam,2 B+,"motorin zam son dakika, motorin zam güncel",
2025-09-20T07:01:08.869001,rio ave - porto,5 B+,"rio ave - porto son dakika, rio ave - porto güncel",
2025-09-20T07:01:09.370142,kızılcık şerbeti son bölüm,50 B+,"kızılcık şerbeti son bölüm güncel, kızılcık şerbeti son bölüm son dakika",
2025-09-20T07:01:09.870803,lyon,5 B+,"lyon son dakika, lyon güncel",
2025-09-20T07:01:10.371677,ahmet sungur,10 B+,"ahmet sungur güncel, ahmet sungur son dakika",
2025-09-20T07:01:10.872918,ريال بتيس ضد ريال سوسيداد,2 B+,"ريال بتيس ضد ريال سوسيداد son dakika, ريال بتيس ضد ريال سوسيداد güncel",
2025-09-20T07:01:11.374060,namaz vakti istanbul,20 B+,"namaz vakti istanbul güncel, namaz vakti istanbul son dakika",
2025-09-20T07:01:11.875197,mardin hava durumu,1 B+,"mardin hava durumu son dakika, mardin hava durumu güncel",
2025-09-20T08:01:05.430579,beşiktaş göztepe,500 B+,"beşiktaş göztepe güncel, beşiktaş göztepe son dakika",
2025-09-20T08:01:05.931550,real betis - real sociedad,10 B+,"real betis - real sociedad güncel, real betis - real sociedad son dakika",
2025-09-20T08:01:06.432599,arka sokaklar 719 bölüm full izle,10 B+,"arka sokaklar 719 bölüm full izle güncel, arka sokaklar 719 bölüm full izle son dakika",
2025-09-20T08:01:06.933559,aşk ve gözyaşı,20 B+,"aşk ve gözyaşı güncel, aşk ve gözyaşı son dakika",
2025-09-20T08:01:07.434578,hatayspor - boluspor,10 B+,"hatayspor - boluspor güncel, hatayspor - boluspor son dakika",
2025-09-20T08:01:07.935729,lecce - cagliari,5 B+,"lecce - cagliari güncel, lecce - cagliari son dakika",
2025-09-20T08:01:08.436790,motorin zam,2 B+,"motorin zam güncel, motorin zam son dakika",
2025-09-20T08:01:08.938023,beşiktaş üsküdar vapur kazası,2 B+,"beşiktaş üsküdar vapur kazası güncel, beşiktaş üsküdar vapur kazası son dakika",
2025-09-20T08:01:09.439241,rio ave - porto,5 B+,"rio ave - porto son dakika, rio ave - porto güncel",
2025-09-20T08:01:09.940063,kızılcık şerbeti son bölüm,50 B+,"kızılcık şerbeti son bölüm son dakika, kızılcık şerbeti son bölüm güncel",
2025-09-20T08:01:10.441212,lyon,2 B+,"lyon son dakika, lyon güncel",
2025-09-20T08:01:10.942140,الأهلي ضد الهلال,2 B+,"الأهلي ضد الهلال güncel, الأهلي ضد الهلال son dakika",
2025-09-20T08:01:11.443239,danilo zanna,1 B+,"danilo zanna güncel, danilo zanna son dakika",
2025-09-20T08:01:11.944175,huawei,2 B+,"huawei güncel, huawei son dakika",
2025-09-20T08:01:12.445298,ريال بتيس ضد ريال سوسيداد,2 B+,"ريال بتيس ضد ريال سوسيداد son dakika, ريال بتيس ضد ريال سوسيداد güncel",
2025-09-20T09:01:04.596938,beşiktaş göztepe,500 B+,"beşiktaş göztepe son dakika, beşiktaş göztepe güncel",
2025-09-20T09:01:05.098022,real betis - real sociedad,10 B+,"real betis - real sociedad son dakika, real betis - real sociedad güncel",
2025-09-20T09:01:05.599108,arka sokaklar 719 bölüm full izle,10 B+,"arka sokaklar 719 bölüm full izle güncel, arka sokaklar 719 bölüm full izle son dakika",
2025-09-20T09:01:06.100260,aşk ve gözyaşı,20 B+,"aşk ve gözyaşı güncel, aşk ve gözyaşı son dakika",
2025-09-20T09:01:06.601351,hatayspor - boluspor,10 B+,"hatayspor - boluspor güncel, hatayspor - boluspor son dakika",
2025-09-20T09:01:07.102523,beşiktaş üsküdar vapur kazası,2 B+,"beşiktaş üsküdar vapur kazası güncel, beşiktaş üsküdar vapur kazası son dakika",
2025-09-20T09:01:07.603744,lecce - cagliari,5 B+,"lecce - cagliari son dakika, lecce - cagliari güncel",
2025-09-20T09:01:08.104961,kızılcık şerbeti son bölüm,50 B+,"kızılcık şerbeti son bölüm güncel, kızılcık şerbeti son bölüm son dakika",
2025-09-20T09:01:08.606119,motorin zam,2 B+,"motorin zam son dakika, motorin zam güncel",
2025-09-20T09:01:09.107232,rio ave - porto,5 B+,"rio ave - porto güncel, rio ave - porto son dakika",
2025-09-20T09:01:09.608039,الأهلي ضد الهلال,2 B+,"الأهلي ضد الهلال son dakika, الأهلي ضد الهلال güncel",
2025-09-20T09:01:10.109102,teknofest istanbul kayıt,2 B+,"teknofest istanbul kayıt son dakika, teknofest istanbul kayıt güncel",
2025-09-20T09:01:10.610240,danilo zanna,1 B+,"danilo zanna güncel, danilo zanna son dakika",
2025-09-20T09:01:11.111371,ريال بتيس ضد ريال سوسيداد,2 B+,"ريال بتيس ضد ريال سوسيداد güncel, ريال بتيس ضد ريال سوسيداد son dakika",
2025-09-20T09:01:11.612505,huawei,2 B+,"huawei son dakika, huawei güncel",
2025-09-20T10:01:05.516406,beşiktaş göztepe,500 B+,"beşiktaş göztepe güncel, beşiktaş göztepe son dakika",
2025-09-20T10:01:06.017407,real betis - real sociedad,10 B+,"real betis - real sociedad güncel, real betis - real sociedad son dakika",
2025-09-20T10:01:06.518481,arka sokaklar 719 bölüm full izle,10 B+,"arka sokaklar 719 bölüm full izle son dakika, arka sokaklar 719 bölüm full izle güncel",
2025-09-20T10:01:07.019559,aşk ve gözyaşı,20 B+,"aşk ve gözyaşı güncel, aşk ve gözyaşı son dakika",
2025-09-20T10:01:07.520695,hatayspor - boluspor,10 B+,"hatayspor - boluspor son dakika, hatayspor - boluspor güncel",
2025-09-20T10:01:08.021841,kızılcık şerbeti son bölüm,50 B+,"kızılcık şerbeti son bölüm son dakika, kızılcık şerbeti son bölüm güncel",
2025-09-20T10:01:08.523174,beşiktaş üsküdar vapur kazası,2 B+,"beşiktaş üsküdar vapur kazası son dakika, beşiktaş üsküdar vapur kazası güncel",
2025-09-20T10:01:09.024352,motorin zam,2 B+,"motorin zam son dakika, motorin zam güncel",
2025-09-20T10:01:09.525491,lecce - cagliari,5 B+,"lecce - cagliari güncel, lecce - cagliari son dakika",
2025-09-20T10:01:10.026631,rio ave - porto,5 B+,"rio ave - porto güncel, rio ave - porto son dakika",
2025-09-20T10:01:10.527769,teknofest istanbul kayıt,2 B+,"teknofest istanbul kayıt son dakika, teknofest istanbul kayıt güncel",
2025-09-20T10:01:11.029018,fenerbahçe seçim ne zaman,1 B+,"fenerbahçe seçim ne zaman güncel, fenerbahçe seçim ne zaman son dakika",
2025-09-20T10:01:11.530154,danilo zanna,1 B+,"danilo zanna güncel, danilo zanna son dakika",
2025-09-20T10:01:12.031310,antalya yangın,2 B+,"antalya yangın güncel, antalya yangın son dakika",
2025-09-20T10:01:12.532450,yasin özcan,1 B+,"yasin özcan güncel, yasin özcan son dakika",
2025-09-20T11:01:05.150780,beşiktaş göztepe,500 B+,"beşiktaş göztepe güncel, beşiktaş göztepe son dakika",
2025-09-20T11:01:05.651763,real betis - real sociedad,10 B+,"real betis - real sociedad son dakika, real betis - real sociedad güncel",
2025-09-20T11:01:06.152901,aşk ve gözyaşı,20 B+,"aşk ve gözyaşı son dakika, aşk ve gözyaşı güncel",
2025-09-20T11:01:06.653079,arka sokaklar 719 bölüm full izle,10 B+,"arka sokaklar 719 bölüm full izle güncel, arka sokaklar 719 bölüm full izle son dakika",
2025-09-20T11:01:07.154206,jessie cave,2 B+,"jessie cave güncel, jessie cave son dakika",
2025-09-20T11:01:07.655432,lvbel c5,5 B+,"lvbel c5 güncel, lvbel c5 son dakika",
2025-09-20T11:01:08.156611,kızılcık şerbeti son bölüm,50 B+,"kızılcık şerbeti son bölüm güncel, kızılcık şerbeti son bölüm son dakika",
2025-09-20T11:01:08.657717,necip uysal,5 B+,"necip uysal son dakika, necip uysal güncel",
2025-09-20T11:01:09.158950,hatayspor - boluspor,20 B+,"hatayspor - boluspor güncel, hatayspor - boluspor son dakika",
2025-09-20T11:01:09.660251,beşiktaş üsküdar vapur kazası,2 B+,"beşiktaş üsküdar vapur kazası güncel, beşiktaş üsküdar vapur kazası son dakika",
2025-09-20T11:01:10.161436,motorin zam,5 B+,"motorin zam güncel, motorin zam son dakika",
2025-09-20T11:01:10.662351,fenerbahçe seçim ne zaman,2 B+,"fenerbahçe seçim ne zaman güncel, fenerbahçe seçim ne zaman son dakika",
2025-09-20T11:01:11.163509,lecce - cagliari,5 B+,"lecce - cagliari son dakika, lecce - cagliari güncel",
2025-09-20T11:01:11.664669,rio ave - porto,5 B+,"rio ave - porto son dakika, rio ave - porto güncel",
2025-09-20T11:01:12.165979,atatürk havalimanı,2 B+,"atatürk havalimanı son dakika, atatürk havalimanı güncel",
2025-09-20T12:01:05.502792,beşiktaş göztepe,500 B+,"beşiktaş göztepe güncel, beşiktaş göztepe son dakika",
2025-09-20T12:01:06.003916,aşk ve gözyaşı,20 B+,"aşk ve gözyaşı son dakika, aşk ve gözyaşı güncel",
2025-09-20T12:01:06.505100,real betis - real sociedad,10 B+,"real betis - real sociedad son dakika, real betis - real sociedad güncel",
2025-09-20T12:01:07.006223,fenerbahçe seçim ne zaman,5 B+,"fenerbahçe seçim ne zaman güncel, fenerbahçe seçim ne zaman son dakika",
2025-09-20T12:01:07.507340,arka sokaklar 719 bölüm full izle,20 B+,"arka sokaklar 719 bölüm full izle güncel, arka sokaklar 719 bölüm full izle son dakika",
2025-09-20T12:01:08.008462,lvbel c5,5 B+,"lvbel c5 son dakika, lvbel c5 güncel",
2025-09-20T12:01:08.509617,jessie cave,5 B+,"jessie cave son dakika, jessie cave güncel",
2025-09-20T12:01:09.010726,kızılcık şerbeti son bölüm,50 B+,"kızılcık şerbeti son bölüm son dakika, kızılcık şerbeti son bölüm güncel",
2025-09-20T12:01:09.511950,beşiktaş üsküdar vapur kazası,5 B+,"beşiktaş üsküdar vapur kazası güncel, beşiktaş üsküdar vapur kazası son dakika",
2025-09-20T12:01:10.013135,motorin zam,5 B+,"motorin zam güncel, motorin zam son dakika",
2025-09-20T12:01:10.514252,talen horton-tucker,1 B+,"talen horton-tucker son dakika, talen horton-tucker güncel",
2025-09-20T12:01:11.015384,atatürk havalimanı,5 B+,"atatürk havalimanı son dakika, atatürk havalimanı güncel",
2025-09-20T12:01:11.516500,biricik suden,1 B+,"biricik suden güncel, biricik suden son dakika",
2025-09-20T12:01:12.017624,türkiye hollanda voleybol,1 B+,"türkiye hollanda voleybol son dakika, türkiye hollanda voleybol güncel",
2025-09-20T12:01:12.518755,rio ave - porto,5 B+,"rio ave - porto güncel, rio ave - porto son dakika",
2025-09-20T13:01:05.081483,beşiktaş göztepe,500 B+,"beşiktaş göztepe güncel, beşiktaş göztepe son dakika",
2025-09-20T13:01:05.582615,fenerbahçe seçim ne zaman,10 B+,"fenerbahçe seçim ne zaman son dakika, fenerbahçe seçim ne zaman güncel",
2025-09-20T13:01:06.083682,aşk ve gözyaşı,20 B+,"aşk ve gözyaşı son dakika, aşk ve gözyaşı güncel",
2025-09-20T13:01:06.584842,real betis - real sociedad,10 B+,"real betis - real sociedad güncel, real betis - real sociedad son dakika",
2025-09-20T13:01:07.086142,lvbel c5,5 B+,"lvbel c5 güncel, lvbel c5 son dakika",
2025-09-20T13:01:07.587357,arka sokaklar 719 bölüm full izle,20 B+,"arka sokaklar 719 bölüm full izle güncel, arka sokaklar 719 bölüm full izle son dakika",
2025-09-20T13:01:08.088495,efe mandıracı,5 B+,"efe mandıracı son dakika, efe mandıracı güncel",
2025-09-20T13:01:08.589600,biricik suden,2 B+,"biricik suden son dakika, biricik suden güncel",
2025-09-20T13:01:09.090820,jessie cave,5 B+,"jessie cave güncel, jessie cave son dakika",
2025-09-20T13:01:09.592164,beşiktaş üsküdar vapur kazası,5 B+,"beşiktaş üsküdar vapur kazası son dakika, beşiktaş üsküdar vapur kazası güncel",
2025-09-20T13:01:10.093384,motorin zam,5 B+,"motorin zam güncel, motorin zam son dakika",
2025-09-20T13:01:10.594615,kızılcık şerbeti son bölüm,50 B+,"kızılcık şerbeti son bölüm güncel, kızılcık şerbeti son bölüm son dakika",
2025-09-20T13:01:11.095785,mazhar alanson,1 B+,"mazhar alanson son dakika, mazhar alanson güncel",
2025-09-20T13:01:11.597025,adis lagumdzija,1 B+,"adis lagumdzija son dakika, adis lagumdzija güncel",
2025-09-20T13:01:12.098023,talen horton-tucker,2 B+,"talen horton-tucker güncel, talen horton-tucker son dakika",
2025-09-20T14:01:06.200540,beşiktaş göztepe,500 B+,"beşiktaş göztepe son dakika, beşiktaş göztepe güncel",
2025-09-20T14:01:06.701582,fenerbahçe seçim ne zaman,20 B+,"fenerbahçe seçim ne zaman güncel, fenerbahçe seçim ne zaman son dakika",
2025-09-20T14:01:07.202581,aşk ve gözyaşı,20 B+,"aşk ve gözyaşı son dakika, aşk ve gözyaşı güncel",
2025-09-20T14:01:07.703166,liverpool - everton,2 B+,"liverpool - everton güncel, liverpool - everton son dakika",
2025-09-20T14:01:08.204106,lvbel c5,10 B+,"lvbel c5 son dakika, lvbel c5 güncel",
2025-09-20T14:01:08.705258,arka sokaklar 719 bölüm full izle,20 B+,"arka sokaklar 719 bölüm full izle güncel, arka sokaklar 719 bölüm full izle son dakika",
2025-09-20T14:01:09.206358,real betis - real sociedad,10 B+,"real betis - real sociedad güncel, real betis - real sociedad son dakika",
2025-09-20T14:01:09.707459,biricik suden,2 B+,"biricik suden son dakika, biricik suden güncel",
2025-09-20T14:01:10.208570,beşiktaş üsküdar vapur kazası,5 B+,"beşiktaş üsküdar vapur kazası son dakika, beşiktaş üsküdar vapur kazası güncel",
2025-09-20T14:01:10.709715,motorin zam,5 B+,"motorin zam güncel, motorin zam son dakika",
2025-09-20T14:01:11.210811,filenin efeleri,5 B+,"filenin efeleri güncel, filenin efeleri son dakika",
2025-09-20T14:01:11.711739,jessie cave,5 B+,"jessie cave güncel, jessie cave son dakika",
2025-09-20T14:01:12.212712,kızılcık şerbeti son bölüm,50 B+,"kızılcık şerbeti son bölüm son dakika, kızılcık şerbeti son bölüm güncel",
2025-09-20T14:01:12.713555,mazhar alanson,2 B+,"mazhar alanson son dakika, mazhar alanson güncel",
2025-09-20T14:01:13.214673,teknofest kayıt,5 B+,"teknofest kayıt güncel, teknofest kayıt son dakika",
2025-09-20T15:01:04.151311,liverpool - everton,10 B+,"liverpool - everton son dakika, liverpool - everton güncel",
2025-09-20T15:01:04.652138,fenerbahçe seçim ne zaman,20 B+,"fenerbahçe seçim ne zaman son dakika, fenerbahçe seçim ne zaman güncel",
2025-09-20T15:01:05.153273,beşiktaş göztepe,500 B+,"beşiktaş göztepe son dakika, beşiktaş göztepe güncel",
2025-09-20T15:01:05.654317,aşk ve gözyaşı,20 B+,"aşk ve gözyaşı güncel, aşk ve gözyaşı son dakika",
2025-09-20T15:01:06.155083,lvbel c5,10 B+,"lvbel c5 son dakika, lvbel c5 güncel",
2025-09-20T15:01:06.656106,arka sokaklar 719 bölüm full izle,20 B+,"arka sokaklar 719 bölüm full izle güncel, arka sokaklar 719 bölüm full izle son dakika",
2025-09-20T15:01:07.157260,real betis - real sociedad,10 B+,"real betis - real sociedad son dakika, real betis - real sociedad güncel",
2025-09-20T15:01:07.658421,biricik suden,2 B+,"biricik suden son dakika, biricik suden güncel",
2025-09-20T15:01:08.159585,motorin zam,5 B+,"motorin zam güncel, motorin zam son dakika",
2025-09-20T15:01:08.660705,jessie cave,5 B+,"jessie cave güncel, jessie cave son dakika",
2025-09-20T15:01:09.161949,kızılcık şerbeti son bölüm,50 B+,"kızılcık şerbeti son bölüm son dakika, kızılcık şerbeti son bölüm güncel",
2025-09-20T15:01:09.663098,mazhar alanson,2 B+,"mazhar alanson güncel, mazhar alanson son dakika",
2025-09-20T15:01:10.164219,ليفربول ضد إيفرتون,1 B+,"ليفربول ضد إيفرتون güncel, ليفربول ضد إيفرتون son dakika",
2025-09-20T15:01:10.665359,filenin efeleri,5 B+,"filenin efeleri güncel, filenin efeleri son dakika",
2025-09-20T15:01:11.166523,teknofest kayıt,5 B+,"teknofest kayıt güncel, teknofest kayıt son dakika",
2025-09-20T16:01:05.741797,liverpool - everton,20 B+,"liverpool - everton son dakika, liverpool - everton güncel",
2025-09-20T16:01:06.242798,fenerbahçe seçim ne zaman,20 B+,"fenerbahçe seçim ne zaman son dakika, fenerbahçe seçim ne zaman güncel",
2025-09-20T16:01:06.743825,beşiktaş göztepe,500 B+,"beşiktaş göztepe güncel, beşiktaş göztepe son dakika",
2025-09-20T16:01:07.244307,vanspor - sivasspor,5 B+,"vanspor - sivasspor son dakika, vanspor - sivasspor güncel",
2025-09-20T16:01:07.745462,aşk ve gözyaşı,20 B+,"aşk ve gözyaşı güncel, aşk ve gözyaşı son dakika",
2025-09-20T16:01:08.246192,lvbel c5,10 B+,"lvbel c5 son dakika, lvbel c5 güncel",
2025-09-20T16:01:08.747161,arka sokaklar 719 bölüm full izle,20 B+,"arka sokaklar 719 bölüm full izle güncel, arka sokaklar 719 bölüm full izle son dakika",
2025-09-20T16:01:09.248145,motorin zam,5 B+,"motorin zam güncel, motorin zam son dakika",
2025-09-20T16:01:09.749282,biricik suden,5 B+,"biricik suden son dakika, biricik suden güncel",
2025-09-20T16:01:10.250439,ليفربول ضد إيفرتون,2 B+,"ليفربول ضد إيفرتون son dakika, ليفربول ضد إيفرتون güncel",
2025-09-20T16:01:10.751593,kızılcık şerbeti son bölüm,50 B+,"kızılcık şerbeti son bölüm son dakika, kızılcık şerbeti son bölüm güncel",
2025-09-20T16:01:11.252745,toki sosyal konut,2 B+,"toki sosyal konut güncel, toki sosyal konut son dakika",
2025-09-20T16:01:11.753903,hoffenheim - bayern münih,1 B+,"hoffenheim - bayern münih son dakika, hoffenheim - bayern münih güncel",
2025-09-20T16:01:12.255111,jessie cave,5 B+,"jessie cave güncel, jessie cave son dakika",
2025-09-20T16:01:12.756265,mazhar alanson,2 B+,"mazhar alanson son dakika, mazhar alanson güncel",
2025-09-20T17:01:10.654736,real madrid - espanyol,20 B+,"real madrid - espanyol güncel, real madrid - espanyol son dakika",
2025-09-20T17:01:11.155047,liverpool - everton,50 B+,"liverpool - everton son dakika, liverpool - everton güncel",
2025-09-20T17:01:11.655798,fenerbahçe seçim ne zaman,20 B+,"fenerbahçe seçim ne zaman son dakika, fenerbahçe seçim ne zaman güncel",
2025-09-20T17:01:12.156229,vanspor - sivasspor,10 B+,"vanspor - sivasspor son dakika, vanspor - sivasspor güncel",
2025-09-20T17:01:12.656987,gençlerbirliği - eyüpspor,5 B+,"gençlerbirliği - eyüpspor güncel, gençlerbirliği - eyüpspor son dakika",
2025-09-20T17:01:13.158152,aşk ve gözyaşı,20 B+,"aşk ve gözyaşı son dakika, aşk ve gözyaşı güncel",
2025-09-20T17:01:13.659261,hoffenheim - bayern münih,5 B+,"hoffenheim - bayern münih güncel, hoffenheim - bayern münih son dakika",
2025-09-20T17:01:14.160643,lvbel c5,10 B+,"lvbel c5 son dakika, lvbel c5 güncel",
2025-09-20T17:01:14.661381,الريال ضد إسبانيول,2 B+,"الريال ضد إسبانيول güncel, الريال ضد إسبانيول son dakika",
2025-09-20T17:01:15.162045,arka sokaklar 719 bölüm full izle,20 B+,"arka sokaklar 719 bölüm full izle son dakika, arka sokaklar 719 bölüm full izle güncel",
2025-09-20T17:01:15.663330,keçiörengücü - bodrumspor,2 B+,"keçiörengücü - bodrumspor son dakika, keçiörengücü - bodrumspor güncel",
2025-09-20T17:01:16.163935,biricik suden,5 B+,"biricik suden son dakika, biricik suden güncel",
2025-09-20T17:01:16.664543,brighton - tottenham,2 B+,"brighton - tottenham son dakika, brighton - tottenham güncel",
2025-09-20T17:01:17.164950,motorin zam,5 B+,"motorin zam son dakika, motorin zam güncel",
2025-09-20T17:01:17.665770,sosyal konut,2 B+,"sosyal konut son dakika, sosyal konut güncel",
2025-09-20T18:01:04.524469,real madrid - espanyol,50 B+,"real madrid - espanyol son dakika, real madrid - espanyol güncel",
2025-09-20T18:01:05.025480,liverpool - everton,20 B+,"liverpool - everton güncel, liverpool - everton son dakika",
2025-09-20T18:01:05.526558,gençlerbirliği - eyüpspor,20 B+,"gençlerbirliği - eyüpspor son dakika, gençlerbirliği - eyüpspor güncel",
2025-09-20T18:01:06.027712,fenerbahçe seçim ne zaman,50 B+,"fenerbahçe seçim ne zaman güncel, fenerbahçe seçim ne zaman son dakika",
2025-09-20T18:01:06.528936,vanspor - sivasspor,20 B+,"vanspor - sivasspor güncel, vanspor - sivasspor son dakika",
2025-09-20T18:01:07.030137,brighton - tottenham,5 B+,"brighton - tottenham son dakika, brighton - tottenham güncel",
2025-09-20T18:01:07.531286,aşk ve gözyaşı,20 B+,"aşk ve gözyaşı güncel, aşk ve gözyaşı son dakika",
2025-09-20T18:01:08.032350,hoffenheim - bayern münih,10 B+,"hoffenheim - bayern münih son dakika, hoffenheim - bayern münih güncel",
2025-09-20T18:01:08.533544,الريال ضد إسبانيول,5 B+,"الريال ضد إسبانيول son dakika, الريال ضد إسبانيول güncel",
2025-09-20T18:01:09.034706,keçiörengücü - bodrumspor,5 B+,"keçiörengücü - bodrumspor son dakika, keçiörengücü - bodrumspor güncel",
2025-09-20T18:01:09.535749,arka sokaklar 719 bölüm full izle,20 B+,"arka sokaklar 719 bölüm full izle güncel, arka sokaklar 719 bölüm full izle son dakika",
2025-09-20T18:01:10.036969,biricik suden,10 B+,"biricik suden güncel, biricik suden son dakika",
2025-09-20T18:01:10.538084,hatayspor - boluspor,20 B+,"hatayspor - boluspor son dakika, hatayspor - boluspor güncel",
2025-09-20T18:01:11.039251,motorin zam,5 B+,"motorin zam güncel, motorin zam son dakika",
2025-09-20T18:01:11.540319,sosyal konut,5 B+,"sosyal konut güncel, sosyal konut son dakika",
2025-09-20T19:01:04.450868,real madrid - espanyol,100 B+,"real madrid - espanyol son dakika, real madrid - espanyol güncel",
2025-09-20T19:01:04.951996,fenerbahçe seçim ne zaman,50 B+,"fenerbahçe seçim ne zaman son dakika, fenerbahçe seçim ne zaman güncel",
2025-09-20T19:01:05.453075,gençlerbirliği - eyüpspor,20 B+,"gençlerbirliği - eyüpspor son dakika, gençlerbirliği - eyüpspor güncel",
2025-09-20T19:01:05.954124,liverpool - everton,50 B+,"liverpool - everton güncel, liverpool - everton son dakika",
2025-09-20T19:01:06.455280,vanspor - sivasspor,20 B+,"vanspor - sivasspor güncel, vanspor - sivasspor son dakika",
2025-09-20T19:01:06.956446,hoffenheim - bayern münih,10 B+,"hoffenheim - bayern münih güncel, hoffenheim - bayern münih son dakika",
2025-09-20T19:01:07.457585,verona - juventus,5 B+,"verona - juventus güncel, verona - juventus son dakika",
2025-09-20T19:01:07.958658,brighton - tottenham,10 B+,"brighton - tottenham güncel, brighton - tottenham son dakika",
2025-09-20T19:01:08.459750,الريال ضد إسبانيول,10 B+,"الريال ضد إسبانيول güncel, الريال ضد إسبانيول son dakika",
2025-09-20T19:01:08.960972,manchester united - chelsea,5 B+,"manchester united - chelsea son dakika, manchester united - chelsea güncel",
2025-09-20T19:01:09.461964,adana demirspor - erzurumspor,2 B+,"adana demirspor - erzurumspor son dakika, adana demirspor - erzurumspor güncel",
2025-09-20T19:01:09.963134,arka sokaklar 719 bölüm full izle,20 B+,"arka sokaklar 719 bölüm full izle güncel, arka sokaklar 719 bölüm full izle son dakika",
2025-09-20T19:01:10.464333,keçiörengücü - bodrumspor,5 B+,"keçiörengücü - bodrumspor güncel, keçiörengücü - bodrumspor son dakika",
2025-09-20T19:01:10.965481,motorin zam,5 B+,"motorin zam güncel, motorin zam son dakika",
2025-09-20T19:01:11.466526,biricik suden,10 B+,"biricik suden son dakika, biricik suden güncel",
2025-09-20T20:01:05.465243,real madrid - espanyol,100 B+,"real madrid - espanyol güncel, real madrid - espanyol son dakika",
2025-09-20T20:01:05.966288,trabzonspor - gaziantep fk,20 B+,"trabzonspor - gaziantep fk güncel, trabzonspor - gaziantep fk son dakika",
2025-09-20T20:01:06.467250,fenerbahçe seçim ne zaman,50 B+,"fenerbahçe seçim ne zaman son dakika, fenerbahçe seçim ne zaman güncel",
2025-09-20T20:01:06.968263,gençlerbirliği - eyüpspor,20 B+,"gençlerbirliği - eyüpspor güncel, gençlerbirliği - eyüpspor son dakika",
2025-09-20T20:01:07.469371,manchester united - chelsea,20 B+,"manchester united - chelsea güncel, manchester united - chelsea son dakika",
2025-09-20T20:01:07.970490,verona - juventus,10 B+,"verona - juventus güncel, verona - juventus son dakika",
2025-09-20T20:01:08.471574,liverpool - everton,50 B+,"liverpool - everton son dakika, liverpool - everton güncel",
2025-09-20T20:01:08.972600,adana demirspor - erzurumspor,10 B+,"adana demirspor - erzurumspor güncel, adana demirspor - erzurumspor son dakika",
2025-09-20T20:01:09.473442,avs - benfica,10 B+,"avs - benfica son dakika, avs - benfica güncel",
2025-09-20T20:01:09.974365,vanspor - sivasspor,20 B+,"vanspor - sivasspor güncel, vanspor - sivasspor son dakika",
2025-09-20T20:01:10.475178,brighton - tottenham,10 B+,"brighton - tottenham güncel, brighton - tottenham son dakika",
2025-09-20T20:01:10.976171,الريال ضد إسبانيول,10 B+,"الريال ضد إسبانيول son dakika, الريال ضد إسبانيول güncel",
2025-09-20T20:01:11.477130,antalyaspor - kayserispor,5 B+,"antalyaspor - kayserispor son dakika, antalyaspor - kayserispor güncel",
2025-09-20T20:01:11.978189,hoffenheim - bayern münih,10 B+,"hoffenheim - bayern münih güncel, hoffenheim - bayern münih son dakika",
2025-09-20T20:01:12.479071,arka sokaklar 719 bölüm full izle,20 B+,"arka sokaklar 719 bölüm full izle güncel, arka sokaklar 719 bölüm full izle son dakika",
2025-09-20T21:01:04.791501,real madrid - espanyol,200 B+,"real madrid - espanyol son dakika, real madrid - espanyol güncel",
2025-09-20T21:01:05.292493,trabzonspor - gaziantep fk,100 B+,"trabzonspor - gaziantep fk güncel, trabzonspor - gaziantep fk son dakika",
2025-09-20T21:01:05.793645,manchester united - chelsea,50 B+,"manchester united - chelsea güncel, manchester united - chelsea son dakika",
2025-09-20T21:01:06.294121,fenerbahçe seçim ne zaman,100 B+,"fenerbahçe seçim ne zaman son dakika, fenerbahçe seçim ne zaman güncel",
2025-09-20T21:01:06.795269,avs - benfica,20 B+,"avs - benfica son dakika, avs - benfica güncel",
2025-09-20T21:01:07.296428,verona - juventus,20 B+,"verona - juventus son dakika, verona - juventus güncel",
2025-09-20T21:01:07.797594,gençlerbirliği - eyüpspor,20 B+,"gençlerbirliği - eyüpspor son dakika, gençlerbirliği - eyüpspor güncel",
2025-09-20T21:01:08.298759,antalyaspor - kayserispor,10 B+,"antalyaspor - kayserispor güncel, antalyaspor - kayserispor son dakika",
2025-09-20T21:01:08.799968,liverpool - everton,20 B+,"liverpool - everton son dakika, liverpool - everton güncel",
2025-09-20T21:01:09.301132,adana demirspor - erzurumspor,20 B+,"adana demirspor - erzurumspor güncel, adana demirspor - erzurumspor son dakika",
2025-09-20T21:01:09.802299,الريال ضد إسبانيول,10 B+,"الريال ضد إسبانيول son dakika, الريال ضد إسبانيول güncel",
2025-09-20T21:01:10.303453,vanspor - sivasspor,20 B+,"vanspor - sivasspor güncel, vanspor - sivasspor son dakika",
2025-09-20T21:01:10.804621,arka sokaklar 719 bölüm full izle,20 B+,"arka sokaklar 719 bölüm full izle son dakika, arka sokaklar 719 bölüm full izle güncel",
2025-09-20T21:01:11.305783,biricik suden,10 B+,"biricik suden güncel, biricik suden son dakika",
2025-09-20T21:01:11.807009,brighton - tottenham,10 B+,"brighton - tottenham güncel, brighton - tottenham son dakika",
2025-09-20T22:01:05.577888,trabzonspor - gaziantep fk,100 B+,"trabzonspor - gaziantep fk son dakika, trabzonspor - gaziantep fk güncel",
2025-09-20T22:01:06.079035,real madrid - espanyol,200 B+,"real madrid - espanyol son dakika, real madrid - espanyol güncel",
2025-09-20T22:01:06.580206,avs - benfica,20 B+,"avs - benfica son dakika, avs - benfica güncel",
2025-09-20T22:01:07.081250,manchester united - chelsea,50 B+,"manchester united - chelsea son dakika, manchester united - chelsea güncel",
2025-09-20T22:01:07.582316,fenerbahçe seçim ne zaman,100 B+,"fenerbahçe seçim ne zaman son dakika, fenerbahçe seçim ne zaman güncel",
2025-09-20T22:01:08.083482,verona - juventus,20 B+,"verona - juventus güncel, verona - juventus son dakika",
2025-09-20T22:01:08.584656,antalyaspor - kayserispor,20 B+,"antalyaspor - kayserispor son dakika, antalyaspor - kayserispor güncel",
2025-09-20T22:01:09.085919,gençlerbirliği - eyüpspor,20 B+,"gençlerbirliği - eyüpspor son dakika, gençlerbirliği - eyüpspor güncel",
2025-09-20T22:01:09.587136,al nassr - al-riyadh,10 B+,"al nassr - al-riyadh son dakika, al nassr - al-riyadh güncel",
2025-09-20T22:01:10.088243,liverpool - everton,50 B+,"liverpool - everton son dakika, liverpool - everton güncel",
2025-09-20T22:01:10.589242,adana demirspor - erzurumspor,20 B+,"adana demirspor - erzurumspor son dakika, adana demirspor - erzurumspor güncel",
2025-09-20T22:01:11.090371,chelsea,10 B+,"chelsea son dakika, chelsea güncel",
2025-09-20T22:01:11.591539,vanspor - sivasspor,20 B+,"vanspor - sivasspor son dakika, vanspor - sivasspor güncel",
2025-09-20T22:01:12.092707,biricik suden,10 B+,"biricik suden güncel, biricik suden son dakika",
2025-09-20T22:01:12.593950,الريال ضد إسبانيول,10 B+,"الريال ضد إسبانيول güncel, الريال ضد إسبانيول son dakika",
2025-09-20T23:01:04.744632,trabzonspor - gaziantep fk,200 B+,"trabzonspor - gaziantep fk güncel, trabzonspor - gaziantep fk son dakika",
2025-09-20T23:01:05.245664,real madrid - espanyol,200 B+,"real madrid - espanyol güncel, real madrid - espanyol son dakika",
2025-09-20T23:01:05.746759,avs - benfica,50 B+,"avs - benfica güncel, avs - benfica son dakika",
2025-09-20T23:01:06.247812,verona - juventus,20 B+,"verona - juventus son dakika, verona - juventus güncel",
2025-09-20T23:01:06.748933,fenerbahçe seçim ne zaman,100 B+,"fenerbahçe seçim ne zaman son dakika, fenerbahçe seçim ne zaman güncel",
2025-09-20T23:01:07.250104,antalyaspor - kayserispor,20 B+,"antalyaspor - kayserispor güncel, antalyaspor - kayserispor son dakika",
2025-09-20T23:01:07.751268,manchester united - chelsea,20 B+,"manchester united - chelsea güncel, manchester united - chelsea son dakika",
2025-09-20T23:01:08.252349,al nassr - al-riyadh,10 B+,"al nassr - al-riyadh güncel, al nassr - al-riyadh son dakika",
2025-09-20T23:01:08.753515,gençlerbirliği - eyüpspor,20 B+,"gençlerbirliği - eyüpspor son dakika, gençlerbirliği - eyüpspor güncel",
2025-09-20T23:01:09.254688,liverpool - everton,50 B+,"liverpool - everton güncel, liverpool - everton son dakika",
2025-09-20T23:01:09.755813,chelsea,20 B+,"chelsea güncel, chelsea son dakika",
2025-09-20T23:01:10.257034,adana demirspor - erzurumspor,20 B+,"adana demirspor - erzurumspor son dakika, adana demirspor - erzurumspor güncel",
2025-09-20T23:01:10.757992,biricik suden,10 B+,"biricik suden son dakika, biricik suden güncel",
2025-09-20T23:01:11.259050,vanspor - sivasspor,20 B+,"vanspor - sivasspor son dakika, vanspor - sivasspor güncel",
2025-09-20T23:01:11.760125,الريال ضد إسبانيول,10 B+,"الريال ضد إسبانيول son dakika, الريال ضد إسبانيول güncel",
2025-09-21T00:01:07.298371,trabzonspor - gaziantep fk,200 B+,"trabzonspor - gaziantep fk son dakika, trabzonspor - gaziantep fk güncel",
2025-09-21T00:01:07.799347,real madrid - espanyol,200 B+,"real madrid - espanyol güncel, real madrid - espanyol son dakika",
2025-09-21T00:01:08.300389,avs - benfica,50 B+,"avs - benfica son dakika, avs - benfica güncel",
2025-09-21T00:01:08.801521,fenerbahçe seçim ne zaman,100 B+,"fenerbahçe seçim ne zaman son dakika, fenerbahçe seçim ne zaman güncel",
2025-09-21T00:01:09.302676,manchester united - chelsea,50 B+,"manchester united - chelsea güncel, manchester united - chelsea son dakika",
2025-09-21T00:01:09.803794,gençlerbirliği - eyüpspor,20 B+,"gençlerbirliği - eyüpspor güncel, gençlerbirliği - eyüpspor son dakika",
2025-09-21T00:01:10.304838,verona - juventus,20 B+,"verona - juventus güncel, verona - juventus son dakika",
2025-09-21T00:01:10.806118,antalyaspor - kayserispor,20 B+,"antalyaspor - kayserispor son dakika, antalyaspor - kayserispor güncel",
2025-09-21T00:01:11.307276,al nassr - al-riyadh,20 B+,"al nassr - al-riyadh son dakika, al nassr - al-riyadh güncel",
2025-09-21T00:01:11.808266,liverpool - everton,50 B+,"liverpool - everton güncel, liverpool - everton son dakika",
2025-09-21T00:01:12.309368,adana demirspor - erzurumspor,20 B+,"adana demirspor - erzurumspor son dakika, adana demirspor - erzurumspor güncel",
2025-09-21T00:01:12.810529,brighton - tottenham,10 B+,"brighton - tottenham güncel, brighton - tottenham son dakika",
2025-09-21T00:01:13.311614,biricik suden,10 B+,"biricik suden güncel, biricik suden son dakika",
2025-09-21T00:01:13.812756,benfica,10 B+,"benfica güncel, benfica son dakika",
2025-09-21T00:01:14.313984,udinese - milan,2 B+,"udinese - milan güncel, udinese - milan son dakika",
2025-09-21T01:01:04.708881,trabzonspor - gaziantep fk,200 B+,"trabzonspor - gaziantep fk güncel, trabzonspor - gaziantep fk son dakika",
2025-09-21T01:01:05.209829,real madrid - espanyol,200 B+,"real madrid - espanyol son dakika, real madrid - espanyol güncel",
2025-09-21T01:01:05.710931,avs - benfica,100 B+,"avs - benfica son dakika, avs - benfica güncel",
2025-09-21T01:01:06.212043,manchester united - chelsea,50 B+,"manchester united - chelsea güncel, manchester united - chelsea son dakika",
2025-09-21T01:01:06.713158,al nassr - al-riyadh,20 B+,"al nassr - al-riyadh son dakika, al nassr - al-riyadh güncel",
2025-09-21T01:01:07.214190,verona - juventus,20 B+,"verona - juventus son dakika, verona - juventus güncel",
2025-09-21T01:01:07.715248,gençlerbirliği - eyüpspor,50 B+,"gençlerbirliği - eyüpspor güncel, gençlerbirliği - eyüpspor son dakika",
2025-09-21T01:01:08.216279,antalyaspor - kayserispor,20 B+,"antalyaspor - kayserispor güncel, antalyaspor - kayserispor son dakika",
2025-09-21T01:01:08.717359,liverpool - everton,50 B+,"liverpool - everton güncel, liverpool - everton son dakika",
2025-09-21T01:01:09.218223,adana demirspor - erzurumspor,20 B+,"adana demirspor - erzurumspor son dakika, adana demirspor - erzurumspor güncel",
2025-09-21T01:01:09.719296,brighton - tottenham,10 B+,"brighton - tottenham güncel, brighton - tottenham son dakika",
2025-09-21T01:01:10.220351,vanspor - sivasspor,20 B+,"vanspor - sivasspor son dakika, vanspor - sivasspor güncel",
2025-09-21T01:01:10.721456,biricik suden,10 B+,"biricik suden güncel, biricik suden son dakika",
2025-09-21T01:01:11.222462,udinese - milan,5 B+,"udinese - milan güncel, udinese - milan son dakika",
2025-09-21T01:01:11.723495,haciz,5 B+,"haciz son dakika, haciz güncel",
2025-09-21T02:01:05.602931,trabzonspor - gaziantep fk,100 B+,"trabzonspor - gaziantep fk son dakika, trabzonspor - gaziantep fk güncel",
2025-09-21T02:01:06.103953,real madrid - espanyol,200 B+,"real madrid - espanyol son dakika, real madrid - espanyol güncel",
2025-09-21T02:01:06.605064,fenerbahçe seçim ne zaman,100 B+,"fenerbahçe seçim ne zaman güncel, fenerbahçe seçim ne zaman son dakika",
2025-09-21T02:01:07.106102,avs - benfica,50 B+,"avs - benfica güncel, avs - benfica son dakika",
2025-09-21T02:01:07.606838,trabzonspor,100 B+,"trabzonspor güncel, trabzonspor son dakika",
2025-09-21T02:01:08.108005,manchester united - chelsea,50 B+,"manchester united - chelsea son dakika, manchester united - chelsea güncel",
2025-09-21T02:01:08.609164,liverpool - everton,50 B+,"liverpool - everton güncel, liverpool - everton son dakika",
2025-09-21T02:01:09.110178,al nassr - al-riyadh,20 B+,"al nassr - al-riyadh son dakika, al nassr - al-riyadh güncel",
2025-09-21T02:01:09.611194,verona - juventus,20 B+,"verona - juventus son dakika, verona - juventus güncel",
2025-09-21T02:01:10.112362,gençlerbirliği - eyüpspor,50 B+,"gençlerbirliği - eyüpspor güncel, gençlerbirliği - eyüpspor son dakika",
2025-09-21T02:01:10.613515,antalyaspor - kayserispor,20 B+,"antalyaspor - kayserispor son dakika, antalyaspor - kayserispor güncel",
2025-09-21T02:01:11.114622,adana demirspor - erzurumspor,20 B+,"adana demirspor - erzurumspor son dakika, adana demirspor - erzurumspor güncel",
2025-09-21T02:01:11.615717,biricik suden,10 B+,"biricik suden son dakika, biricik suden güncel",
2025-09-21T02:01:12.116932,vanspor - sivasspor,20 B+,"vanspor - sivasspor güncel, vanspor - sivasspor son dakika",
2025-09-21T02:01:12.618128,udinese - milan,5 B+,"udinese - milan son dakika, udinese - milan güncel",
2025-09-21T03:01:04.728072,trabzonspor - gaziantep fk,200 B+,"trabzonspor - gaziantep fk son dakika, trabzonspor - gaziantep fk güncel",
2025-09-21T03:01:05.229142,real madrid - espanyol,200 B+,"real madrid - espanyol güncel, real madrid - espanyol son dakika",
2025-09-21T03:01:05.730308,fenerbahçe seçim ne zaman,100 B+,"fenerbahçe seçim ne zaman son dakika, fenerbahçe seçim ne zaman güncel",
2025-09-21T03:01:06.231474,avs - benfica,100 B+,"avs - benfica son dakika, avs - benfica güncel",
2025-09-21T03:01:06.732573,son dakika deprem,20 B+,"son dakika deprem güncel, son dakika deprem son dakika",
2025-09-21T03:01:07.233735,manchester united - chelsea,50 B+,"manchester united - chelsea güncel, manchester united - chelsea son dakika",
2025-09-21T03:01:07.734670,verona - juventus,20 B+,"verona - juventus son dakika, verona - juventus güncel",
2025-09-21T03:01:08.235799,al nassr - al-riyadh,20 B+,"al nassr - al-riyadh son dakika, al nassr - al-riyadh güncel",
2025-09-21T03:01:08.737030,gençlerbirliği - eyüpspor,50 B+,"gençlerbirliği - eyüpspor güncel, gençlerbirliği - eyüpspor son dakika",
2025-09-21T03:01:09.238148,liverpool - everton,50 B+,"liverpool - everton son dakika, liverpool - everton güncel",
2025-09-21T03:01:09.739226,antalyaspor - kayserispor,20 B+,"antalyaspor - kayserispor son dakika, antalyaspor - kayserispor güncel",
2025-09-21T03:01:10.240374,son depremler,10 B+,"son depremler son dakika, son depremler güncel",
2025-09-21T03:01:10.741534,biricik suden,10 B+,"biricik suden güncel, biricik suden son dakika",
2025-09-21T03:01:11.242943,adana demirspor - erzurumspor,20 B+,"adana demirspor - erzurumspor güncel, adana demirspor - erzurumspor son dakika",
2025-09-21T03:01:11.744011,iptv,2 B+,"iptv güncel, iptv son dakika",
2025-09-21T04:01:04.488079,trabzonspor - gaziantep fk,200 B+,"trabzonspor - gaziantep fk son dakika, trabzonspor - gaziantep fk güncel",
2025-09-21T04:01:04.989032,real madrid - espanyol,200 B+,"real madrid - espanyol güncel, real madrid - espanyol son dakika",
2025-09-21T04:01:05.490039,fenerbahçe seçim ne zaman,100 B+,"fenerbahçe seçim ne zaman son dakika, fenerbahçe seçim ne zaman güncel",
2025-09-21T04:01:05.991124,avs - benfica,100 B+,"avs - benfica güncel, avs - benfica son dakika",
2025-09-21T04:01:06.492230,manchester united - chelsea,50 B+,"manchester united - chelsea güncel, manchester united - chelsea son dakika",
2025-09-21T04:01:06.993076,verona - juventus,20 B+,"verona - juventus güncel, verona - juventus son dakika",
2025-09-21T04:01:07.494037,al nassr - al-riyadh,20 B+,"al nassr - al-riyadh son dakika, al nassr - al-riyadh güncel",
2025-09-21T04:01:07.995128,gençlerbirliği - eyüpspor,50 B+,"gençlerbirliği - eyüpspor son dakika, gençlerbirliği - eyüpspor güncel",
2025-09-21T04:01:08.496179,antalyaspor - kayserispor,20 B+,"antalyaspor - kayserispor son dakika, antalyaspor - kayserispor güncel",
2025-09-21T04:01:08.997088,biricik suden,10 B+,"biricik suden son dakika, biricik suden güncel",
2025-09-21T04:01:09.498126,arda kardeşler,2 B+,"arda kardeşler son dakika, arda kardeşler güncel",
2025-09-21T04:01:09.999199,son dakika deprem,20 B+,"son dakika deprem son dakika, son dakika deprem güncel",
2025-09-21T04:01:10.500128,udinese - milan,5 B+,"udinese - milan güncel, udinese - milan son dakika",
2025-09-21T04:01:11.001211,inter miami - dc united,1 B+,"inter miami - dc united son dakika, inter miami - dc united güncel",
2025-09-21T04:01:11.502299,son depremler,10 B+,"son depremler son dakika, son depremler güncel",
2025-09-21T05:01:03.993299,trabzonspor - gaziantep fk,200 B+,"trabzonspor - gaziantep fk son dakika, trabzonspor - gaziantep fk güncel",
2025-09-21T05:01:04.493906,real madrid - espanyol,200 B+,"real madrid - espanyol güncel, real madrid - espanyol son dakika",
2025-09-21T05:01:04.994913,avs - benfica,100 B+,"avs - benfica son dakika, avs - benfica güncel",
2025-09-21T05:01:05.496014,fenerbahçe seçim ne zaman,100 B+,"fenerbahçe seçim ne zaman son dakika, fenerbahçe seçim ne zaman güncel",
2025-09-21T05:01:05.997121,manchester united - chelsea,50 B+,"manchester united - chelsea son dakika, manchester united - chelsea güncel",
2025-09-21T05:01:06.498198,gençlerbirliği - eyüpspor,50 B+,"gençlerbirliği - eyüpspor son dakika, gençlerbirliği - eyüpspor güncel",
2025-09-21T05:01:06.999277,antalyaspor - kayserispor,20 B+,"antalyaspor - kayserispor son dakika, antalyaspor - kayserispor güncel",
2025-09-21T05:01:07.500216,verona - juventus,20 B+,"verona - juventus son dakika, verona - juventus güncel",
2025-09-21T05:01:08.001303,al nassr - al-riyadh,20 B+,"al nassr - al-riyadh son dakika, al nassr - al-riyadh güncel",
2025-09-21T05:01:08.502385,adana demirspor - erzurumspor,20 B+,"adana demirspor - erzurumspor son dakika, adana demirspor - erzurumspor güncel",
2025-09-21T05:01:09.003482,arda kardeşler,2 B+,"arda kardeşler güncel, arda kardeşler son dakika",
2025-09-21T05:01:09.504564,biricik suden,10 B+,"biricik suden güncel, biricik suden son dakika",
2025-09-21T05:01:10.005663,inter miami - dc united,2 B+,"inter miami - dc united son dakika, inter miami - dc united güncel",
2025-09-21T05:01:10.506779,güneş tutulması saat kaçta,2 B+,"güneş tutulması saat kaçta güncel, güneş tutulması saat kaçta son dakika",
2025-09-21T05:01:11.008005,kandilli rasathanesi son depremler,20 B+,"kandilli rasathanesi son depremler son dakika, kandilli rasathanesi son depremler güncel",
2025-09-21T06:01:05.130610,trabzonspor - gaziantep fk,200 B+,"trabzonspor - gaziantep fk son dakika, trabzonspor - gaziantep fk güncel",
2025-09-21T06:01:05.631650,real madrid - espanyol,200 B+,"real madrid - espanyol güncel, real madrid - espanyol son dakika",
2025-09-21T06:01:06.132714,avs - benfica,50 B+,"avs - benfica güncel, avs - benfica son dakika",
2025-09-21T06:01:06.632986,fenerbahçe seçim ne zaman,100 B+,"fenerbahçe seçim ne zaman güncel, fenerbahçe seçim ne zaman son dakika",
2025-09-21T06:01:07.134084,manchester united - chelsea,50 B+,"manchester united - chelsea son dakika, manchester united - chelsea güncel",
2025-09-21T06:01:07.635193,gençlerbirliği - eyüpspor,50 B+,"gençlerbirliği - eyüpspor son dakika, gençlerbirliği - eyüpspor güncel",
2025-09-21T06:01:08.136274,antalyaspor - kayserispor,20 B+,"antalyaspor - kayserispor son dakika, antalyaspor - kayserispor güncel",
2025-09-21T06:01:08.637289,verona - juventus,20 B+,"verona - juventus güncel, verona - juventus son dakika",
2025-09-21T06:01:09.138452,al nassr - al-riyadh,20 B+,"al nassr - al-riyadh güncel, al nassr - al-riyadh son dakika",
2025-09-21T06:01:09.639593,udinese - milan,5 B+,"udinese - milan güncel, udinese - milan son dakika",
2025-09-21T06:01:10.140719,arda kardeşler,5 B+,"arda kardeşler son dakika, arda kardeşler güncel",
2025-09-21T06:01:10.641941,adana demirspor - erzurumspor,20 B+,"adana demirspor - erzurumspor güncel, adana demirspor - erzurumspor son dakika",
2025-09-21T06:01:11.143109,biricik suden,10 B+,"biricik suden güncel, biricik suden son dakika",
2025-09-21T06:01:11.643884,inter miami - dc united,5 B+,"inter miami - dc united son dakika, inter miami - dc united güncel",
2025-09-21T06:01:12.145058,brighton - tottenham,10 B+,"brighton - tottenham güncel, brighton - tottenham son dakika",
2025-09-21T07:01:05.008356,trabzonspor - gaziantep fk,200 B+,"trabzonspor - gaziantep fk son dakika, trabzonspor - gaziantep fk güncel",
2025-09-21T07:01:05.509318,real madrid - espanyol,200 B+,"real madrid - espanyol son dakika, real madrid - espanyol güncel",
2025-09-21T07:01:06.010254,avs - benfica,50 B+,"avs - benfica son dakika, avs - benfica güncel",
2025-09-21T07:01:06.511192,fenerbahçe seçim ne zaman,100 B+,"fenerbahçe seçim ne zaman son dakika, fenerbahçe seçim ne zaman güncel",
2025-09-21T07:01:07.012125,manchester united - chelsea,20 B+,"manchester united - chelsea güncel, manchester united - chelsea son dakika",
2025-09-21T07:01:07.513090,verona - juventus,20 B+,"verona - juventus güncel, verona - juventus son dakika",
2025-09-21T07:01:08.014056,gençlerbirliği - eyüpspor,50 B+,"gençlerbirliği - eyüpspor son dakika, gençlerbirliği - eyüpspor güncel",
2025-09-21T07:01:08.515006,antalyaspor - kayserispor,20 B+,"antalyaspor - kayserispor son dakika, antalyaspor - kayserispor güncel",
2025-09-21T07:01:09.016137,al nassr - al-riyadh,20 B+,"al nassr - al-riyadh güncel, al nassr - al-riyadh son dakika",
2025-09-21T07:01:09.517224,liverpool - everton,50 B+,"liverpool - everton güncel, liverpool - everton son dakika",
2025-09-21T07:01:10.018320,adana demirspor - erzurumspor,20 B+,"adana demirspor - erzurumspor son dakika, adana demirspor - erzurumspor güncel",
2025-09-21T07:01:10.519186,brighton - tottenham,10 B+,"brighton - tottenham güncel, brighton - tottenham son dakika",
2025-09-21T07:01:11.020286,arda kardeşler,5 B+,"arda kardeşler güncel, arda kardeşler son dakika",
2025-09-21T07:01:11.521396,udinese - milan,5 B+,"udinese - milan güncel, udinese - milan son dakika",
2025-09-21T07:01:12.022497,vanspor - sivasspor,20 B+,"vanspor - sivasspor güncel, vanspor - sivasspor son dakika",
2025-09-21T08:01:06.953133,trabzonspor - gaziantep fk,200 B+,"trabzonspor - gaziantep fk son dakika, trabzonspor - gaziantep fk güncel",
2025-09-21T08:01:07.454077,real madrid - espanyol,200 B+,"real madrid - espanyol güncel, real madrid - espanyol son dakika",
2025-09-21T08:01:07.955191,avs - benfica,50 B+,"avs - benfica güncel, avs - benfica son dakika",
2025-09-21T08:01:08.456208,fenerbahçe seçim ne zaman,100 B+,"fenerbahçe seçim ne zaman son dakika, fenerbahçe seçim ne zaman güncel",
2025-09-21T08:01:08.957086,manchester united - chelsea,50 B+,"manchester united - chelsea güncel, manchester united - chelsea son dakika",
2025-09-21T08:01:09.458240,verona - juventus,20 B+,"verona - juventus güncel, verona - juventus son dakika",
2025-09-21T08:01:09.959160,al nassr - al-riyadh,20 B+,"al nassr - al-riyadh son dakika, al nassr - al-riyadh güncel",
2025-09-21T08:01:10.460218,gençlerbirliği - eyüpspor,50 B+,"gençlerbirliği - eyüpspor son dakika, gençlerbirliği - eyüpspor güncel",
2025-09-21T08:01:10.961075,antalyaspor - kayserispor,20 B+,"antalyaspor - kayserispor güncel, antalyaspor - kayserispor son dakika",
2025-09-21T08:01:11.461976,liverpool - everton,50 B+,"liverpool - everton son dakika, liverpool - everton güncel",
2025-09-21T08:01:11.962924,adana demirspor - erzurumspor,20 B+,"adana demirspor - erzurumspor son dakika, adana demirspor - erzurumspor güncel",
2025-09-21T08:01:12.464123,arda kardeşler,5 B+,"arda kardeşler son dakika, arda kardeşler güncel",
2025-09-21T08:01:12.965087,udinese - milan,5 B+,"udinese - milan son dakika, udinese - milan güncel",
2025-09-21T08:01:13.466205,biricik suden,10 B+,"biricik suden güncel, biricik suden son dakika",
2025-09-21T08:01:13.967142,vanspor - sivasspor,20 B+,"vanspor - sivasspor güncel, vanspor - sivasspor son dakika",
2025-09-21T09:01:05.532318,trabzonspor - gaziantep fk,200 B+,"trabzonspor - gaziantep fk son dakika, trabzonspor - gaziantep fk güncel",
2025-09-21T09:01:06.033264,real madrid - espanyol,200 B+,"real madrid - espanyol son dakika, real madrid - espanyol güncel",
2025-09-21T09:01:06.534093,avs - benfica,50 B+,"avs - benfica güncel, avs - benfica son dakika",
2025-09-21T09:01:07.035109,manchester united - chelsea,50 B+,"manchester united - chelsea son dakika, manchester united - chelsea güncel",
2025-09-21T09:01:07.536187,verona - juventus,20 B+,"verona - juventus güncel, verona - juventus son dakika",
2025-09-21T09:01:08.037339,al nassr - al-riyadh,20 B+,"al nassr - al-riyadh son dakika, al nassr - al-riyadh güncel",
2025-09-21T09:01:08.538487,gençlerbirliği - eyüpspor,50 B+,"gençlerbirliği - eyüpspor güncel, gençlerbirliği - eyüpspor son dakika",
2025-09-21T09:01:09.039569,antalyaspor - kayserispor,20 B+,"antalyaspor - kayserispor son dakika, antalyaspor - kayserispor güncel",
2025-09-21T09:01:09.540713,liverpool - everton,50 B+,"liverpool - everton son dakika, liverpool - everton güncel",
2025-09-21T09:01:10.041772,adana demirspor - erzurumspor,20 B+,"adana demirspor - erzurumspor güncel, adana demirspor - erzurumspor son dakika",
2025-09-21T09:01:10.542970,arda kardeşler,5 B+,"arda kardeşler güncel, arda kardeşler son dakika",
2025-09-21T09:01:11.044089,biricik suden,10 B+,"biricik suden son dakika, biricik suden güncel",
2025-09-21T09:01:11.545217,inter miami - dc united,5 B+,"inter miami - dc united güncel, inter miami - dc united son dakika",
2025-09-21T09:01:12.046334,udinese - milan,5 B+,"udinese - milan güncel, udinese - milan son dakika",
2025-09-21T09:01:12.547335,brighton - tottenham,10 B+,"brighton - tottenham güncel, brighton - tottenham son dakika",
2025-09-21T10:01:04.388657,trabzonspor - gaziantep fk,200 B+,"trabzonspor - gaziantep fk son dakika, trabzonspor - gaziantep fk güncel",
2025-09-21T10:01:04.889671,real madrid - espanyol,200 B+,"real madrid - espanyol güncel, real madrid - espanyol son dakika",
2025-09-21T10:01:05.390641,avs - benfica,50 B+,"avs - benfica güncel, avs - benfica son dakika",
2025-09-21T10:01:05.891653,manchester united - chelsea,50 B+,"manchester united - chelsea güncel, manchester united - chelsea son dakika",
2025-09-21T10:01:06.392676,verona - juventus,20 B+,"verona - juventus güncel, verona - juventus son dakika",
2025-09-21T10:01:06.893830,al nassr - al-riyadh,20 B+,"al nassr - al-riyadh son dakika, al nassr - al-riyadh güncel",
2025-09-21T10:01:07.394718,gençlerbirliği - eyüpspor,50 B+,"gençlerbirliği - eyüpspor güncel, gençlerbirliği - eyüpspor son dakika",
2025-09-21T10:01:07.895843,antalyaspor - kayserispor,20 B+,"antalyaspor - kayserispor son dakika, antalyaspor - kayserispor güncel",
2025-09-21T10:01:08.397078,liverpool - everton,50 B+,"liverpool - everton son dakika, liverpool - everton güncel",
2025-09-21T10:01:08.897507,arda kardeşler,5 B+,"arda kardeşler güncel, arda kardeşler son dakika",
2025-09-21T10:01:09.398517,adana demirspor - erzurumspor,20 B+,"adana demirspor - erzurumspor güncel, adana demirspor - erzurumspor son dakika",
2025-09-21T10:01:09.899648,biricik suden,10 B+,"biricik suden güncel, biricik suden son dakika",
2025-09-21T10:01:10.400336,inter miami - dc united,5 B+,"inter miami - dc united güncel, inter miami - dc united son dakika",
2025-09-21T10:01:10.901442,brighton - tottenham,10 B+,"brighton - tottenham güncel, brighton - tottenham son dakika",
2025-09-21T10:01:11.402456,güneş tutulması saat kaçta,5 B+,"güneş tutulması saat kaçta güncel, güneş tutulması saat kaçta son dakika",
2025-09-21T11:01:05.146683,trabzonspor - gaziantep fk,200 B+,"trabzonspor - gaziantep fk güncel, trabzonspor - gaziantep fk son dakika",
2025-09-21T11:01:05.647777,real madrid - espanyol,200 B+,"real madrid - espanyol güncel, real madrid - espanyol son dakika",
2025-09-21T11:01:06.148184,avs - benfica,50 B+,"avs - benfica son dakika, avs - benfica güncel",
2025-09-21T11:01:06.649240,manchester united - chelsea,50 B+,"manchester united - chelsea güncel, manchester united - chelsea son dakika",
2025-09-21T11:01:07.150018,verona - juventus,20 B+,"verona - juventus son dakika, verona - juventus güncel",
2025-09-21T11:01:07.651157,al nassr - al-riyadh,20 B+,"al nassr - al-riyadh son dakika, al nassr - al-riyadh güncel",
2025-09-21T11:01:08.152339,gençlerbirliği - eyüpspor,50 B+,"gençlerbirliği - eyüpspor son dakika, gençlerbirliği - eyüpspor güncel",
2025-09-21T11:01:08.653512,liverpool - everton,50 B+,"liverpool - everton son dakika, liverpool - everton güncel",
2025-09-21T11:01:09.154558,antalyaspor - kayserispor,20 B+,"antalyaspor - kayserispor son dakika, antalyaspor - kayserispor güncel",
2025-09-21T11:01:09.655700,arda kardeşler,10 B+,"arda kardeşler güncel, arda kardeşler son dakika",
2025-09-21T11:01:10.156783,güneş tutulması saat kaçta,10 B+,"güneş tutulması saat kaçta güncel, güneş tutulması saat kaçta son dakika",
2025-09-21T11:01:10.658032,adana demirspor - erzurumspor,20 B+,"adana demirspor - erzurumspor son dakika, adana demirspor - erzurumspor güncel",
2025-09-21T11:01:11.159169,inter miami - dc united,5 B+,"inter miami - dc united güncel, inter miami - dc united son dakika",
2025-09-21T11:01:11.660347,brighton - tottenham,10 B+,"brighton - tottenham güncel, brighton - tottenham son dakika",
2025-09-21T11:01:12.161467,vanspor - sivasspor,20 B+,"vanspor - sivasspor son dakika, vanspor - sivasspor güncel",
2025-09-21T12:01:05.495484,trabzonspor - gaziantep fk,200 B+,"trabzonspor - gaziantep fk son dakika, trabzonspor - gaziantep fk güncel",
2025-09-21T12:01:05.996531,real madrid - espanyol,200 B+,"real madrid - espanyol güncel, real madrid - espanyol son dakika",
2025-09-21T12:01:06.497598,avs - benfica,50 B+,"avs - benfica son dakika, avs - benfica güncel",
2025-09-21T12:01:06.998677,manchester united - chelsea,50 B+,"manchester united - chelsea son dakika, manchester united - chelsea güncel",
2025-09-21T12:01:07.499757,verona - juventus,20 B+,"verona - juventus son dakika, verona - juventus güncel",
2025-09-21T12:01:08.000925,güneş tutulması saat kaçta,10 B+,"güneş tutulması saat kaçta son dakika, güneş tutulması saat kaçta güncel",
2025-09-21T12:01:08.502097,gençlerbirliği - eyüpspor,50 B+,"gençlerbirliği - eyüpspor son dakika, gençlerbirliği - eyüpspor güncel",
2025-09-21T12:01:09.003208,al nassr - al-riyadh,20 B+,"al nassr - al-riyadh son dakika, al nassr - al-riyadh güncel",
2025-09-21T12:01:09.504301,liverpool - everton,50 B+,"liverpool - everton son dakika, liverpool - everton güncel",
2025-09-21T12:01:10.005415,antalyaspor - kayserispor,20 B+,"antalyaspor - kayserispor güncel, antalyaspor - kayserispor son dakika",
2025-09-21T12:01:10.506524,arda kardeşler,10 B+,"arda kardeşler güncel, arda kardeşler son dakika",
2025-09-21T12:01:11.007649,inter miami - dc united,10 B+,"inter miami - dc united güncel, inter miami - dc united son dakika",
2025-09-21T12:01:11.508695,adana demirspor - erzurumspor,20 B+,"adana demirspor - erzurumspor son dakika, adana demirspor - erzurumspor güncel",
2025-09-21T12:01:12.009746,brighton - tottenham,10 B+,"brighton - tottenham son dakika, brighton - tottenham güncel",
2025-09-21T12:01:12.510827,udinese - milan,5 B+,"udinese - milan güncel, udinese - milan son dakika",
2025-09-21T13:01:03.968782,trabzonspor - gaziantep fk,200 B+,"trabzonspor - gaziantep fk güncel, trabzonspor - gaziantep fk son dakika",
2025-09-21T13:01:04.469802,real madrid - espanyol,200 B+,"real madrid - espanyol son dakika, real madrid - espanyol güncel",
2025-09-21T13:01:04.970837,avs - benfica,100 B+,"avs - benfica son dakika, avs - benfica güncel",
2025-09-21T13:01:05.471947,güneş tutulması saat kaçta,20 B+,"güneş tutulması saat kaçta güncel, güneş tutulması saat kaçta son dakika",
2025-09-21T13:01:05.972940,manchester united - chelsea,50 B+,"manchester united - chelsea son dakika, manchester united - chelsea güncel",
2025-09-21T13:01:06.473310,verona - juventus,20 B+,"verona - juventus son dakika, verona - juventus güncel",
2025-09-21T13:01:06.974181,gençlerbirliği - eyüpspor,50 B+,"gençlerbirliği - eyüpspor son dakika, gençlerbirliği - eyüpspor güncel",
2025-09-21T13:01:07.474996,liverpool - everton,50 B+,"liverpool - everton son dakika, liverpool - everton güncel",
2025-09-21T13:01:07.976015,ali koç,20 B+,"ali koç son dakika, ali koç güncel",
2025-09-21T13:01:08.476981,al nassr - al-riyadh,20 B+,"al nassr - al-riyadh güncel, al nassr - al-riyadh son dakika",
2025-09-21T13:01:08.977972,antalyaspor - kayserispor,20 B+,"antalyaspor - kayserispor güncel, antalyaspor - kayserispor son dakika",
2025-09-21T13:01:09.478374,arda kardeşler,10 B+,"arda kardeşler güncel, arda kardeşler son dakika",
2025-09-21T13:01:09.979427,inter miami - dc united,10 B+,"inter miami - dc united güncel, inter miami - dc united son dakika",
2025-09-21T13:01:10.480234,adana demirspor - erzurumspor,20 B+,"adana demirspor - erzurumspor son dakika, adana demirspor - erzurumspor güncel",
2025-09-21T13:01:10.981309,brighton - tottenham,20 B+,"brighton - tottenham güncel, brighton - tottenham son dakika",
2025-09-21T14:01:06.199672,real madrid - espanyol,200 B+,"real madrid - espanyol son dakika, real madrid - espanyol güncel",
2025-09-21T14:01:06.700688,trabzonspor - gaziantep fk,200 B+,"trabzonspor - gaziantep fk son dakika, trabzonspor - gaziantep fk güncel",
2025-09-21T14:01:07.201727,avs - benfica,100 B+,"avs - benfica son dakika, avs - benfica güncel",
2025-09-21T14:01:07.702741,manchester united - chelsea,50 B+,"manchester united - chelsea son dakika, manchester united - chelsea güncel",
2025-09-21T14:01:08.203899,güneş tutulması saat kaçta,20 B+,"güneş tutulması saat kaçta son dakika, güneş tutulması saat kaçta güncel",
2025-09-21T14:01:08.705158,ali koç,50 B+,"ali koç son dakika, ali koç güncel",
2025-09-21T14:01:09.206225,gençlerbirliği - eyüpspor,50 B+,"gençlerbirliği - eyüpspor güncel, gençlerbirliği - eyüpspor son dakika",
2025-09-21T14:01:09.707346,verona - juventus,20 B+,"verona - juventus son dakika, verona - juventus güncel",
2025-09-21T14:01:10.208519,arda kardeşler,10 B+,"arda kardeşler son dakika, arda kardeşler güncel",
2025-09-21T14:01:10.709640,antalyaspor - kayserispor,20 B+,"antalyaspor - kayserispor güncel, antalyaspor - kayserispor son dakika",
2025-09-21T14:01:11.210813,al nassr - al-riyadh,20 B+,"al nassr - al-riyadh son dakika, al nassr - al-riyadh güncel",
2025-09-21T14:01:11.711819,lazio - roma,2 B+,"lazio - roma güncel, lazio - roma son dakika",
2025-09-21T14:01:12.213083,inter miami - dc united,10 B+,"inter miami - dc united güncel, inter miami - dc united son dakika",
2025-09-21T14:01:12.714080,iptv,10 B+,"iptv güncel, iptv son dakika",
2025-09-21T14:01:13.215034,11 yargı paketi,2 B+,"11 yargı paketi güncel, 11 yargı paketi son dakika",
2025-09-21T15:01:05.077060,real madrid - espanyol,200 B+,"real madrid - espanyol son dakika, real madrid - espanyol güncel",
2025-09-21T15:01:05.578132,trabzonspor - gaziantep fk,200 B+,"trabzonspor - gaziantep fk güncel, trabzonspor - gaziantep fk son dakika",
2025-09-21T15:01:06.079296,avs - benfica,100 B+,"avs - benfica güncel, avs - benfica son dakika",
2025-09-21T15:01:06.580259,ali koç,50 B+,"ali koç son dakika, ali koç güncel",
2025-09-21T15:01:07.081383,güneş tutulması saat kaçta,20 B+,"güneş tutulması saat kaçta güncel, güneş tutulması saat kaçta son dakika",
2025-09-21T15:01:07.582194,manchester united - chelsea,50 B+,"manchester united - chelsea güncel, manchester united - chelsea son dakika",
2025-09-21T15:01:08.083148,gençlerbirliği - eyüpspor,50 B+,"gençlerbirliği - eyüpspor son dakika, gençlerbirliği - eyüpspor güncel",
2025-09-21T15:01:08.584352,arda kardeşler,10 B+,"arda kardeşler güncel, arda kardeşler son dakika",
2025-09-21T15:01:09.085504,lazio - roma,5 B+,"lazio - roma güncel, lazio - roma son dakika",
2025-09-21T15:01:09.586658,inter miami - dc united,10 B+,"inter miami - dc united güncel, inter miami - dc united son dakika",
2025-09-21T15:01:10.087833,adalet bakanlığı 11 yargı paketi,2 B+,"adalet bakanlığı 11 yargı paketi son dakika, adalet bakanlığı 11 yargı paketi güncel",
2025-09-21T15:01:10.588338,chp olağanüstü kurultay,2 B+,"chp olağanüstü kurultay son dakika, chp olağanüstü kurultay güncel",
2025-09-21T15:01:11.089433,yağış,5 B+,"yağış güncel, yağış son dakika",
2025-09-21T15:01:11.590152,azerbaycan gp,1 B+,"azerbaycan gp güncel, azerbaycan gp son dakika",
2025-09-21T15:01:12.091104,formula 1 hangi kanalda,1 B+,"formula 1 hangi kanalda güncel, formula 1 hangi kanalda son dakika",
2025-09-21T16:01:07.007636,real madrid - espanyol,200 B+,"real madrid - espanyol son dakika, real madrid - espanyol güncel",
2025-09-21T16:01:07.508110,trabzonspor - gaziantep fk,200 B+,"trabzonspor - gaziantep fk son dakika, trabzonspor - gaziantep fk güncel",
2025-09-21T16:01:08.009080,avs - benfica,50 B+,"avs - benfica son dakika, avs - benfica güncel",
2025-09-21T16:01:08.509954,ali koç,50 B+,"ali koç güncel, ali koç son dakika",
2025-09-21T16:01:09.011059,güneş tutulması saat kaçta,20 B+,"güneş tutulması saat kaçta güncel, güneş tutulması saat kaçta son dakika",
2025-09-21T16:01:09.511425,manchester united - chelsea,50 B+,"manchester united - chelsea güncel, manchester united - chelsea son dakika",
2025-09-21T16:01:10.012484,gençlerbirliği - eyüpspor,50 B+,"gençlerbirliği - eyüpspor son dakika, gençlerbirliği - eyüpspor güncel",
2025-09-21T16:01:10.513534,arda kardeşler,10 B+,"arda kardeşler son dakika, arda kardeşler güncel",
2025-09-21T16:01:11.014607,eintracht frankfurt - union berlin,2 B+,"eintracht frankfurt - union berlin güncel, eintracht frankfurt - union berlin son dakika",
2025-09-21T16:01:11.515676,lazio - roma,5 B+,"lazio - roma son dakika, lazio - roma güncel",
2025-09-21T16:01:12.016757,psv - ajax,2 B+,"psv - ajax güncel, psv - ajax son dakika",
2025-09-21T16:01:12.517834,inter miami - dc united,10 B+,"inter miami - dc united son dakika, inter miami - dc united güncel",
2025-09-21T16:01:13.018804,altınordu - elazığspor,1 B+,"altınordu - elazığspor güncel, altınordu - elazığspor son dakika",
2025-09-21T16:01:13.519999,azerbaycan gp,2 B+,"azerbaycan gp güncel, azerbaycan gp son dakika",
2025-09-21T16:01:14.021028,adalet bakanlığı 11 yargı paketi,2 B+,"adalet bakanlığı 11 yargı paketi güncel, adalet bakanlığı 11 yargı paketi son dakika",
2025-09-21T17:01:12.829490,trabzonspor - gaziantep fk,200 B+,"trabzonspor - gaziantep fk son dakika, trabzonspor - gaziantep fk güncel",
2025-09-21T17:01:13.330063,eintracht frankfurt - union berlin,10 B+,"eintracht frankfurt - union berlin son dakika, eintracht frankfurt - union berlin güncel",
2025-09-21T17:01:13.830737,ali koç,50 B+,"ali koç son dakika, ali koç güncel",
2025-09-21T17:01:14.331072,avs - benfica,100 B+,"avs - benfica güncel, avs - benfica son dakika",
2025-09-21T17:01:14.831229,başakşehir - alanyaspor,5 B+,"başakşehir - alanyaspor güncel, başakşehir - alanyaspor son dakika",
2025-09-21T17:01:15.331873,manchester united - chelsea,50 B+,"manchester united - chelsea güncel, manchester united - chelsea son dakika",
2025-09-21T17:01:15.832482,güneş tutulması saat kaçta,20 B+,"güneş tutulması saat kaçta güncel, güneş tutulması saat kaçta son dakika",
2025-09-21T17:01:16.332966,kocaelispor - rizespor,5 B+,"kocaelispor - rizespor son dakika, kocaelispor - rizespor güncel",
2025-09-21T17:01:16.833610,arda kardeşler,10 B+,"arda kardeşler son dakika, arda kardeşler güncel",
2025-09-21T17:01:17.333976,lazio - roma,5 B+,"lazio - roma son dakika, lazio - roma güncel",
2025-09-21T17:01:17.834771,psv - ajax,2 B+,"psv - ajax son dakika, psv - ajax güncel",
2025-09-21T17:01:18.335131,altınordu - elazığspor,2 B+,"altınordu - elazığspor güncel, altınordu - elazığspor son dakika",
2025-09-21T17:01:18.836198,sarıyer - pendikspor,2 B+,"sarıyer - pendikspor son dakika, sarıyer - pendikspor güncel",
2025-09-21T17:01:19.337418,mallorca - atletico madrid,2 B+,"mallorca - atletico madrid son dakika, mallorca - atletico madrid güncel",
2025-09-21T17:01:19.838278,adalet bakanlığı 11 yargı paketi,2 B+,"adalet bakanlığı 11 yargı paketi güncel, adalet bakanlığı 11 yargı paketi son dakika",
2025-09-21T18:01:04.816278,trabzonspor - gaziantep fk,200 B+,"trabzonspor - gaziantep fk güncel, trabzonspor - gaziantep fk son dakika",
2025-09-21T18:01:05.317241,eintracht frankfurt - union berlin,20 B+,"eintracht frankfurt - union berlin son dakika, eintracht frankfurt - union berlin güncel",
2025-09-21T18:01:05.818241,başakşehir - alanyaspor,20 B+,"başakşehir - alanyaspor son dakika, başakşehir - alanyaspor güncel",
2025-09-21T18:01:06.319019,tuttur,50 B+,"tuttur güncel, tuttur son dakika",
2025-09-21T18:01:06.819963,kocaelispor - rizespor,20 B+,"kocaelispor - rizespor son dakika, kocaelispor - rizespor güncel",
2025-09-21T18:01:07.320773,avs - benfica,50 B+,"avs - benfica son dakika, avs - benfica güncel",
2025-09-21T18:01:07.821189,güneş tutulması saat kaçta,20 B+,"güneş tutulması saat kaçta güncel, güneş tutulması saat kaçta son dakika",
2025-09-21T18:01:08.322173,manchester united - chelsea,50 B+,"manchester united - chelsea son dakika, manchester united - chelsea güncel",
2025-09-21T18:01:08.823127,arsenal - manchester city,5 B+,"arsenal - manchester city son dakika, arsenal - manchester city güncel",
2025-09-21T18:01:09.324150,arda kardeşler,10 B+,"arda kardeşler güncel, arda kardeşler son dakika",
2025-09-21T18:01:09.825296,mallorca - atletico madrid,2 B+,"mallorca - atletico madrid son dakika, mallorca - atletico madrid güncel",
2025-09-21T18:01:10.326445,psv - ajax,5 B+,"psv - ajax güncel, psv - ajax son dakika",
2025-09-21T18:01:10.827509,bursaspor,5 B+,"bursaspor güncel, bursaspor son dakika",
2025-09-21T18:01:11.328093,altınordu - elazığspor,5 B+,"altınordu - elazığspor son dakika, altınordu - elazığspor güncel",
2025-09-21T18:01:11.829030,sarıyer - pendikspor,2 B+,"sarıyer - pendikspor güncel, sarıyer - pendikspor son dakika",
2025-09-21T19:01:07.502459,eintracht frankfurt - union berlin,20 B+,"eintracht frankfurt - union berlin güncel, eintracht frankfurt - union berlin son dakika",
2025-09-21T19:01:08.003276,trabzonspor - gaziantep fk,200 B+,"trabzonspor - gaziantep fk son dakika, trabzonspor - gaziantep fk güncel",
2025-09-21T19:01:08.504349,arsenal - manchester city,20 B+,"arsenal - manchester city güncel, arsenal - manchester city son dakika",
2025-09-21T19:01:09.005329,tuttur,50 B+,"tuttur güncel, tuttur son dakika",
2025-09-21T19:01:09.506362,başakşehir - alanyaspor,20 B+,"başakşehir - alanyaspor son dakika, başakşehir - alanyaspor güncel",
2025-09-21T19:01:10.007544,kocaelispor - rizespor,20 B+,"kocaelispor - rizespor güncel, kocaelispor - rizespor son dakika",
2025-09-21T19:01:10.508211,güneş tutulması saat kaçta,20 B+,"güneş tutulması saat kaçta güncel, güneş tutulması saat kaçta son dakika",
2025-09-21T19:01:11.009127,avs - benfica,50 B+,"avs - benfica güncel, avs - benfica son dakika",
2025-09-21T19:01:11.510084,sakaryaspor - amed,10 B+,"sakaryaspor - amed güncel, sakaryaspor - amed son dakika",
2025-09-21T19:01:12.011074,az - feyenoord,5 B+,"az - feyenoord güncel, az - feyenoord son dakika",
2025-09-21T19:01:12.512199,arda kardeşler,10 B+,"arda kardeşler güncel, arda kardeşler son dakika",
2025-09-21T19:01:13.013127,kasımpaşa - fenerbahçe,5 B+,"kasımpaşa - fenerbahçe son dakika, kasımpaşa - fenerbahçe güncel",
2025-09-21T19:01:13.514062,sarıyer - pendikspor,5 B+,"sarıyer - pendikspor güncel, sarıyer - pendikspor son dakika",
2025-09-21T19:01:14.014996,bursaspor,10 B+,"bursaspor güncel, bursaspor son dakika",
2025-09-21T19:01:14.516145,mallorca - atletico madrid,5 B+,"mallorca - atletico madrid son dakika, mallorca - atletico madrid güncel",
2025-09-21T20:01:05.329740,kasımpaşa - fenerbahçe,100 B+,"kasımpaşa - fenerbahçe güncel, kasımpaşa - fenerbahçe son dakika",
2025-09-21T20:01:05.830104,fenerbahçe,200 B+,"fenerbahçe son dakika, fenerbahçe güncel",
2025-09-21T20:01:06.331109,arsenal - manchester city,50 B+,"arsenal - manchester city son dakika, arsenal - manchester city güncel",
2025-09-21T20:01:06.832026,başakşehir - alanyaspor,20 B+,"başakşehir - alanyaspor son dakika, başakşehir - alanyaspor güncel",
2025-09-21T20:01:07.333136,sakaryaspor - amed,20 B+,"sakaryaspor - amed güncel, sakaryaspor - amed son dakika",
2025-09-21T20:01:07.834262,kocaelispor - rizespor,20 B+,"kocaelispor - rizespor güncel, kocaelispor - rizespor son dakika",
2025-09-21T20:01:08.335359,eintracht frankfurt - union berlin,50 B+,"eintracht frankfurt - union berlin güncel, eintracht frankfurt - union berlin son dakika",
2025-09-21T20:01:08.836417,güneş tutulması saat kaçta,20 B+,"güneş tutulması saat kaçta güncel, güneş tutulması saat kaçta son dakika",
2025-09-21T20:01:09.337522,sporx,10 B+,"sporx son dakika, sporx güncel",
2025-09-21T20:01:09.838498,mallorca - atletico madrid,5 B+,"mallorca - atletico madrid son dakika, mallorca - atletico madrid güncel",
2025-09-21T20:01:10.339572,az - feyenoord,5 B+,"az - feyenoord güncel, az - feyenoord son dakika",
2025-09-21T20:01:10.840745,arda kardeşler,10 B+,"arda kardeşler güncel, arda kardeşler son dakika",
2025-09-21T20:01:11.341673,şanlıurfaspor - erbaaspor,2 B+,"şanlıurfaspor - erbaaspor güncel, şanlıurfaspor - erbaaspor son dakika",
2025-09-21T20:01:11.842190,آرسنال ضد مان سيتي,2 B+,"آرسنال ضد مان سيتي son dakika, آرسنال ضد مان سيتي güncel",
2025-09-21T20:01:12.343198,torino - atalanta,2 B+,"torino - atalanta güncel, torino - atalanta son dakika",
2025-09-21T21:01:04.816554,kasımpaşa - fenerbahçe,200 B+,"kasımpaşa - fenerbahçe güncel, kasımpaşa - fenerbahçe son dakika",
2025-09-21T21:01:05.317534,fenerbahçe,200 B+,"fenerbahçe güncel, fenerbahçe son dakika",
2025-09-21T21:01:05.818598,arsenal - manchester city,50 B+,"arsenal - manchester city son dakika, arsenal - manchester city güncel",
2025-09-21T21:01:06.319740,sakaryaspor - amed,50 B+,"sakaryaspor - amed son dakika, sakaryaspor - amed güncel",
2025-09-21T21:01:06.820949,selçuk sports,50 B+,"selçuk sports son dakika, selçuk sports güncel",
2025-09-21T21:01:07.322151,başakşehir - alanyaspor,20 B+,"başakşehir - alanyaspor güncel, başakşehir - alanyaspor son dakika",
2025-09-21T21:01:07.823266,eintracht frankfurt - union berlin,50 B+,"eintracht frankfurt - union berlin güncel, eintracht frankfurt - union berlin son dakika",
2025-09-21T21:01:08.324578,kocaelispor - rizespor,20 B+,"kocaelispor - rizespor son dakika, kocaelispor - rizespor güncel",
2025-09-21T21:01:08.825592,güneş tutulması saat kaçta,20 B+,"güneş tutulması saat kaçta son dakika, güneş tutulması saat kaçta güncel",
2025-09-21T21:01:09.326743,mallorca - atletico madrid,10 B+,"mallorca - atletico madrid son dakika, mallorca - atletico madrid güncel",
2025-09-21T21:01:09.827962,arda kardeşler,10 B+,"arda kardeşler son dakika, arda kardeşler güncel",
2025-09-21T21:01:10.329120,az - feyenoord,5 B+,"az - feyenoord güncel, az - feyenoord son dakika",
2025-09-21T21:01:10.830069,borussia dortmund - wolfsburg,2 B+,"borussia dortmund - wolfsburg son dakika, borussia dortmund - wolfsburg güncel",
2025-09-21T21:01:11.331119,şanlıurfaspor - erbaaspor,5 B+,"şanlıurfaspor - erbaaspor güncel, şanlıurfaspor - erbaaspor son dakika",
2025-09-21T21:01:11.832271,marco asensio,2 B+,"marco asensio son dakika, marco asensio güncel",
2025-09-21T22:01:05.697971,kasımpaşa - fenerbahçe,500 B+,"kasımpaşa - fenerbahçe son dakika, kasımpaşa - fenerbahçe güncel",
2025-09-21T22:01:06.199022,fenerbahçe,500 B+,"fenerbahçe güncel, fenerbahçe son dakika",
2025-09-21T22:01:06.700010,arsenal - manchester city,50 B+,"arsenal - manchester city son dakika, arsenal - manchester city güncel",
2025-09-21T22:01:07.201144,sakaryaspor - amed,50 B+,"sakaryaspor - amed güncel, sakaryaspor - amed son dakika",
2025-09-21T22:01:07.702269,selçuk sports,100 B+,"selçuk sports güncel, selçuk sports son dakika",
2025-09-21T22:01:08.203327,güneş tutulması saat kaçta,20 B+,"güneş tutulması saat kaçta son dakika, güneş tutulması saat kaçta güncel",
2025-09-21T22:01:08.704489,başakşehir - alanyaspor,20 B+,"başakşehir - alanyaspor güncel, başakşehir - alanyaspor son dakika",
2025-09-21T22:01:09.205619,eintracht frankfurt - union berlin,50 B+,"eintracht frankfurt - union berlin son dakika, eintracht frankfurt - union berlin güncel",
2025-09-21T22:01:09.706767,barcelona - getafe,10 B+,"barcelona - getafe son dakika, barcelona - getafe güncel",
2025-09-21T22:01:10.207900,inter - sassuolo,5 B+,"inter - sassuolo güncel, inter - sassuolo son dakika",
2025-09-21T22:01:10.709092,borussia dortmund - wolfsburg,10 B+,"borussia dortmund - wolfsburg son dakika, borussia dortmund - wolfsburg güncel",
2025-09-21T22:01:11.210224,برشلونة ضد خيتافي,2 B+,"برشلونة ضد خيتافي son dakika, برشلونة ضد خيتافي güncel",
2025-09-21T22:01:11.711387,arsenal,20 B+,"arsenal son dakika, arsenal güncel",
2025-09-21T22:01:12.212529,arda kardeşler,10 B+,"arda kardeşler güncel, arda kardeşler son dakika",
2025-09-21T22:01:12.713688,mallorca - atletico madrid,10 B+,"mallorca - atletico madrid güncel, mallorca - atletico madrid son dakika",
2025-09-21T23:01:04.497191,kasımpaşa - fenerbahçe,500 B+,"kasımpaşa - fenerbahçe güncel, kasımpaşa - fenerbahçe son dakika",
2025-09-21T23:01:04.998118,fenerbahçe,500 B+,"fenerbahçe güncel, fenerbahçe son dakika",
2025-09-21T23:01:05.499133,arsenal - manchester city,50 B+,"arsenal - manchester city son dakika, arsenal - manchester city güncel",
2025-09-21T23:01:06.000160,barcelona - getafe,20 B+,"barcelona - getafe son dakika, barcelona - getafe güncel",
2025-09-21T23:01:06.501250,güneş tutulması saat kaçta,20 B+,"güneş tutulması saat kaçta son dakika, güneş tutulması saat kaçta güncel",
2025-09-21T23:01:07.002264,inter - sassuolo,10 B+,"inter - sassuolo son dakika, inter - sassuolo güncel",
2025-09-21T23:01:07.503305,sakaryaspor - amed,50 B+,"sakaryaspor - amed güncel, sakaryaspor - amed son dakika",
2025-09-21T23:01:08.004402,başakşehir - alanyaspor,20 B+,"başakşehir - alanyaspor güncel, başakşehir - alanyaspor son dakika",
2025-09-21T23:01:08.505508,eintracht frankfurt - union berlin,50 B+,"eintracht frankfurt - union berlin güncel, eintracht frankfurt - union berlin son dakika",
2025-09-21T23:01:09.006614,caron mcbride,10 B+,"caron mcbride güncel, caron mcbride son dakika",
2025-09-21T23:01:09.507739,kocaelispor - rizespor,50 B+,"kocaelispor - rizespor son dakika, kocaelispor - rizespor güncel",
2025-09-21T23:01:10.008937,süper lig puan durumu,10 B+,"süper lig puan durumu güncel, süper lig puan durumu son dakika",
2025-09-21T23:01:10.510116,برشلونة ضد خيتافي,5 B+,"برشلونة ضد خيتافي son dakika, برشلونة ضد خيتافي güncel",
2025-09-21T23:01:11.011169,borussia dortmund - wolfsburg,10 B+,"borussia dortmund - wolfsburg son dakika, borussia dortmund - wolfsburg güncel",
2025-09-21T23:01:11.512289,puan durumu,10 B+,"puan durumu güncel, puan durumu son dakika",
2025-09-22T00:01:06.627706,kasımpaşa - fenerbahçe,500 B+,"kasımpaşa - fenerbahçe son dakika, kasımpaşa - fenerbahçe güncel",
2025-09-22T00:01:07.128691,fenerbahçe,500 B+,"fenerbahçe güncel, fenerbahçe son dakika",
2025-09-22T00:01:07.629750,barcelona - getafe,20 B+,"barcelona - getafe güncel, barcelona - getafe son dakika",
2025-09-22T00:01:08.130937,arsenal - manchester city,50 B+,"arsenal - manchester city güncel, arsenal - manchester city son dakika",
2025-09-22T00:01:08.632039,sakaryaspor - amed,50 B+,"sakaryaspor - amed güncel, sakaryaspor - amed son dakika",
2025-09-22T00:01:09.133201,güneş tutulması saat kaçta,20 B+,"güneş tutulması saat kaçta güncel, güneş tutulması saat kaçta son dakika",
2025-09-22T00:01:09.634280,inter - sassuolo,10 B+,"inter - sassuolo güncel, inter - sassuolo son dakika",
2025-09-22T00:01:10.135400,eintracht frankfurt - union berlin,50 B+,"eintracht frankfurt - union berlin güncel, eintracht frankfurt - union berlin son dakika",
2025-09-22T00:01:10.636471,başakşehir - alanyaspor,20 B+,"başakşehir - alanyaspor son dakika, başakşehir - alanyaspor güncel",
2025-09-22T00:01:11.137478,kocaelispor - rizespor,50 B+,"kocaelispor - rizespor son dakika, kocaelispor - rizespor güncel",
2025-09-22T00:01:11.638063,برشلونة ضد خيتافي,10 B+,"برشلونة ضد خيتافي güncel, برشلونة ضد خيتافي son dakika",
2025-09-22T00:01:12.139183,teşkilat,5 B+,"teşkilat son dakika, teşkilat güncel",
2025-09-22T00:01:12.640354,borussia dortmund - wolfsburg,10 B+,"borussia dortmund - wolfsburg son dakika, borussia dortmund - wolfsburg güncel",
2025-09-22T00:01:13.141510,feyza civelek,2 B+,"feyza civelek son dakika, feyza civelek güncel",
2025-09-22T00:01:13.642557,chp kurultayı kemal kılıçdaroğlu,10 B+,"chp kurultayı kemal kılıçdaroğlu güncel, chp kurultayı kemal kılıçdaroğlu son dakika",
2025-09-22T01:01:04.385723,deprem,500 B+,"deprem güncel, deprem son dakika",
2025-09-22T01:01:04.886731,kasımpaşa - fenerbahçe,500 B+,"kasımpaşa - fenerbahçe güncel, kasımpaşa - fenerbahçe son dakika",
2025-09-22T01:01:05.387818,son depremler,100 B+,"son depremler güncel, son depremler son dakika",
2025-09-22T01:01:05.889175,kandilli rasathanesi,100 B+,"kandilli rasathanesi güncel, kandilli rasathanesi son dakika",
2025-09-22T01:01:06.390174,barcelona - getafe,20 B+,"barcelona - getafe güncel, barcelona - getafe son dakika",
2025-09-22T01:01:06.891297,fenerbahçe,500 B+,"fenerbahçe son dakika, fenerbahçe güncel",
2025-09-22T01:01:07.392438,inter - sassuolo,20 B+,"inter - sassuolo güncel, inter - sassuolo son dakika",
2025-09-22T01:01:07.893595,arsenal - manchester city,50 B+,"arsenal - manchester city son dakika, arsenal - manchester city güncel",
2025-09-22T01:01:08.394086,güneş tutulması saat kaçta,20 B+,"güneş tutulması saat kaçta güncel, güneş tutulması saat kaçta son dakika",
2025-09-22T01:01:08.895209,sakaryaspor - amed,50 B+,"sakaryaspor - amed güncel, sakaryaspor - amed son dakika",
2025-09-22T01:01:09.396403,başakşehir - alanyaspor,20 B+,"başakşehir - alanyaspor son dakika, başakşehir - alanyaspor güncel",
2025-09-22T01:01:09.897606,teşkilat,10 B+,"teşkilat güncel, teşkilat son dakika",
2025-09-22T01:01:10.398616,برشلونة ضد خيتافي,10 B+,"برشلونة ضد خيتافي son dakika, برشلونة ضد خيتافي güncel",
2025-09-22T01:01:10.899716,feyza civelek,5 B+,"feyza civelek güncel, feyza civelek son dakika",
2025-09-22T01:01:11.400962,borussia dortmund - wolfsburg,10 B+,"borussia dortmund - wolfsburg güncel, borussia dortmund - wolfsburg son dakika",
2025-09-22T02:01:05.179931,kasımpaşa - fenerbahçe,500 B+,"kasımpaşa - fenerbahçe son dakika, kasımpaşa - fenerbahçe güncel",
2025-09-22T02:01:05.680279,deprem,500 B+,"deprem güncel, deprem son dakika",
2025-09-22T02:01:06.181336,barcelona - getafe,20 B+,"barcelona - getafe güncel, barcelona - getafe son dakika",
2025-09-22T02:01:06.682494,son depremler,100 B+,"son depremler son dakika, son depremler güncel",
2025-09-22T02:01:07.183567,tuttur,500 B+,"tuttur güncel, tuttur son dakika",
2025-09-22T02:01:07.684730,arsenal - manchester city,50 B+,"arsenal - manchester city son dakika, arsenal - manchester city güncel",
2025-09-22T02:01:08.185821,güneş tutulması saat kaçta,20 B+,"güneş tutulması saat kaçta güncel, güneş tutulması saat kaçta son dakika",
2025-09-22T02:01:08.687109,inter - sassuolo,20 B+,"inter - sassuolo son dakika, inter - sassuolo güncel",
2025-09-22T02:01:09.188203,sakaryaspor - amed,50 B+,"sakaryaspor - amed son dakika, sakaryaspor - amed güncel",
2025-09-22T02:01:09.689295,teşkilat,10 B+,"teşkilat son dakika, teşkilat güncel",
2025-09-22T02:01:10.190457,برشلونة ضد خيتافي,10 B+,"برشلونة ضد خيتافي son dakika, برشلونة ضد خيتافي güncel",
2025-09-22T02:01:10.691224,feyza civelek,5 B+,"feyza civelek güncel, feyza civelek son dakika",
2025-09-22T02:01:11.192393,pınar ayaz,5 B+,"pınar ayaz güncel, pınar ayaz son dakika",
2025-09-22T02:01:11.693435,son deprem,50 B+,"son deprem son dakika, son deprem güncel",
2025-09-22T02:01:12.194598,chp kurultayı kemal kılıçdaroğlu,10 B+,"chp kurultayı kemal kılıçdaroğlu güncel, chp kurultayı kemal kılıçdaroğlu son dakika",
2025-09-22T03:01:04.702981,kasımpaşa - fenerbahçe,500 B+,"kasımpaşa - fenerbahçe güncel, kasımpaşa - fenerbahçe son dakika",
2025-09-22T03:01:05.204109,deprem,500 B+,"deprem güncel, deprem son dakika",
2025-09-22T03:01:05.705248,barcelona - getafe,20 B+,"barcelona - getafe son dakika, barcelona - getafe güncel",
2025-09-22T03:01:06.206363,tuttur,500 B+,"tuttur güncel, tuttur son dakika",
2025-09-22T03:01:06.707482,son depremler,100 B+,"son depremler güncel, son depremler son dakika",
2025-09-22T03:01:07.208603,arsenal - manchester city,50 B+,"arsenal - manchester city güncel, arsenal - manchester city son dakika",
2025-09-22T03:01:07.709757,inter - sassuolo,20 B+,"inter - sassuolo güncel, inter - sassuolo son dakika",
2025-09-22T03:01:08.210929,teşkilat,10 B+,"teşkilat güncel, teşkilat son dakika",
2025-09-22T03:01:08.712071,sakaryaspor,50 B+,"sakaryaspor güncel, sakaryaspor son dakika",
2025-09-22T03:01:09.213186,feyza civelek,5 B+,"feyza civelek son dakika, feyza civelek güncel",
2025-09-22T03:01:09.714346,برشلونة ضد خيتافي,10 B+,"برشلونة ضد خيتافي son dakika, برشلونة ضد خيتافي güncel",
2025-09-22T03:01:10.215464,pınar ayaz,5 B+,"pınar ayaz güncel, pınar ayaz son dakika",
2025-09-22T03:01:10.716609,chp kurultayı kemal kılıçdaroğlu,10 B+,"chp kurultayı kemal kılıçdaroğlu güncel, chp kurultayı kemal kılıçdaroğlu son dakika",
2025-09-22T03:01:11.217680,adalet bakanlığı 11 yargı paketi,5 B+,"adalet bakanlığı 11 yargı paketi son dakika, adalet bakanlığı 11 yargı paketi güncel",
2025-09-22T03:01:11.718824,tesla,2 B+,"tesla güncel, tesla son dakika",
2025-09-22T04:01:04.613447,kasımpaşa - fenerbahçe,500 B+,"kasımpaşa - fenerbahçe son dakika, kasımpaşa - fenerbahçe güncel",
2025-09-22T04:01:05.114460,deprem,500 B+,"deprem güncel, deprem son dakika",
2025-09-22T04:01:05.615560,barcelona - getafe,20 B+,"barcelona - getafe güncel, barcelona - getafe son dakika",
2025-09-22T04:01:06.116705,son depremler,100 B+,"son depremler son dakika, son depremler güncel",
2025-09-22T04:01:06.617833,tuttur,500 B+,"tuttur son dakika, tuttur güncel",
2025-09-22T04:01:07.119149,inter - sassuolo,20 B+,"inter - sassuolo son dakika, inter - sassuolo güncel",
2025-09-22T04:01:07.620318,arsenal - manchester city,50 B+,"arsenal - manchester city güncel, arsenal - manchester city son dakika",
2025-09-22T04:01:08.121414,teşkilat,10 B+,"teşkilat güncel, teşkilat son dakika",
2025-09-22T04:01:08.622559,sakaryaspor,50 B+,"sakaryaspor son dakika, sakaryaspor güncel",
2025-09-22T04:01:09.123718,برشلونة ضد خيتافي,10 B+,"برشلونة ضد خيتافي son dakika, برشلونة ضد خيتافي güncel",
2025-09-22T04:01:09.624830,feyza civelek,5 B+,"feyza civelek son dakika, feyza civelek güncel",
2025-09-22T04:01:10.126036,pınar ayaz,5 B+,"pınar ayaz güncel, pınar ayaz son dakika",
2025-09-22T04:01:10.627006,chp kurultayı kemal kılıçdaroğlu,10 B+,"chp kurultayı kemal kılıçdaroğlu güncel, chp kurultayı kemal kılıçdaroğlu son dakika",
2025-09-22T04:01:11.127667,aykut kocaman,2 B+,"aykut kocaman güncel, aykut kocaman son dakika",
2025-09-22T04:01:11.628721,tesla,2 B+,"tesla son dakika, tesla güncel",
2025-09-22T05:01:04.715217,kasımpaşa - fenerbahçe,500 B+,"kasımpaşa - fenerbahçe son dakika, kasımpaşa - fenerbahçe güncel",
2025-09-22T05:01:05.216330,deprem,500 B+,"deprem güncel, deprem son dakika",
2025-09-22T05:01:05.717420,barcelona - getafe,20 B+,"barcelona - getafe güncel, barcelona - getafe son dakika",
2025-09-22T05:01:06.218568,son depremler,100 B+,"son depremler son dakika, son depremler güncel",
2025-09-22T05:01:06.719732,arsenal - manchester city,50 B+,"arsenal - manchester city son dakika, arsenal - manchester city güncel",
2025-09-22T05:01:07.220968,inter - sassuolo,20 B+,"inter - sassuolo güncel, inter - sassuolo son dakika",
2025-09-22T05:01:07.722135,tuttur,500 B+,"tuttur son dakika, tuttur güncel",
2025-09-22T05:01:08.223200,sakaryaspor - amed,50 B+,"sakaryaspor - amed son dakika, sakaryaspor - amed güncel",
2025-09-22T05:01:08.724319,teşkilat,10 B+,"teşkilat son dakika, teşkilat güncel",
2025-09-22T05:01:09.225493,برشلونة ضد خيتافي,10 B+,"برشلونة ضد خيتافي güncel, برشلونة ضد خيتافي son dakika",
2025-09-22T05:01:09.726654,feyza civelek,5 B+,"feyza civelek son dakika, feyza civelek güncel",
2025-09-22T05:01:10.227825,chp kurultayı kemal kılıçdaroğlu,10 B+,"chp kurultayı kemal kılıçdaroğlu güncel, chp kurultayı kemal kılıçdaroğlu son dakika",
2025-09-22T05:01:10.729114,pınar ayaz,5 B+,"pınar ayaz son dakika, pınar ayaz güncel",
2025-09-22T05:01:11.230130,aykut kocaman,2 B+,"aykut kocaman güncel, aykut kocaman son dakika",
2025-09-22T05:01:11.731189,tesla,2 B+,"tesla güncel, tesla son dakika",
2025-09-22T06:01:07.474616,kasımpaşa - fenerbahçe,500 B+,"kasımpaşa - fenerbahçe son dakika, kasımpaşa - fenerbahçe güncel",
2025-09-22T06:01:07.975432,deprem,500 B+,"deprem son dakika, deprem güncel",
2025-09-22T06:01:08.476305,barcelona - getafe,20 B+,"barcelona - getafe güncel, barcelona - getafe son dakika",
2025-09-22T06:01:08.977238,son depremler,100 B+,"son depremler son dakika, son depremler güncel",
2025-09-22T06:01:09.478064,inter - sassuolo,20 B+,"inter - sassuolo güncel, inter - sassuolo son dakika",
2025-09-22T06:01:09.979030,arsenal - manchester city,50 B+,"arsenal - manchester city güncel, arsenal - manchester city son dakika",
2025-09-22T06:01:10.479999,tuttur,500 B+,"tuttur güncel, tuttur son dakika",
2025-09-22T06:01:10.980350,sakaryaspor - amed,50 B+,"sakaryaspor - amed güncel, sakaryaspor - amed son dakika",
2025-09-22T06:01:11.481357,teşkilat,10 B+,"teşkilat güncel, teşkilat son dakika",
2025-09-22T06:01:11.982355,برشلونة ضد خيتافي,10 B+,"برشلونة ضد خيتافي son dakika, برشلونة ضد خيتافي güncel",
2025-09-22T06:01:12.483408,feyza civelek,5 B+,"feyza civelek son dakika, feyza civelek güncel",
2025-09-22T06:01:12.984513,chp kurultayı kemal kılıçdaroğlu,10 B+,"chp kurultayı kemal kılıçdaroğlu güncel, chp kurultayı kemal kılıçdaroğlu son dakika",
2025-09-22T06:01:13.485252,mallorca - atletico madrid,10 B+,"mallorca - atletico madrid güncel, mallorca - atletico madrid son dakika",
2025-09-22T06:01:13.986347,pınar ayaz,5 B+,"pınar ayaz güncel, pınar ayaz son dakika",
2025-09-22T06:01:14.487219,aykut kocaman,2 B+,"aykut kocaman güncel, aykut kocaman son dakika",
2025-09-22T07:01:05.508236,kasımpaşa - fenerbahçe,500 B+,"kasımpaşa - fenerbahçe güncel, kasımpaşa - fenerbahçe son dakika",
2025-09-22T07:01:06.009331,deprem,500 B+,"deprem son dakika, deprem güncel",
2025-09-22T07:01:06.510445,barcelona - getafe,50 B+,"barcelona - getafe son dakika, barcelona - getafe güncel",
2025-09-22T07:01:07.011563,inter - sassuolo,20 B+,"inter - sassuolo son dakika, inter - sassuolo güncel",
2025-09-22T07:01:07.512678,arsenal - manchester city,50 B+,"arsenal - manchester city güncel, arsenal - manchester city son dakika",
2025-09-22T07:01:08.013799,son depremler,100 B+,"son depremler son dakika, son depremler güncel",
2025-09-22T07:01:08.515037,sakaryaspor - amed,50 B+,"sakaryaspor - amed güncel, sakaryaspor - amed son dakika",
2025-09-22T07:01:09.016161,tuttur,500 B+,"tuttur güncel, tuttur son dakika",
2025-09-22T07:01:09.517291,eintracht frankfurt - union berlin,50 B+,"eintracht frankfurt - union berlin güncel, eintracht frankfurt - union berlin son dakika",
2025-09-22T07:01:10.018431,برشلونة ضد خيتافي,10 B+,"برشلونة ضد خيتافي son dakika, برشلونة ضد خيتافي güncel",
2025-09-22T07:01:10.519561,teşkilat,20 B+,"teşkilat son dakika, teşkilat güncel",
2025-09-22T07:01:11.020702,başakşehir - alanyaspor,20 B+,"başakşehir - alanyaspor güncel, başakşehir - alanyaspor son dakika",
2025-09-22T07:01:11.521831,feyza civelek,5 B+,"feyza civelek son dakika, feyza civelek güncel",
2025-09-22T07:01:12.023080,chp kurultayı kemal kılıçdaroğlu,10 B+,"chp kurultayı kemal kılıçdaroğlu son dakika, chp kurultayı kemal kılıçdaroğlu güncel",
2025-09-22T07:01:12.524275,pınar ayaz,5 B+,"pınar ayaz güncel, pınar ayaz son dakika",
2025-09-22T08:01:05.060402,kasımpaşa - fenerbahçe,500 B+,"kasımpaşa - fenerbahçe güncel, kasımpaşa - fenerbahçe son dakika",
2025-09-22T08:01:05.561471,deprem,500 B+,"deprem güncel, deprem son dakika",
2025-09-22T08:01:06.062582,barcelona - getafe,50 B+,"barcelona - getafe güncel, barcelona - getafe son dakika",
2025-09-22T08:01:06.563731,inter - sassuolo,20 B+,"inter - sassuolo son dakika, inter - sassuolo güncel",
2025-09-22T08:01:07.064917,arsenal - manchester city,50 B+,"arsenal - manchester city güncel, arsenal - manchester city son dakika",
2025-09-22T08:01:07.566088,kandilli rasathanesi,100 B+,"kandilli rasathanesi son dakika, kandilli rasathanesi güncel",
2025-09-22T08:01:08.067043,tuttur,500 B+,"tuttur güncel, tuttur son dakika",
2025-09-22T08:01:08.568107,sakaryaspor - amed,50 B+,"sakaryaspor - amed son dakika, sakaryaspor - amed güncel",
2025-09-22T08:01:09.069259,eintracht frankfurt - union berlin,50 B+,"eintracht frankfurt - union berlin güncel, eintracht frankfurt - union berlin son dakika",
2025-09-22T08:01:09.570414,başakşehir - alanyaspor,20 B+,"başakşehir - alanyaspor güncel, başakşehir - alanyaspor son dakika",
2025-09-22T08:01:10.071581,teşkilat,20 B+,"teşkilat son dakika, teşkilat güncel",
2025-09-22T08:01:10.572756,برشلونة ضد خيتافي,10 B+,"برشلونة ضد خيتافي güncel, برشلونة ضد خيتافي son dakika",
2025-09-22T08:01:11.073680,feyza civelek,5 B+,"feyza civelek güncel, feyza civelek son dakika",
2025-09-22T08:01:11.574840,kocaelispor - rizespor,50 B+,"kocaelispor - rizespor son dakika, kocaelispor - rizespor güncel",
2025-09-22T08:01:12.076129,pınar ayaz,5 B+,"pınar ayaz son dakika, pınar ayaz güncel",
2025-09-22T09:01:04.063911,kasımpaşa - fenerbahçe,500 B+,"kasımpaşa - fenerbahçe son dakika, kasımpaşa - fenerbahçe güncel",
2025-09-22T09:01:04.565070,deprem,500 B+,"deprem güncel, deprem son dakika",
2025-09-22T09:01:05.066218,barcelona - getafe,50 B+,"barcelona - getafe güncel, barcelona - getafe son dakika",
2025-09-22T09:01:05.567352,arsenal - manchester city,50 B+,"arsenal - manchester city son dakika, arsenal - manchester city güncel",
2025-09-22T09:01:06.068479,tuttur,500 B+,"tuttur güncel, tuttur son dakika",
2025-09-22T09:01:06.569522,inter - sassuolo,20 B+,"inter - sassuolo son dakika, inter - sassuolo güncel",
2025-09-22T09:01:07.070649,son depremler,100 B+,"son depremler güncel, son depremler son dakika",
2025-09-22T09:01:07.571771,sakaryaspor - amed,50 B+,"sakaryaspor - amed son dakika, sakaryaspor - amed güncel",
2025-09-22T09:01:08.072948,teşkilat,20 B+,"teşkilat son dakika, teşkilat güncel",
2025-09-22T09:01:08.574093,feyza civelek,5 B+,"feyza civelek son dakika, feyza civelek güncel",
2025-09-22T09:01:09.075195,pınar ayaz,5 B+,"pınar ayaz son dakika, pınar ayaz güncel",
2025-09-22T09:01:09.576279,برشلونة ضد خيتافي,10 B+,"برشلونة ضد خيتافي güncel, برشلونة ضد خيتافي son dakika",
2025-09-22T09:01:10.077317,tesla,5 B+,"tesla son dakika, tesla güncel",
2025-09-22T09:01:10.578223,chp kurultayı kemal kılıçdaroğlu,10 B+,"chp kurultayı kemal kılıçdaroğlu son dakika, chp kurultayı kemal kılıçdaroğlu güncel",
2025-09-22T09:01:11.079382,mallorca - atletico madrid,10 B+,"mallorca - atletico madrid son dakika, mallorca - atletico madrid güncel",
2025-09-22T10:01:05.834078,kasımpaşa - fenerbahçe,500 B+,"kasımpaşa - fenerbahçe son dakika, kasımpaşa - fenerbahçe güncel",
2025-09-22T10:01:06.335063,barcelona - getafe,50 B+,"barcelona - getafe son dakika, barcelona - getafe güncel",
2025-09-22T10:01:06.836198,izmir deprem,500 B+,"izmir deprem güncel, izmir deprem son dakika",
2025-09-22T10:01:07.337360,arsenal - manchester city,50 B+,"arsenal - manchester city güncel, arsenal - manchester city son dakika",
2025-09-22T10:01:07.838492,tuttur,500 B+,"tuttur son dakika, tuttur güncel",
2025-09-22T10:01:08.339609,inter - sassuolo,20 B+,"inter - sassuolo son dakika, inter - sassuolo güncel",
2025-09-22T10:01:08.840569,sakaryaspor - amed,50 B+,"sakaryaspor - amed güncel, sakaryaspor - amed son dakika",
2025-09-22T10:01:09.341476,teşkilat son bölüm,20 B+,"teşkilat son bölüm güncel, teşkilat son bölüm son dakika",
2025-09-22T10:01:09.842506,deprem,200 B+,"deprem son dakika, deprem güncel",
2025-09-22T10:01:10.343210,pınar ayaz,10 B+,"pınar ayaz son dakika, pınar ayaz güncel",
2025-09-22T10:01:10.844139,tesla,5 B+,"tesla güncel, tesla son dakika",
2025-09-22T10:01:11.345042,feyza civelek,5 B+,"feyza civelek güncel, feyza civelek son dakika",
2025-09-22T10:01:11.845985,kandilli rasathanesi,100 B+,"kandilli rasathanesi son dakika, kandilli rasathanesi güncel",
2025-09-22T10:01:12.347121,ford,2 B+,"ford güncel, ford son dakika",
2025-09-22T10:01:12.848219,chp kurultayı kemal kılıçdaroğlu,10 B+,"chp kurultayı kemal kılıçdaroğlu son dakika, chp kurultayı kemal kılıçdaroğlu güncel",
2025-09-22T11:01:04.090592,barcelona - getafe,50 B+,"barcelona - getafe güncel, barcelona - getafe son dakika",
2025-09-22T11:01:04.591713,arsenal - manchester city,50 B+,"arsenal - manchester city güncel, arsenal - manchester city son dakika",
2025-09-22T11:01:05.092933,tuttur,500 B+,"tuttur son dakika, tuttur güncel",
2025-09-22T11:01:05.594101,izmir deprem,200 B+,"izmir deprem güncel, izmir deprem son dakika",
2025-09-22T11:01:06.095212,inter - sassuolo,20 B+,"inter - sassuolo güncel, inter - sassuolo son dakika",
2025-09-22T11:01:06.595912,teşkilat,20 B+,"teşkilat son dakika, teşkilat güncel",
2025-09-22T11:01:07.097086,fenerbahçe kasımpaşa,200 B+,"fenerbahçe kasımpaşa son dakika, fenerbahçe kasımpaşa güncel",
2025-09-22T11:01:07.598229,tesla,10 B+,"tesla güncel, tesla son dakika",
2025-09-22T11:01:08.099391,sakaryaspor - amed,50 B+,"sakaryaspor - amed güncel, sakaryaspor - amed son dakika",
2025-09-22T11:01:08.600511,deprem,200 B+,"deprem güncel, deprem son dakika",
2025-09-22T11:01:09.101603,feyza civelek,5 B+,"feyza civelek son dakika, feyza civelek güncel",
2025-09-22T11:01:09.602766,pınar ayaz,10 B+,"pınar ayaz son dakika, pınar ayaz güncel",
2025-09-22T11:01:10.103988,son depremler,200 B+,"son depremler güncel, son depremler son dakika",
2025-09-22T11:01:10.605146,ford,5 B+,"ford güncel, ford son dakika",
2025-09-22T11:01:11.106207,atv canlı yayın izle 2025,2 B+,"atv canlı yayın izle 2025 güncel, atv canlı yayın izle 2025 son dakika",
2025-09-22T12:01:04.428762,barcelona - getafe,50 B+,"barcelona - getafe son dakika, barcelona - getafe güncel",
2025-09-22T12:01:04.929523,arsenal - manchester city,50 B+,"arsenal - manchester city son dakika, arsenal - manchester city güncel",
2025-09-22T12:01:05.430593,tuttur,500 B+,"tuttur güncel, tuttur son dakika",
2025-09-22T12:01:05.931539,izmir deprem son dakika,500 B+,"izmir deprem son dakika son dakika, izmir deprem son dakika güncel",
2025-09-22T12:01:06.432676,inter - sassuolo,20 B+,"inter - sassuolo güncel, inter - sassuolo son dakika",
2025-09-22T12:01:06.933786,tesla,20 B+,"tesla son dakika, tesla güncel",
2025-09-22T12:01:07.434964,fenerbahçe kasımpaşa,200 B+,"fenerbahçe kasımpaşa son dakika, fenerbahçe kasımpaşa güncel",
2025-09-22T12:01:07.936138,teşkilat son bölüm,20 B+,"teşkilat son bölüm son dakika, teşkilat son bölüm güncel",
2025-09-22T12:01:08.437313,pınar ayaz,10 B+,"pınar ayaz güncel, pınar ayaz son dakika",
2025-09-22T12:01:08.938474,feyza civelek,5 B+,"feyza civelek son dakika, feyza civelek güncel",
2025-09-22T12:01:09.439679,ford,5 B+,"ford son dakika, ford güncel",
2025-09-22T12:01:09.940220,teşkilat,5 B+,"teşkilat son dakika, teşkilat güncel",
2025-09-22T12:01:10.441359,atv canlı yayın izle 2025,2 B+,"atv canlı yayın izle 2025 son dakika, atv canlı yayın izle 2025 güncel",
2025-09-22T12:01:10.942518,son depremler,100 B+,"son depremler son dakika, son depremler güncel",
2025-09-22T12:01:11.443630,kandilli rasathanesi,100 B+,"kandilli rasathanesi son dakika, kandilli rasathanesi güncel",
2025-09-22T13:01:30.875618,deprem,500 B+,"deprem güncel, deprem son dakika",
2025-09-22T13:01:31.376527,son depremler,200 B+,"son depremler son dakika, son depremler güncel",
2025-09-22T13:01:31.877371,barcelona - getafe,50 B+,"barcelona - getafe güncel, barcelona - getafe son dakika",
2025-09-22T13:01:32.378509,tuttur,500 B+,"tuttur güncel, tuttur son dakika",
2025-09-22T13:01:32.879641,arsenal - manchester city,50 B+,"arsenal - manchester city güncel, arsenal - manchester city son dakika",
2025-09-22T13:01:33.380790,fenerbahçe kasımpaşa,200 B+,"fenerbahçe kasımpaşa son dakika, fenerbahçe kasımpaşa güncel",
2025-09-22T13:01:33.881910,tesla,20 B+,"tesla son dakika, tesla güncel",
2025-09-22T13:01:34.383120,inter - sassuolo,20 B+,"inter - sassuolo son dakika, inter - sassuolo güncel",
2025-09-22T13:01:34.884285,pınar ayaz,10 B+,"pınar ayaz son dakika, pınar ayaz güncel",
2025-09-22T13:01:35.385442,teşkilat son bölüm,20 B+,"teşkilat son bölüm güncel, teşkilat son bölüm son dakika",
2025-09-22T13:01:35.886571,ford,5 B+,"ford güncel, ford son dakika",
2025-09-22T13:01:36.387102,iptv,5 B+,"iptv son dakika, iptv güncel",
2025-09-22T13:01:36.888207,teşkilat,5 B+,"teşkilat son dakika, teşkilat güncel",
2025-09-22T13:01:37.389303,aykut kocaman,5 B+,"aykut kocaman son dakika, aykut kocaman güncel",
2025-09-22T13:01:37.890327,atv canlı yayın izle 2025,5 B+,"atv canlı yayın izle 2025 güncel, atv canlı yayın izle 2025 son dakika",
2025-09-22T14:01:06.702070,tuttur,500 B+,"tuttur son dakika, tuttur güncel",
2025-09-22T14:01:07.203118,barcelona - getafe,50 B+,"barcelona - getafe son dakika, barcelona - getafe güncel",
2025-09-22T14:01:07.704094,tesla,20 B+,"tesla güncel, tesla son dakika",
2025-09-22T14:01:08.205185,deprem,500 B+,"deprem son dakika, deprem güncel",
2025-09-22T14:01:08.706101,fenerbahçe kasımpaşa,200 B+,"fenerbahçe kasımpaşa son dakika, fenerbahçe kasımpaşa güncel",
2025-09-22T14:01:09.207181,pınar ayaz,10 B+,"pınar ayaz güncel, pınar ayaz son dakika",
2025-09-22T14:01:09.708266,ford,5 B+,"ford güncel, ford son dakika",
2025-09-22T14:01:10.209389,son depremler,200 B+,"son depremler son dakika, son depremler güncel",
2025-09-22T14:01:10.710374,teşkilat son bölüm,20 B+,"teşkilat son bölüm son dakika, teşkilat son bölüm güncel",
2025-09-22T14:01:11.211460,ballon d'or 2025,2 B+,"ballon d'or 2025 son dakika, ballon d'or 2025 güncel",
2025-09-22T14:01:11.712318,teşkilat,5 B+,"teşkilat güncel, teşkilat son dakika",
2025-09-22T14:01:12.213507,aykut kocaman,5 B+,"aykut kocaman son dakika, aykut kocaman güncel",
2025-09-22T14:01:12.714663,inter - sassuolo,20 B+,"inter - sassuolo son dakika, inter - sassuolo güncel",
2025-09-22T14:01:13.215687,arsenal - manchester city,50 B+,"arsenal - manchester city son dakika, arsenal - manchester city güncel",
2025-09-22T14:01:13.716843,yurt time başvuru,1 B+,"yurt time başvuru son dakika, yurt time başvuru güncel",
2025-09-22T15:01:12.747795,tuttur,500 B+,"tuttur güncel, tuttur son dakika",
2025-09-22T15:01:13.248286,arsenal - manchester city,50 B+,"arsenal - manchester city son dakika, arsenal - manchester city güncel",
2025-09-22T15:01:13.748915,barcelona - getafe,50 B+,"barcelona - getafe son dakika, barcelona - getafe güncel",
2025-09-22T15:01:14.249534,tesla,20 B+,"tesla güncel, tesla son dakika",
2025-09-22T15:01:14.749948,fenerbahçe kasımpaşa,200 B+,"fenerbahçe kasımpaşa son dakika, fenerbahçe kasımpaşa güncel",
2025-09-22T15:01:15.250733,deprem,500 B+,"deprem güncel, deprem son dakika",
2025-09-22T15:01:15.751139,pınar ayaz,10 B+,"pınar ayaz güncel, pınar ayaz son dakika",
2025-09-22T15:01:16.251794,son depremler,200 B+,"son depremler güncel, son depremler son dakika",
2025-09-22T15:01:16.752754,ford,10 B+,"ford güncel, ford son dakika",
2025-09-22T15:01:17.252988,teşkilat son bölüm,20 B+,"teşkilat son bölüm son dakika, teşkilat son bölüm güncel",
2025-09-22T15:01:17.753775,inter - sassuolo,20 B+,"inter - sassuolo güncel, inter - sassuolo son dakika",
2025-09-22T15:01:18.253974,yurt time başvuru,1 B+,"yurt time başvuru son dakika, yurt time başvuru güncel",
2025-09-22T15:01:18.754603,sakaryaspor - amed,50 B+,"sakaryaspor - amed son dakika, sakaryaspor - amed güncel",
2025-09-22T15:01:19.255041,filistin,5 B+,"filistin güncel, filistin son dakika",
2025-09-22T15:01:19.756010,22 eylül hangi burç,1 B+,"22 eylül hangi burç güncel, 22 eylül hangi burç son dakika",
2025-09-22T16:01:05.892015,barcelona - getafe,50 B+,"barcelona - getafe güncel, barcelona - getafe son dakika",
2025-09-22T16:01:06.393085,tuttur,500 B+,"tuttur güncel, tuttur son dakika",
2025-09-22T16:01:06.894201,arsenal - manchester city,50 B+,"arsenal - manchester city son dakika, arsenal - manchester city güncel",
2025-09-22T16:01:07.395325,tesla,20 B+,"tesla son dakika, tesla güncel",
2025-09-22T16:01:07.896407,inter - sassuolo,20 B+,"inter - sassuolo son dakika, inter - sassuolo güncel",
2025-09-22T16:01:08.397453,pınar ayaz,10 B+,"pınar ayaz son dakika, pınar ayaz güncel",
2025-09-22T16:01:08.898086,deprem,500 B+,"deprem güncel, deprem son dakika",
2025-09-22T16:01:09.399213,teşkilat son bölüm,20 B+,"teşkilat son bölüm son dakika, teşkilat son bölüm güncel",
2025-09-22T16:01:09.900381,depremler son dakika deprem,200 B+,"depremler son dakika deprem son dakika, depremler son dakika deprem güncel",
2025-09-22T16:01:10.401549,ford,10 B+,"ford güncel, ford son dakika",
2025-09-22T16:01:10.902668,yurt time başvuru,2 B+,"yurt time başvuru güncel, yurt time başvuru son dakika",
2025-09-22T16:01:11.403793,filistin,2 B+,"filistin son dakika, filistin güncel",
2025-09-22T16:01:11.905013,kasımpaşa,100 B+,"kasımpaşa son dakika, kasımpaşa güncel",
2025-09-22T16:01:12.406172,mabel matiz,1 B+,"mabel matiz son dakika, mabel matiz güncel",
2025-09-22T16:01:12.907339,sakaryaspor - amed,50 B+,"sakaryaspor - amed son dakika, sakaryaspor - amed güncel",
2025-09-22T17:01:04.734101,arsenal - manchester city,50 B+,"arsenal - manchester city son dakika, arsenal - manchester city güncel",
2025-09-22T17:01:05.235220,barcelona - getafe,50 B+,"barcelona - getafe güncel, barcelona - getafe son dakika",
2025-09-22T17:01:05.736371,tuttur,500 B+,"tuttur güncel, tuttur son dakika",
2025-09-22T17:01:06.237521,tesla,20 B+,"tesla güncel, tesla son dakika",
2025-09-22T17:01:06.738638,inter - sassuolo,20 B+,"inter - sassuolo güncel, inter - sassuolo son dakika",
2025-09-22T17:01:07.239942,abd menşeli otomobillere ek vergi,10 B+,"abd menşeli otomobillere ek vergi son dakika, abd menşeli otomobillere ek vergi güncel",
2025-09-22T17:01:07.741180,pınar ayaz,20 B+,"pınar ayaz son dakika, pınar ayaz güncel",
2025-09-22T17:01:08.242296,deprem,500 B+,"deprem son dakika, deprem güncel",
2025-09-22T17:01:08.743509,depremler son dakika deprem,200 B+,"depremler son dakika deprem güncel, depremler son dakika deprem son dakika",
2025-09-22T17:01:09.244734,ford,10 B+,"ford güncel, ford son dakika",
2025-09-22T17:01:09.745978,teşkilat son bölüm,20 B+,"teşkilat son bölüm güncel, teşkilat son bölüm son dakika",
2025-09-22T17:01:10.247093,gram altın,5 B+,"gram altın son dakika, gram altın güncel",
2025-09-22T17:01:10.748247,yurt time başvuru,2 B+,"yurt time başvuru son dakika, yurt time başvuru güncel",
2025-09-22T17:01:11.249444,ballon d'or ne zaman,2 B+,"ballon d'or ne zaman son dakika, ballon d'or ne zaman güncel",
2025-09-22T17:01:11.750591,mabel matiz,2 B+,"mabel matiz güncel, mabel matiz son dakika",
2025-09-22T18:01:05.024388,barcelona - getafe,50 B+,"barcelona - getafe son dakika, barcelona - getafe güncel",
2025-09-22T18:01:05.525460,tesla,20 B+,"tesla güncel, tesla son dakika",
2025-09-22T18:01:06.026617,abd menşeli otomobillere ek vergi,10 B+,"abd menşeli otomobillere ek vergi güncel, abd menşeli otomobillere ek vergi son dakika",
2025-09-22T18:01:06.527758,inter - sassuolo,20 B+,"inter - sassuolo güncel, inter - sassuolo son dakika",
2025-09-22T18:01:07.028639,pınar ayaz,20 B+,"pınar ayaz son dakika, pınar ayaz güncel",
2025-09-22T18:01:07.529792,depremler son dakika deprem,200 B+,"depremler son dakika deprem güncel, depremler son dakika deprem son dakika",
2025-09-22T18:01:08.030972,deprem,500 B+,"deprem son dakika, deprem güncel",
2025-09-22T18:01:08.532138,teşkilat son bölüm,20 B+,"teşkilat son bölüm son dakika, teşkilat son bölüm güncel",
2025-09-22T18:01:09.033230,ford,10 B+,"ford son dakika, ford güncel",
2025-09-22T18:01:09.534387,ballon d'or ne zaman,2 B+,"ballon d'or ne zaman güncel, ballon d'or ne zaman son dakika",
2025-09-22T18:01:10.035538,mabel matiz,2 B+,"mabel matiz güncel, mabel matiz son dakika",
2025-09-22T18:01:10.536702,fenerbahçe,500 B+,"fenerbahçe güncel, fenerbahçe son dakika",
2025-09-22T18:01:11.037911,tesla model s,1 B+,"tesla model s güncel, tesla model s son dakika",
2025-09-22T18:01:11.539075,yurt time başvuru,2 B+,"yurt time başvuru güncel, yurt time başvuru son dakika",
2025-09-22T18:01:12.040246,atv canlı yayın izle 2025,2 B+,"atv canlı yayın izle 2025 son dakika, atv canlı yayın izle 2025 güncel",
2025-09-22T19:01:05.120655,barcelona - getafe,50 B+,"barcelona - getafe güncel, barcelona - getafe son dakika",
2025-09-22T19:01:05.620957,abd menşeli otomobillere ek vergi,10 B+,"abd menşeli otomobillere ek vergi son dakika, abd menşeli otomobillere ek vergi güncel",
2025-09-22T19:01:06.122060,tesla,20 B+,"tesla son dakika, tesla güncel",
2025-09-22T19:01:06.623214,inter - sassuolo,20 B+,"inter - sassuolo son dakika, inter - sassuolo güncel",
2025-09-22T19:01:07.124069,depremler son dakika deprem,200 B+,"depremler son dakika deprem güncel, depremler son dakika deprem son dakika",
2025-09-22T19:01:07.625144,pınar ayaz,20 B+,"pınar ayaz son dakika, pınar ayaz güncel",
2025-09-22T19:01:08.126260,teşkilat,20 B+,"teşkilat son dakika, teşkilat güncel",
2025-09-22T19:01:08.627328,ballon d'or ne zaman,5 B+,"ballon d'or ne zaman güncel, ballon d'or ne zaman son dakika",
2025-09-22T19:01:09.128476,ford,10 B+,"ford son dakika, ford güncel",
2025-09-22T19:01:09.629595,deprem,500 B+,"deprem son dakika, deprem güncel",
2025-09-22T19:01:10.130701,mabel matiz,2 B+,"mabel matiz güncel, mabel matiz son dakika",
2025-09-22T19:01:10.631910,fenerbahçe,500 B+,"fenerbahçe güncel, fenerbahçe son dakika",
2025-09-22T19:01:11.132827,tesla model s,1 B+,"tesla model s son dakika, tesla model s güncel",
2025-09-22T19:01:11.634092,yurt time başvuru,2 B+,"yurt time başvuru son dakika, yurt time başvuru güncel",
2025-09-22T19:01:12.134863,22 eylül hangi burç,2 B+,"22 eylül hangi burç son dakika, 22 eylül hangi burç güncel",
2025-09-22T20:01:04.745405,barcelona - getafe,50 B+,"barcelona - getafe güncel, barcelona - getafe son dakika",
2025-09-22T20:01:05.246445,ballon d'or ne zaman,10 B+,"ballon d'or ne zaman güncel, ballon d'or ne zaman son dakika",
2025-09-22T20:01:05.747551,abd menşeli otomobillere ek vergi,10 B+,"abd menşeli otomobillere ek vergi son dakika, abd menşeli otomobillere ek vergi güncel",
2025-09-22T20:01:06.248702,inter - sassuolo,20 B+,"inter - sassuolo son dakika, inter - sassuolo güncel",
2025-09-22T20:01:06.749831,tesla,20 B+,"tesla güncel, tesla son dakika",
2025-09-22T20:01:07.251115,depremler son dakika deprem,200 B+,"depremler son dakika deprem son dakika, depremler son dakika deprem güncel",
2025-09-22T20:01:07.752104,pınar ayaz,20 B+,"pınar ayaz son dakika, pınar ayaz güncel",
2025-09-22T20:01:08.253262,ford,10 B+,"ford güncel, ford son dakika",
2025-09-22T20:01:08.754416,mabel matiz,5 B+,"mabel matiz güncel, mabel matiz son dakika",
2025-09-22T20:01:09.255569,deprem,500 B+,"deprem güncel, deprem son dakika",
2025-09-22T20:01:09.756779,teşkilat son bölüm,20 B+,"teşkilat son bölüm son dakika, teşkilat son bölüm güncel",
2025-09-22T20:01:10.258001,ayşe barım,1 B+,"ayşe barım güncel, ayşe barım son dakika",
2025-09-22T20:01:10.759136,22 eylül hangi burç,2 B+,"22 eylül hangi burç güncel, 22 eylül hangi burç son dakika",
2025-09-22T20:01:11.260187,tesla model s,1 B+,"tesla model s güncel, tesla model s son dakika",
2025-09-22T20:01:11.761400,emekli banka promosyonları,1 B+,"emekli banka promosyonları son dakika, emekli banka promosyonları güncel",
2025-09-22T21:01:04.990657,barcelona - getafe,50 B+,"barcelona - getafe son dakika, barcelona - getafe güncel",
2025-09-22T21:01:05.491465,ballondor,20 B+,"ballondor son dakika, ballondor güncel",
2025-09-22T21:01:05.992551,marsilya - psg,5 B+,"marsilya - psg güncel, marsilya - psg son dakika",
2025-09-22T21:01:06.493570,kanal d canlı,20 B+,"kanal d canlı güncel, kanal d canlı son dakika",
2025-09-22T21:01:06.994461,abd menşeli otomobillere ek vergi,20 B+,"abd menşeli otomobillere ek vergi güncel, abd menşeli otomobillere ek vergi son dakika",
2025-09-22T21:01:07.495462,pınar ayaz,20 B+,"pınar ayaz son dakika, pınar ayaz güncel",
2025-09-22T21:01:07.996501,depremler son dakika deprem,200 B+,"depremler son dakika deprem güncel, depremler son dakika deprem son dakika",
2025-09-22T21:01:08.497569,ford,10 B+,"ford güncel, ford son dakika",
2025-09-22T21:01:08.998635,pazartesi dizileri,5 B+,"pazartesi dizileri son dakika, pazartesi dizileri güncel",
2025-09-22T21:01:09.499712,deprem,500 B+,"deprem son dakika, deprem güncel",
2025-09-22T21:01:10.000799,teşkilat son bölüm,20 B+,"teşkilat son bölüm güncel, teşkilat son bölüm son dakika",
2025-09-22T21:01:10.501335,yunus akgün,2 B+,"yunus akgün güncel, yunus akgün son dakika",
2025-09-22T21:01:11.002426,أولمبيك مارسيليا ضد بي اس جي,1 B+,"أولمبيك مارسيليا ضد بي اس جي son dakika, أولمبيك مارسيليا ضد بي اس جي güncel",
2025-09-22T21:01:11.503511,selçuk sport,2 B+,"selçuk sport güncel, selçuk sport son dakika",
2025-09-22T21:01:12.004597,natali yarcan,1 B+,"natali yarcan güncel, natali yarcan son dakika",
2025-09-22T22:01:05.263785,kanal d canlı,50 B+,"kanal d canlı güncel, kanal d canlı son dakika",
2025-09-22T22:01:05.764173,marsilya - psg,20 B+,"marsilya - psg son dakika, marsilya - psg güncel",
2025-09-22T22:01:06.265260,ballondor,20 B+,"ballondor son dakika, ballondor güncel",
2025-09-22T22:01:06.766277,abd menşeli otomobillere ek vergi,50 B+,"abd menşeli otomobillere ek vergi son dakika, abd menşeli otomobillere ek vergi güncel",
2025-09-22T22:01:07.267401,kanal d canlı yayın,10 B+,"kanal d canlı yayın güncel, kanal d canlı yayın son dakika",
2025-09-22T22:01:07.768536,depremler son dakika deprem,200 B+,"depremler son dakika deprem güncel, depremler son dakika deprem son dakika",
2025-09-22T22:01:08.269704,kanal d,10 B+,"kanal d son dakika, kanal d güncel",
2025-09-22T22:01:08.770811,ford,10 B+,"ford son dakika, ford güncel",
2025-09-22T22:01:09.272024,kanal d canli,5 B+,"kanal d canli güncel, kanal d canli son dakika",
2025-09-22T22:01:09.773128,pınar ayaz,10 B+,"pınar ayaz son dakika, pınar ayaz güncel",
2025-09-22T22:01:10.274068,deprem,500 B+,"deprem son dakika, deprem güncel",
2025-09-22T22:01:10.774926,napoli - pisa,2 B+,"napoli - pisa güncel, napoli - pisa son dakika",
2025-09-22T22:01:11.275347,أولمبيك مارسيليا ضد بي اس جي,2 B+,"أولمبيك مارسيليا ضد بي اس جي son dakika, أولمبيك مارسيليا ضد بي اس جي güncel",
2025-09-22T22:01:11.776399,lucas torreira,2 B+,"lucas torreira güncel, lucas torreira son dakika",
2025-09-22T22:01:12.277536,2025 ballon d'or,2 B+,"2025 ballon d'or güncel, 2025 ballon d'or son dakika",
2025-09-22T23:01:05.598815,ballondor,50 B+,"ballondor son dakika, ballondor güncel",
2025-09-22T23:01:06.098930,marsilya - psg,20 B+,"marsilya - psg güncel, marsilya - psg son dakika",
2025-09-22T23:01:06.600064,kanal d canlı,100 B+,"kanal d canlı güncel, kanal d canlı son dakika",
2025-09-22T23:01:07.101102,abd menşeli otomobillere ek vergi,50 B+,"abd menşeli otomobillere ek vergi güncel, abd menşeli otomobillere ek vergi son dakika",
2025-09-22T23:01:07.602249,napoli - pisa,5 B+,"napoli - pisa güncel, napoli - pisa son dakika",
2025-09-22T23:01:08.103408,depremler son dakika deprem,200 B+,"depremler son dakika deprem son dakika, depremler son dakika deprem güncel",
2025-09-22T23:01:08.604574,2025 ballon d'or,2 B+,"2025 ballon d'or son dakika, 2025 ballon d'or güncel",
2025-09-22T23:01:09.105699,ford,10 B+,"ford son dakika, ford güncel",
2025-09-22T23:01:09.606921,enes akgündüz,2 B+,"enes akgündüz son dakika, enes akgündüz güncel",
2025-09-22T23:01:10.108127,dembele,2 B+,"dembele güncel, dembele son dakika",
2025-09-22T23:01:10.608972,tivibu spor,2 B+,"skor tivibu spor, tivibu spor skor, maç tivibu spor, tivibu spor maç, tivibu spor sonuç","tivibu spor lig son dakika, tivibu spor takım son dakika, takım tivibu spor haberleri, tivibu spor haber son dakika, haber tivibu spor haberleri"
2025-09-22T23:01:11.110120,deprem,500 B+,"deprem son dakika, deprem güncel",
2025-09-22T23:01:11.611291,أولمبيك مارسيليا ضد بي اس جي,2 B+,"أولمبيك مارسيليا ضد بي اس جي son dakika, أولمبيك مارسيليا ضد بي اس جي güncel",
2025-09-22T23:01:12.112457,natali yarcan,2 B+,"natali yarcan güncel, natali yarcan son dakika",
2025-09-22T23:01:12.613534,teşkilat son bölüm,10 B+,"teşkilat son bölüm son dakika, teşkilat son bölüm güncel",
2025-09-23T00:01:06.678612,ballondor,100 B+,"ballondor son dakika, ballondor güncel",
2025-09-23T00:01:07.179570,marsilya - psg,20 B+,"marsilya - psg son dakika, marsilya - psg güncel",
2025-09-23T00:01:07.680613,napoli - pisa,10 B+,"napoli - pisa güncel, napoli - pisa son dakika",
2025-09-23T00:01:08.181766,uzak şehir canlı izle,20 B+,"uzak şehir canlı izle güncel, uzak şehir canlı izle son dakika",
2025-09-23T00:01:08.682935,2025 ballon d'or,5 B+,"2025 ballon d'or güncel, 2025 ballon d'or son dakika",
2025-09-23T00:01:09.183847,tesla fiyat,20 B+,"tesla fiyat son dakika, tesla fiyat güncel",
2025-09-23T00:01:09.685009,kanal d canlı,50 B+,"kanal d canlı son dakika, kanal d canlı güncel",
2025-09-23T00:01:10.185999,tesla,20 B+,"tesla son dakika, tesla güncel",
2025-09-23T00:01:10.687116,boğaç soydemir,5 B+,"boğaç soydemir son dakika, boğaç soydemir güncel",
2025-09-23T00:01:11.188138,ford,10 B+,"ford güncel, ford son dakika",
2025-09-23T00:01:11.689219,ballon d'or 2025 canlı izle,5 B+,"ballon d'or 2025 canlı izle son dakika, ballon d'or 2025 canlı izle güncel",
2025-09-23T00:01:12.190317,depremler son dakika deprem,200 B+,"depremler son dakika deprem güncel, depremler son dakika deprem son dakika",
2025-09-23T00:01:12.691406,balon dor,5 B+,"balon dor son dakika, balon dor güncel",
2025-09-23T00:01:13.192500,deprem,500 B+,"deprem güncel, deprem son dakika",
2025-09-23T00:01:13.693595,natali yarcan,2 B+,"natali yarcan güncel, natali yarcan son dakika",
2025-09-23T01:01:04.647023,ballondor,100 B+,"ballondor güncel, ballondor son dakika",
2025-09-23T01:01:05.147733,marsilya - psg,20 B+,"marsilya - psg güncel, marsilya - psg son dakika",
2025-09-23T01:01:05.648813,uzak şehir 30 bölüm izle,100 B+,"uzak şehir 30 bölüm izle son dakika, uzak şehir 30 bölüm izle güncel",
2025-09-23T01:01:06.150077,dembele,20 B+,"dembele son dakika, dembele güncel",
2025-09-23T01:01:06.651239,napoli - pisa,10 B+,"napoli - pisa güncel, napoli - pisa son dakika",
2025-09-23T01:01:07.152412,boğaç soydemir,5 B+,"boğaç soydemir güncel, boğaç soydemir son dakika",
2025-09-23T01:01:07.653567,tesla fiyat,20 B+,"tesla fiyat güncel, tesla fiyat son dakika",
2025-09-23T01:01:08.154622,ford,10 B+,"ford güncel, ford son dakika",
2025-09-23T01:01:08.655712,sporting lizbon - moreirense,2 B+,"sporting lizbon - moreirense son dakika, sporting lizbon - moreirense güncel",
2025-09-23T01:01:09.156777,depremler son dakika deprem,5 B+,"depremler son dakika deprem güncel, depremler son dakika deprem son dakika",
2025-09-23T01:01:09.657833,natali yarcan,2 B+,"natali yarcan güncel, natali yarcan son dakika",
2025-09-23T01:01:10.159092,aitana bonmati,2 B+,"aitana bonmati güncel, aitana bonmati son dakika",
2025-09-23T01:01:10.660231,sporting,2 B+,"sporting son dakika, sporting güncel",
2025-09-23T01:01:11.161348,çelik kubbe,1 B+,"çelik kubbe güncel, çelik kubbe son dakika",
2025-09-23T01:01:11.662076,umut nayir,5 B+,"umut nayir son dakika, umut nayir güncel",
2025-09-23T02:01:05.496496,ballondor,50 B+,"ballondor son dakika, ballondor güncel",
2025-09-23T02:01:05.997425,uzak şehir son bölüm,50 B+,"uzak şehir son bölüm son dakika, uzak şehir son bölüm güncel",
2025-09-23T02:01:06.498491,marsilya - psg,20 B+,"marsilya - psg son dakika, marsilya - psg güncel",
2025-09-23T02:01:06.999571,ballondoru kim aldı,50 B+,"ballondoru kim aldı güncel, ballondoru kim aldı son dakika",
2025-09-23T02:01:07.500495,napoli - pisa,10 B+,"napoli - pisa son dakika, napoli - pisa güncel",
2025-09-23T02:01:08.001463,boğaç soydemir,5 B+,"boğaç soydemir güncel, boğaç soydemir son dakika",
2025-09-23T02:01:08.502570,depremler son dakika deprem,5 B+,"depremler son dakika deprem güncel, depremler son dakika deprem son dakika",
2025-09-23T02:01:09.003674,kanal d canlı,100 B+,"kanal d canlı son dakika, kanal d canlı güncel",
2025-09-23T02:01:09.504782,ibrahim çelikkol,2 B+,"ibrahim çelikkol son dakika, ibrahim çelikkol güncel",
2025-09-23T02:01:10.005970,sporting lizbon - moreirense,2 B+,"sporting lizbon - moreirense son dakika, sporting lizbon - moreirense güncel",
2025-09-23T02:01:10.507138,çelik kubbe,1 B+,"çelik kubbe güncel, çelik kubbe son dakika",
2025-09-23T02:01:11.008248,aitana bonmati,2 B+,"aitana bonmati son dakika, aitana bonmati güncel",
2025-09-23T02:01:11.509368,abd menşeli otomobiller vergi indirimi,10 B+,"abd menşeli otomobiller vergi indirimi son dakika, abd menşeli otomobiller vergi indirimi güncel",
2025-09-23T02:01:12.010484,eşref rüya hangi gün,5 B+,"eşref rüya hangi gün son dakika, eşref rüya hangi gün güncel",
2025-09-23T02:01:12.511598,ayşe barım,2 B+,"ayşe barım güncel, ayşe barım son dakika",
2025-09-23T03:01:04.267976,marsilya - psg,20 B+,"marsilya - psg son dakika, marsilya - psg güncel",
2025-09-23T03:01:04.769053,ballondor,50 B+,"ballondor güncel, ballondor son dakika",
2025-09-23T03:01:05.270219,uzak şehir son bölüm,100 B+,"uzak şehir son bölüm son dakika, uzak şehir son bölüm güncel",
2025-09-23T03:01:05.771388,ballondoru kim aldı,50 B+,"ballondoru kim aldı son dakika, ballondoru kim aldı güncel",
2025-09-23T03:01:06.272549,napoli - pisa,10 B+,"napoli - pisa güncel, napoli - pisa son dakika",
2025-09-23T03:01:06.773726,boğaç soydemir,5 B+,"boğaç soydemir güncel, boğaç soydemir son dakika",
2025-09-23T03:01:07.274951,çelik kubbe,2 B+,"çelik kubbe güncel, çelik kubbe son dakika",
2025-09-23T03:01:07.776038,sporting lizbon - moreirense,2 B+,"sporting lizbon - moreirense son dakika, sporting lizbon - moreirense güncel",
2025-09-23T03:01:08.277089,أولمبيك مارسيليا ضد بي اس جي,2 B+,"أولمبيك مارسيليا ضد بي اس جي güncel, أولمبيك مارسيليا ضد بي اس جي son dakika",
2025-09-23T03:01:08.778232,natali yarcan,2 B+,"natali yarcan son dakika, natali yarcan güncel",
2025-09-23T03:01:09.279392,pazartesi dizileri,5 B+,"pazartesi dizileri son dakika, pazartesi dizileri güncel",
2025-09-23T03:01:09.780558,aitana bonmati,2 B+,"aitana bonmati son dakika, aitana bonmati güncel",
2025-09-23T03:01:10.281721,abd menşeli otomobiller vergi indirimi,10 B+,"abd menşeli otomobiller vergi indirimi son dakika, abd menşeli otomobiller vergi indirimi güncel",
2025-09-23T03:01:10.782787,eşref rüya hangi gün,5 B+,"eşref rüya hangi gün son dakika, eşref rüya hangi gün güncel",
2025-09-23T03:01:11.283836,tylenol,1 B+,"tylenol güncel, tylenol son dakika",
2025-09-23T04:01:04.659471,ballondor,50 B+,"ballondor son dakika, ballondor güncel",
2025-09-23T04:01:05.160473,marsilya - psg,20 B+,"marsilya - psg güncel, marsilya - psg son dakika",
2025-09-23T04:01:05.661279,uzak şehir 30 bölüm izle,200 B+,"uzak şehir 30 bölüm izle son dakika, uzak şehir 30 bölüm izle güncel",
2025-09-23T04:01:06.162203,ballondoru kim aldı,50 B+,"ballondoru kim aldı son dakika, ballondoru kim aldı güncel",
2025-09-23T04:01:06.663291,boğaç soydemir,5 B+,"boğaç soydemir son dakika, boğaç soydemir güncel",
2025-09-23T04:01:07.164408,napoli - pisa,10 B+,"napoli - pisa son dakika, napoli - pisa güncel",
2025-09-23T04:01:07.665573,çelik kubbe,2 B+,"çelik kubbe son dakika, çelik kubbe güncel",
2025-09-23T04:01:08.166726,natali yarcan,5 B+,"natali yarcan son dakika, natali yarcan güncel",
2025-09-23T04:01:08.667945,abd menşeli otomobiller vergi indirimi,10 B+,"abd menşeli otomobiller vergi indirimi son dakika, abd menşeli otomobiller vergi indirimi güncel",
2025-09-23T04:01:09.169092,sporting lizbon - moreirense,2 B+,"sporting lizbon - moreirense güncel, sporting lizbon - moreirense son dakika",
2025-09-23T04:01:09.670256,aitana bonmati,2 B+,"aitana bonmati güncel, aitana bonmati son dakika",
2025-09-23T04:01:10.171433,eşref rüya hangi gün,2 B+,"eşref rüya hangi gün son dakika, eşref rüya hangi gün güncel",
2025-09-23T04:01:10.672599,kyk yurt time,5 B+,"kyk yurt time güncel, kyk yurt time son dakika",
2025-09-23T04:01:11.173626,depremler son dakika deprem,5 B+,"depremler son dakika deprem güncel, depremler son dakika deprem son dakika",
2025-09-23T04:01:11.674755,pazartesi dizileri,5 B+,"pazartesi dizileri son dakika, pazartesi dizileri güncel",
2025-09-23T05:01:04.662989,ballondor,50 B+,"ballondor güncel, ballondor son dakika",
2025-09-23T05:01:05.163947,marsilya - psg,20 B+,"marsilya - psg son dakika, marsilya - psg güncel",
2025-09-23T05:01:05.665029,uzak şehir 30 bölüm izle,200 B+,"uzak şehir 30 bölüm izle güncel, uzak şehir 30 bölüm izle son dakika",
2025-09-23T05:01:06.166128,napoli - pisa,10 B+,"napoli - pisa son dakika, napoli - pisa güncel",
2025-09-23T05:01:06.667113,boğaç soydemir,5 B+,"boğaç soydemir güncel, boğaç soydemir son dakika",
2025-09-23T05:01:07.168272,ballondoru kim aldı,50 B+,"ballondoru kim aldı güncel, ballondoru kim aldı son dakika",
2025-09-23T05:01:07.669327,çelik kubbe,2 B+,"çelik kubbe son dakika, çelik kubbe güncel",
2025-09-23T05:01:08.170470,sporting lizbon - moreirense,2 B+,"sporting lizbon - moreirense son dakika, sporting lizbon - moreirense güncel",
2025-09-23T05:01:08.671625,aitana bonmati,2 B+,"aitana bonmati güncel, aitana bonmati son dakika",
2025-09-23T05:01:09.171986,abd menşeli otomobiller vergi indirimi,10 B+,"abd menşeli otomobiller vergi indirimi güncel, abd menşeli otomobiller vergi indirimi son dakika",
2025-09-23T05:01:09.672255,natali yarcan,5 B+,"natali yarcan son dakika, natali yarcan güncel",
2025-09-23T05:01:10.173399,kyk yurt time,5 B+,"kyk yurt time güncel, kyk yurt time son dakika",
2025-09-23T05:01:10.674449,tylenol,1 B+,"tylenol son dakika, tylenol güncel",
2025-09-23T05:01:11.175376,depremler son dakika deprem,5 B+,"depremler son dakika deprem güncel, depremler son dakika deprem son dakika",
2025-09-23T05:01:11.676522,eşref rüya hangi gün,2 B+,"eşref rüya hangi gün güncel, eşref rüya hangi gün son dakika",
2025-09-23T06:01:05.211141,marsilya - psg,50 B+,"marsilya - psg son dakika, marsilya - psg güncel",
2025-09-23T06:01:05.712132,ballondor,50 B+,"ballondor güncel, ballondor son dakika",
2025-09-23T06:01:06.213172,uzak şehir son bölüm,200 B+,"uzak şehir son bölüm son dakika, uzak şehir son bölüm güncel",
2025-09-23T06:01:06.714153,napoli - pisa,20 B+,"napoli - pisa son dakika, napoli - pisa güncel",
2025-09-23T06:01:07.215108,ballondoru kim aldı,50 B+,"ballondoru kim aldı güncel, ballondoru kim aldı son dakika",
2025-09-23T06:01:07.715966,boğaç soydemir,5 B+,"boğaç soydemir son dakika, boğaç soydemir güncel",
2025-09-23T06:01:08.217104,çelik kubbe,2 B+,"çelik kubbe son dakika, çelik kubbe güncel",
2025-09-23T06:01:08.718224,sporting lizbon - moreirense,2 B+,"sporting lizbon - moreirense son dakika, sporting lizbon - moreirense güncel",
2025-09-23T06:01:09.219157,ibrahim çelikkol,5 B+,"ibrahim çelikkol son dakika, ibrahim çelikkol güncel",
2025-09-23T06:01:09.720329,abd menşeli otomobiller vergi indirimi,10 B+,"abd menşeli otomobiller vergi indirimi son dakika, abd menşeli otomobiller vergi indirimi güncel",
2025-09-23T06:01:10.221387,aitana bonmati,2 B+,"aitana bonmati güncel, aitana bonmati son dakika",
2025-09-23T06:01:10.722522,أولمبيك مارسيليا ضد بي اس جي,2 B+,"أولمبيك مارسيليا ضد بي اس جي güncel, أولمبيك مارسيليا ضد بي اس جي son dakika",
2025-09-23T06:01:11.223743,tylenol,1 B+,"tylenol son dakika, tylenol güncel",
2025-09-23T06:01:11.725017,sinema festivali,1 B+,"sinema festivali son dakika, sinema festivali güncel",
2025-09-23T06:01:12.226257,depremler son dakika deprem,5 B+,"depremler son dakika deprem güncel, depremler son dakika deprem son dakika",
2025-09-23T07:01:04.793897,marsilya - psg,50 B+,"marsilya - psg güncel, marsilya - psg son dakika",
2025-09-23T07:01:05.294963,ballondor,50 B+,"ballondor son dakika, ballondor güncel",
2025-09-23T07:01:05.796098,dembele,50 B+,"dembele son dakika, dembele güncel",
2025-09-23T07:01:06.297222,uzak şehir son bölüm,200 B+,"uzak şehir son bölüm güncel, uzak şehir son bölüm son dakika",
2025-09-23T07:01:06.798320,napoli - pisa,20 B+,"napoli - pisa güncel, napoli - pisa son dakika",
2025-09-23T07:01:07.299389,boğaç soydemir,5 B+,"boğaç soydemir son dakika, boğaç soydemir güncel",
2025-09-23T07:01:07.800552,sporting lizbon - moreirense,2 B+,"sporting lizbon - moreirense son dakika, sporting lizbon - moreirense güncel",
2025-09-23T07:01:08.301725,ibrahim çelikkol,5 B+,"ibrahim çelikkol güncel, ibrahim çelikkol son dakika",
2025-09-23T07:01:08.802982,çelik kubbe,2 B+,"çelik kubbe güncel, çelik kubbe son dakika",
2025-09-23T07:01:09.304111,aitana bonmati,2 B+,"aitana bonmati güncel, aitana bonmati son dakika",
2025-09-23T07:01:09.805284,abd menşeli otomobiller vergi indirimi,10 B+,"abd menşeli otomobiller vergi indirimi güncel, abd menşeli otomobiller vergi indirimi son dakika",
2025-09-23T07:01:10.306178,ballon dor,2 B+,"ballon dor güncel, ballon dor son dakika",
2025-09-23T07:01:10.807333,أولمبيك مارسيليا ضد بي اس جي,2 B+,"أولمبيك مارسيليا ضد بي اس جي son dakika, أولمبيك مارسيليا ضد بي اس جي güncel",
2025-09-23T07:01:11.308427,tylenol,1 B+,"tylenol güncel, tylenol son dakika",
2025-09-23T07:01:11.809564,sinema festivali,1 B+,"sinema festivali güncel, sinema festivali son dakika",
2025-09-23T08:01:06.387799,ballondor,50 B+,"ballondor son dakika, ballondor güncel",
2025-09-23T08:01:06.888839,marsilya - psg,50 B+,"marsilya - psg güncel, marsilya - psg son dakika",
2025-09-23T08:01:07.390029,dembele,100 B+,"dembele güncel, dembele son dakika",
2025-09-23T08:01:07.890803,uzak şehir son bölüm,100 B+,"uzak şehir son bölüm son dakika, uzak şehir son bölüm güncel",
2025-09-23T08:01:08.391794,napoli - pisa,20 B+,"napoli - pisa güncel, napoli - pisa son dakika",
2025-09-23T08:01:08.893004,boğaç soydemir,10 B+,"boğaç soydemir güncel, boğaç soydemir son dakika",
2025-09-23T08:01:09.394218,natali yarcan,5 B+,"natali yarcan son dakika, natali yarcan güncel",
2025-09-23T08:01:09.895397,sporting lizbon - moreirense,2 B+,"sporting lizbon - moreirense güncel, sporting lizbon - moreirense son dakika",
2025-09-23T08:01:10.396545,abd menşeli otomobillere ek vergi,10 B+,"abd menşeli otomobillere ek vergi güncel, abd menşeli otomobillere ek vergi son dakika",
2025-09-23T08:01:10.897699,aitana bonmati,2 B+,"aitana bonmati güncel, aitana bonmati son dakika",
2025-09-23T08:01:11.398167,ballon dor,2 B+,"ballon dor son dakika, ballon dor güncel",
2025-09-23T08:01:11.899302,çelik kubbe,2 B+,"çelik kubbe son dakika, çelik kubbe güncel",
2025-09-23T08:01:12.400397,أولمبيك مارسيليا ضد بي اس جي,2 B+,"أولمبيك مارسيليا ضد بي اس جي son dakika, أولمبيك مارسيليا ضد بي اس جي güncel",
2025-09-23T08:01:12.901600,tylenol,1 B+,"tylenol son dakika, tylenol güncel",
2025-09-23T08:01:13.402701,sinema festivali,2 B+,"sinema festivali son dakika, sinema festivali güncel",
2025-09-23T09:01:03.966493,marsilya - psg,50 B+,"marsilya - psg son dakika, marsilya - psg güncel",
2025-09-23T09:01:04.467510,dembele,100 B+,"dembele son dakika, dembele güncel",
2025-09-23T09:01:04.968658,ballondor,20 B+,"ballondor son dakika, ballondor güncel",
2025-09-23T09:01:05.469800,uzak şehir son bölüm,200 B+,"uzak şehir son bölüm son dakika, uzak şehir son bölüm güncel",
2025-09-23T09:01:05.971014,boğaç soydemir,10 B+,"boğaç soydemir güncel, boğaç soydemir son dakika",
2025-09-23T09:01:06.471970,napoli - pisa,20 B+,"napoli - pisa son dakika, napoli - pisa güncel",
2025-09-23T09:01:06.973050,natali yarcan,5 B+,"natali yarcan güncel, natali yarcan son dakika",
2025-09-23T09:01:07.473918,sporting lizbon - moreirense,2 B+,"sporting lizbon - moreirense son dakika, sporting lizbon - moreirense güncel",
2025-09-23T09:01:07.974755,aitana bonmati,2 B+,"aitana bonmati güncel, aitana bonmati son dakika",
2025-09-23T09:01:08.475675,çelik kubbe,2 B+,"çelik kubbe son dakika, çelik kubbe güncel",
2025-09-23T09:01:08.976611,abd menşeli otomobiller vergi indirimi,10 B+,"abd menşeli otomobiller vergi indirimi son dakika, abd menşeli otomobiller vergi indirimi güncel",
2025-09-23T09:01:09.477226,sinema festivali,2 B+,"sinema festivali son dakika, sinema festivali güncel",
2025-09-23T09:01:09.978256,ballon dor,2 B+,"ballon dor güncel, ballon dor son dakika",
2025-09-23T09:01:10.479233,tylenol,2 B+,"tylenol son dakika, tylenol güncel",
2025-09-23T09:01:10.980256,أولمبيك مارسيليا ضد بي اس جي,2 B+,"أولمبيك مارسيليا ضد بي اس جي güncel, أولمبيك مارسيليا ضد بي اس جي son dakika",
2025-09-23T10:01:04.787472,uzak şehir son bölüm,200 B+,"uzak şehir son bölüm son dakika, uzak şehir son bölüm güncel",
2025-09-23T10:01:05.288440,marsilya - psg,50 B+,"marsilya - psg son dakika, marsilya - psg güncel",
2025-09-23T10:01:05.789507,dembele,100 B+,"dembele son dakika, dembele güncel",
2025-09-23T10:01:06.290607,ballondor,50 B+,"ballondor güncel, ballondor son dakika",
2025-09-23T10:01:06.791697,boğaç soydemir,10 B+,"boğaç soydemir güncel, boğaç soydemir son dakika",
2025-09-23T10:01:07.292919,natali yarcan,5 B+,"natali yarcan güncel, natali yarcan son dakika",
2025-09-23T10:01:07.794122,napoli - pisa,20 B+,"napoli - pisa son dakika, napoli - pisa güncel",
2025-09-23T10:01:08.295291,aitana bonmati,2 B+,"aitana bonmati son dakika, aitana bonmati güncel",
2025-09-23T10:01:08.796334,sinema festivali,2 B+,"sinema festivali son dakika, sinema festivali güncel",
2025-09-23T10:01:09.297492,sporting lizbon - moreirense,5 B+,"sporting lizbon - moreirense güncel, sporting lizbon - moreirense son dakika",
2025-09-23T10:01:09.798241,abd menşeli otomobiller vergi indirimi,10 B+,"abd menşeli otomobiller vergi indirimi güncel, abd menşeli otomobiller vergi indirimi son dakika",
2025-09-23T10:01:10.299439,tylenol,2 B+,"tylenol son dakika, tylenol güncel",
2025-09-23T10:01:10.800612,çelik kubbe,2 B+,"çelik kubbe güncel, çelik kubbe son dakika",
2025-09-23T10:01:11.301574,ayşe barım,2 B+,"ayşe barım güncel, ayşe barım son dakika",
2025-09-23T10:01:11.802714,ibb burs başvurusu,1 B+,"ibb burs başvurusu güncel, ibb burs başvurusu son dakika",
2025-09-23T11:01:05.679794,uzak şehir son bölüm,200 B+,"uzak şehir son bölüm son dakika, uzak şehir son bölüm güncel",
2025-09-23T11:01:06.180937,marsilya - psg,50 B+,"marsilya - psg güncel, marsilya - psg son dakika",
2025-09-23T11:01:06.681948,dembele,100 B+,"dembele son dakika, dembele güncel",
2025-09-23T11:01:07.183075,ballondor,20 B+,"ballondor son dakika, ballondor güncel",
2025-09-23T11:01:07.684062,boğaç soydemir,10 B+,"boğaç soydemir güncel, boğaç soydemir son dakika",
2025-09-23T11:01:08.185026,natali yarcan,5 B+,"natali yarcan son dakika, natali yarcan güncel",
2025-09-23T11:01:08.686126,napoli - pisa,20 B+,"napoli - pisa güncel, napoli - pisa son dakika",
2025-09-23T11:01:09.187177,sinema festivali,5 B+,"sinema festivali güncel, sinema festivali son dakika",
2025-09-23T11:01:09.688093,çelik kubbe,2 B+,"çelik kubbe son dakika, çelik kubbe güncel",
2025-09-23T11:01:10.189156,aitana bonmati,5 B+,"aitana bonmati son dakika, aitana bonmati güncel",
2025-09-23T11:01:10.690197,atv canlı yayın izle 2025,2 B+,"atv canlı yayın izle 2025 son dakika, atv canlı yayın izle 2025 güncel",
2025-09-23T11:01:11.191299,ibb burs başvurusu,2 B+,"ibb burs başvurusu güncel, ibb burs başvurusu son dakika",
2025-09-23T11:01:11.692398,tylenol,2 B+,"tylenol güncel, tylenol son dakika",
2025-09-23T11:01:12.193503,şehir tiyatroları,1 B+,"şehir tiyatroları son dakika, şehir tiyatroları güncel",
2025-09-23T11:01:12.694623,abd menşeli otomobiller vergi indirimi,10 B+,"abd menşeli otomobiller vergi indirimi son dakika, abd menşeli otomobiller vergi indirimi güncel",
2025-09-23T12:01:05.026297,uzak şehir son bölüm,200 B+,"uzak şehir son bölüm son dakika, uzak şehir son bölüm güncel",
2025-09-23T12:01:05.527387,marsilya - psg,50 B+,"marsilya - psg güncel, marsilya - psg son dakika",
2025-09-23T12:01:06.028478,dembele,100 B+,"dembele son dakika, dembele güncel",
2025-09-23T12:01:06.529481,ballondor,50 B+,"ballondor son dakika, ballondor güncel",
2025-09-23T12:01:07.030635,boğaç soydemir,10 B+,"boğaç soydemir güncel, boğaç soydemir son dakika",
2025-09-23T12:01:07.531786,natali yarcan,10 B+,"natali yarcan güncel, natali yarcan son dakika",
2025-09-23T12:01:08.033000,sinema festivali,5 B+,"sinema festivali güncel, sinema festivali son dakika",
2025-09-23T12:01:08.534129,napoli - pisa,20 B+,"napoli - pisa güncel, napoli - pisa son dakika",
2025-09-23T12:01:09.035227,çelik kubbe,2 B+,"çelik kubbe güncel, çelik kubbe son dakika",
2025-09-23T12:01:09.536396,ibb şehir tiyatroları,2 B+,"ibb şehir tiyatroları güncel, ibb şehir tiyatroları son dakika",
2025-09-23T12:01:10.037565,ibb burs başvurusu,2 B+,"ibb burs başvurusu son dakika, ibb burs başvurusu güncel",
2025-09-23T12:01:10.538626,atv canlı yayın izle 2025,2 B+,"atv canlı yayın izle 2025 son dakika, atv canlı yayın izle 2025 güncel",
2025-09-23T12:01:11.039785,tylenol,2 B+,"tylenol son dakika, tylenol güncel",
2025-09-23T12:01:11.540953,aitana bonmati,5 B+,"aitana bonmati güncel, aitana bonmati son dakika",
2025-09-23T12:01:12.042122,23 eylül,5 B+,"23 eylül güncel, 23 eylül son dakika",
2025-09-23T13:01:05.175618,uzak şehir son bölüm,200 B+,"uzak şehir son bölüm son dakika, uzak şehir son bölüm güncel",
2025-09-23T13:01:05.676128,dembele,50 B+,"dembele güncel, dembele son dakika",
2025-09-23T13:01:06.177206,marsilya - psg,50 B+,"marsilya - psg güncel, marsilya - psg son dakika",
2025-09-23T13:01:06.678321,sinema festivali,10 B+,"sinema festivali güncel, sinema festivali son dakika",
2025-09-23T13:01:07.179418,ballondoru kim aldı,50 B+,"ballondoru kim aldı güncel, ballondoru kim aldı son dakika",
2025-09-23T13:01:07.680522,boğaç soydemir,10 B+,"boğaç soydemir son dakika, boğaç soydemir güncel",
2025-09-23T13:01:08.181700,ibrahim çelikkol,10 B+,"ibrahim çelikkol güncel, ibrahim çelikkol son dakika",
2025-09-23T13:01:08.682758,napoli - pisa,20 B+,"napoli - pisa güncel, napoli - pisa son dakika",
2025-09-23T13:01:09.183672,irtikap,2 B+,"irtikap son dakika, irtikap güncel",
2025-09-23T13:01:09.684571,ibb burs başvurusu,5 B+,"ibb burs başvurusu son dakika, ibb burs başvurusu güncel",
2025-09-23T13:01:10.185622,çelik kubbe,2 B+,"çelik kubbe güncel, çelik kubbe son dakika",
2025-09-23T13:01:10.686670,pegasus,2 B+,"pegasus son dakika, pegasus güncel",
2025-09-23T13:01:11.187735,aitana bonmati,5 B+,"aitana bonmati son dakika, aitana bonmati güncel",
2025-09-23T13:01:11.688800,tylenol,2 B+,"tylenol güncel, tylenol son dakika",
2025-09-23T13:01:12.189824,23 eylül,10 B+,"23 eylül son dakika, 23 eylül güncel",
2025-09-23T14:01:04.319748,uzak şehir son bölüm,100 B+,"uzak şehir son bölüm son dakika, uzak şehir son bölüm güncel",
2025-09-23T14:01:04.820755,dembele,50 B+,"dembele son dakika, dembele güncel",
2025-09-23T14:01:05.321834,marsilya - psg,50 B+,"marsilya - psg son dakika, marsilya - psg güncel",
2025-09-23T14:01:05.822989,sinema festivali,10 B+,"sinema festivali güncel, sinema festivali son dakika",
2025-09-23T14:01:06.324078,pegasus,10 B+,"pegasus güncel, pegasus son dakika",
2025-09-23T14:01:06.825282,boğaç soydemir,10 B+,"boğaç soydemir son dakika, boğaç soydemir güncel",
2025-09-23T14:01:07.326431,ballondoru kim aldı,50 B+,"ballondoru kim aldı son dakika, ballondoru kim aldı güncel",
2025-09-23T14:01:07.827460,ibrahim çelikkol,10 B+,"ibrahim çelikkol güncel, ibrahim çelikkol son dakika",
2025-09-23T14:01:08.328537,çelik kubbe,2 B+,"çelik kubbe güncel, çelik kubbe son dakika",
2025-09-23T14:01:08.829592,irtikap,5 B+,"irtikap son dakika, irtikap güncel",
2025-09-23T14:01:09.330723,tylenol,2 B+,"tylenol son dakika, tylenol güncel",
2025-09-23T14:01:09.831989,uzak şehir 30 bölüm fragmanı,100 B+,"uzak şehir 30 bölüm fragmanı güncel, uzak şehir 30 bölüm fragmanı son dakika",
2025-09-23T14:01:10.333122,23 eylül,10 B+,"23 eylül güncel, 23 eylül son dakika",
2025-09-23T14:01:10.834274,ibb burs,1 B+,"ibb burs güncel, ibb burs son dakika",
2025-09-23T14:01:11.335354,alternatif bank,2 B+,"alternatif bank son dakika, alternatif bank güncel",
2025-09-23T15:01:04.623561,uzak şehir 30 bölüm izle,100 B+,"uzak şehir 30 bölüm izle son dakika, uzak şehir 30 bölüm izle güncel",
2025-09-23T15:01:05.124140,dembele,100 B+,"dembele son dakika, dembele güncel",
2025-09-23T15:01:05.624311,marsilya - psg,50 B+,"marsilya - psg güncel, marsilya - psg son dakika",
2025-09-23T15:01:06.125315,ballondor,50 B+,"ballondor son dakika, ballondor güncel",
2025-09-23T15:01:06.626486,pegasus,10 B+,"pegasus güncel, pegasus son dakika",
2025-09-23T15:01:07.127640,iptv,10 B+,"iptv güncel, iptv son dakika",
2025-09-23T15:01:07.628734,sinema festivali,10 B+,"sinema festivali güncel, sinema festivali son dakika",
2025-09-23T15:01:08.129791,boğaç soydemir,10 B+,"boğaç soydemir son dakika, boğaç soydemir güncel",
2025-09-23T15:01:08.630996,ibrahim çelikkol,10 B+,"ibrahim çelikkol güncel, ibrahim çelikkol son dakika",
2025-09-23T15:01:09.132160,çelik kubbe,5 B+,"çelik kubbe son dakika, çelik kubbe güncel",
2025-09-23T15:01:09.633308,tylenol,2 B+,"tylenol güncel, tylenol son dakika",
2025-09-23T15:01:10.134364,irtikap,5 B+,"irtikap son dakika, irtikap güncel",
2025-09-23T15:01:10.635513,ibb burs,1 B+,"ibb burs güncel, ibb burs son dakika",
2025-09-23T15:01:11.136640,alternatif bank,2 B+,"alternatif bank son dakika, alternatif bank güncel",
2025-09-23T15:01:11.637807,23 eylül,10 B+,"23 eylül güncel, 23 eylül son dakika",
2025-09-23T16:01:04.666529,uzak şehir 30 bölüm izle,100 B+,"uzak şehir 30 bölüm izle son dakika, uzak şehir 30 bölüm izle güncel",
2025-09-23T16:01:05.167532,marsilya - psg,50 B+,"marsilya - psg son dakika, marsilya - psg güncel",
2025-09-23T16:01:05.668406,dembele,100 B+,"dembele güncel, dembele son dakika",
2025-09-23T16:01:06.169528,pegasus,20 B+,"pegasus güncel, pegasus son dakika",
2025-09-23T16:01:06.670382,sinema festivali,10 B+,"sinema festivali güncel, sinema festivali son dakika",
2025-09-23T16:01:07.171544,boğaç soydemir,10 B+,"boğaç soydemir son dakika, boğaç soydemir güncel",
2025-09-23T16:01:07.672685,ibrahim çelikkol,10 B+,"ibrahim çelikkol güncel, ibrahim çelikkol son dakika",
2025-09-23T16:01:08.173846,çelik kubbe,5 B+,"çelik kubbe son dakika, çelik kubbe güncel",
2025-09-23T16:01:08.675130,ousmane dembele,20 B+,"ousmane dembele güncel, ousmane dembele son dakika",
2025-09-23T16:01:09.176278,iptv,10 B+,"iptv son dakika, iptv güncel",
2025-09-23T16:01:09.677282,irtikap,5 B+,"irtikap güncel, irtikap son dakika",
2025-09-23T16:01:10.178299,aitana bonmati,5 B+,"aitana bonmati güncel, aitana bonmati son dakika",
2025-09-23T16:01:10.679242,ibb burs,2 B+,"ibb burs güncel, ibb burs son dakika",
2025-09-23T16:01:11.180293,uyap avukat,2 B+,"uyap avukat güncel, uyap avukat son dakika",
2025-09-23T16:01:11.681455,irfan can eğribayat,2 B+,"irfan can eğribayat son dakika, irfan can eğribayat güncel",
2025-09-23T17:01:05.033467,uzak şehir 30 bölüm izle,100 B+,"uzak şehir 30 bölüm izle güncel, uzak şehir 30 bölüm izle son dakika",
2025-09-23T17:01:05.534514,marsilya - psg,50 B+,"marsilya - psg son dakika, marsilya - psg güncel",
2025-09-23T17:01:06.035565,dembele,100 B+,"dembele son dakika, dembele güncel",
2025-09-23T17:01:06.536216,sinema festivali,10 B+,"sinema festivali güncel, sinema festivali son dakika",
2025-09-23T17:01:07.037376,boğaç soydemir,10 B+,"boğaç soydemir güncel, boğaç soydemir son dakika",
2025-09-23T17:01:07.538524,pegasus,20 B+,"pegasus son dakika, pegasus güncel",
2025-09-23T17:01:08.039688,çelik kubbe,5 B+,"çelik kubbe güncel, çelik kubbe son dakika",
2025-09-23T17:01:08.540816,2025 ballon d'or,20 B+,"2025 ballon d'or son dakika, 2025 ballon d'or güncel",
2025-09-23T17:01:09.042183,boluspor - ümraniyespor,1 B+,"boluspor - ümraniyespor son dakika, boluspor - ümraniyespor güncel",
2025-09-23T17:01:09.543370,ibrahim çelikkol,10 B+,"ibrahim çelikkol son dakika, ibrahim çelikkol güncel",
2025-09-23T17:01:10.044533,irfan can eğribayat,5 B+,"irfan can eğribayat son dakika, irfan can eğribayat güncel",
2025-09-23T17:01:10.545654,dinamo zagreb,2 B+,"dinamo zagreb güncel, dinamo zagreb son dakika",
2025-09-23T17:01:11.046842,nejat işler,2 B+,"nejat işler son dakika, nejat işler güncel",
2025-09-23T17:01:11.548113,23 eylül,2 B+,"23 eylül güncel, 23 eylül son dakika",
2025-09-23T17:01:12.049216,ibb burs,2 B+,"ibb burs son dakika, ibb burs güncel",
2025-09-23T18:01:04.680777,boğaç soydemir,20 B+,"boğaç soydemir son dakika, boğaç soydemir güncel",
2025-09-23T18:01:05.181799,uzak şehir 30 bölüm izle,100 B+,"uzak şehir 30 bölüm izle son dakika, uzak şehir 30 bölüm izle güncel",
2025-09-23T18:01:05.682603,dembele,100 B+,"dembele güncel, dembele son dakika",
2025-09-23T18:01:06.183724,marsilya - psg,50 B+,"marsilya - psg güncel, marsilya - psg son dakika",
2025-09-23T18:01:06.684795,sinema festivali,20 B+,"sinema festivali güncel, sinema festivali son dakika",
2025-09-23T18:01:07.185914,boluspor - ümraniyespor,2 B+,"boluspor - ümraniyespor son dakika, boluspor - ümraniyespor güncel",
2025-09-23T18:01:07.687032,pegasus,20 B+,"pegasus güncel, pegasus son dakika",
2025-09-23T18:01:08.188092,çelik kubbe,5 B+,"çelik kubbe güncel, çelik kubbe son dakika",
2025-09-23T18:01:08.689163,ibrahim çelikkol,10 B+,"ibrahim çelikkol güncel, ibrahim çelikkol son dakika",
2025-09-23T18:01:09.190229,dinamo zagreb,5 B+,"dinamo zagreb güncel, dinamo zagreb son dakika",
2025-09-23T18:01:09.691282,ibb burs,2 B+,"ibb burs son dakika, ibb burs güncel",
2025-09-23T18:01:10.192364,cagliari - frosinone,1 B+,"cagliari - frosinone son dakika, cagliari - frosinone güncel",
2025-09-23T18:01:10.693450,tüik,2 B+,"tüik son dakika, tüik güncel",
2025-09-23T18:01:11.194530,henry cavill,1 B+,"henry cavill son dakika, henry cavill güncel",
2025-09-23T18:01:11.695628,nejat işler,2 B+,"nejat işler son dakika, nejat işler güncel",
2025-09-23T19:01:04.669133,uzak şehir 30 bölüm izle,100 B+,"uzak şehir 30 bölüm izle son dakika, uzak şehir 30 bölüm izle güncel",
2025-09-23T19:01:05.170173,boğaç soydemir,20 B+,"boğaç soydemir son dakika, boğaç soydemir güncel",
2025-09-23T19:01:05.671101,marsilya - psg,50 B+,"marsilya - psg son dakika, marsilya - psg güncel",
2025-09-23T19:01:06.172200,sinema festivali,20 B+,"sinema festivali güncel, sinema festivali son dakika",
2025-09-23T19:01:06.673327,boluspor - ümraniyespor,5 B+,"boluspor - ümraniyespor güncel, boluspor - ümraniyespor son dakika",
2025-09-23T19:01:07.174122,pegasus,20 B+,"pegasus güncel, pegasus son dakika",
2025-09-23T19:01:07.675271,çelik kubbe,5 B+,"çelik kubbe son dakika, çelik kubbe güncel",
2025-09-23T19:01:08.176424,cagliari - frosinone,2 B+,"cagliari - frosinone güncel, cagliari - frosinone son dakika",
2025-09-23T19:01:08.677591,uefa avrupa ligi,5 B+,"uefa avrupa ligi son dakika, uefa avrupa ligi güncel",
2025-09-23T19:01:09.178749,zuhal topal,2 B+,"zuhal topal son dakika, zuhal topal güncel",
2025-09-23T19:01:09.679228,ibrahim çelikkol,10 B+,"ibrahim çelikkol son dakika, ibrahim çelikkol güncel",
2025-09-23T19:01:10.180166,ibb burs,2 B+,"ibb burs güncel, ibb burs son dakika",
2025-09-23T19:01:10.681338,memur maaş zammı,2 B+,"memur maaş zammı güncel, memur maaş zammı son dakika",
2025-09-23T19:01:11.182395,ousmane dembele,10 B+,"ousmane dembele son dakika, ousmane dembele güncel",
2025-09-23T19:01:11.683437,mansur yavaş,10 B+,"mansur yavaş güncel, mansur yavaş son dakika",
2025-09-23T20:01:05.001558,uzak şehir son bölüm,100 B+,"uzak şehir son bölüm güncel, uzak şehir son bölüm son dakika",
2025-09-23T20:01:05.502505,boğaç soydemir,20 B+,"boğaç soydemir güncel, boğaç soydemir son dakika",
2025-09-23T20:01:06.003535,marsilya - psg,50 B+,"marsilya - psg son dakika, marsilya - psg güncel",
2025-09-23T20:01:06.504584,sinema festivali,20 B+,"sinema festivali güncel, sinema festivali son dakika",
2025-09-23T20:01:07.005687,boluspor - ümraniyespor,5 B+,"boluspor - ümraniyespor güncel, boluspor - ümraniyespor son dakika",
2025-09-23T20:01:07.506745,uefa avrupa ligi,10 B+,"uefa avrupa ligi son dakika, uefa avrupa ligi güncel",
2025-09-23T20:01:08.007825,cagliari - frosinone,5 B+,"cagliari - frosinone son dakika, cagliari - frosinone güncel",
2025-09-23T20:01:08.509082,salı günü dizileri,10 B+,"salı günü dizileri son dakika, salı günü dizileri güncel",
2025-09-23T20:01:09.010196,athletic bilbao - girona,2 B+,"athletic bilbao - girona son dakika, athletic bilbao - girona güncel",
2025-09-23T20:01:09.511142,espanyol - valencia,2 B+,"espanyol - valencia son dakika, espanyol - valencia güncel",
2025-09-23T20:01:10.012262,çelik kubbe,5 B+,"çelik kubbe güncel, çelik kubbe son dakika",
2025-09-23T20:01:10.513383,ibb burs,2 B+,"ibb burs güncel, ibb burs son dakika",
2025-09-23T20:01:11.014503,ousmane dembele,10 B+,"ousmane dembele güncel, ousmane dembele son dakika",
2025-09-23T20:01:11.515631,mansur yavaş,10 B+,"mansur yavaş son dakika, mansur yavaş güncel",
2025-09-23T20:01:12.016764,memur maaş zammı,2 B+,"memur maaş zammı son dakika, memur maaş zammı güncel",
2025-09-23T21:01:04.869266,uzak şehir 30 bölüm izle,100 B+,"uzak şehir 30 bölüm izle son dakika, uzak şehir 30 bölüm izle güncel",
2025-09-23T21:01:05.370048,boğaç soydemir,20 B+,"boğaç soydemir son dakika, boğaç soydemir güncel",
2025-09-23T21:01:05.871117,uefa avrupa ligi,10 B+,"uefa avrupa ligi güncel, uefa avrupa ligi son dakika",
2025-09-23T21:01:06.372191,sinema festivali,20 B+,"sinema festivali son dakika, sinema festivali güncel",
2025-09-23T21:01:06.873309,espanyol - valencia,2 B+,"espanyol - valencia güncel, espanyol - valencia son dakika",
2025-09-23T21:01:07.374225,athletic bilbao - girona,2 B+,"athletic bilbao - girona güncel, athletic bilbao - girona son dakika",
2025-09-23T21:01:07.875151,cagliari - frosinone,10 B+,"cagliari - frosinone son dakika, cagliari - frosinone güncel",
2025-09-23T21:01:08.376209,salı günü dizileri,10 B+,"salı günü dizileri son dakika, salı günü dizileri güncel",
2025-09-23T21:01:08.876859,boluspor - ümraniyespor,10 B+,"boluspor - ümraniyespor güncel, boluspor - ümraniyespor son dakika",
2025-09-23T21:01:09.378048,gram altın rekor,5 B+,"gram altın rekor güncel, gram altın rekor son dakika",
2025-09-23T21:01:09.879173,jeddah - al nassr,2 B+,"jeddah - al nassr güncel, jeddah - al nassr son dakika",
2025-09-23T21:01:10.380201,ibb burs,2 B+,"ibb burs güncel, ibb burs son dakika",
2025-09-23T21:01:10.881371,memur maaş zammı,2 B+,"memur maaş zammı güncel, memur maaş zammı son dakika",
2025-09-23T21:01:11.382492,mansur yavaş,10 B+,"mansur yavaş son dakika, mansur yavaş güncel",
2025-09-23T21:01:11.883655,kıskanmak dizisi,2 B+,"kıskanmak dizisi güncel, kıskanmak dizisi son dakika",
2025-09-23T22:01:04.459962,levante - real madrid,20 B+,"levante - real madrid güncel, levante - real madrid son dakika",
2025-09-23T22:01:04.960960,benfica - rio ave,10 B+,"benfica - rio ave son dakika, benfica - rio ave güncel",
2025-09-23T22:01:05.462022,liverpool - southampton,5 B+,"liverpool - southampton son dakika, liverpool - southampton güncel",
2025-09-23T22:01:05.963042,avrupa ligi,20 B+,"avrupa ligi güncel, avrupa ligi son dakika",
2025-09-23T22:01:06.463976,jeddah - al nassr,5 B+,"jeddah - al nassr son dakika, jeddah - al nassr güncel",
2025-09-23T22:01:06.964989,lincoln - chelsea,5 B+,"lincoln - chelsea güncel, lincoln - chelsea son dakika",
2025-09-23T22:01:07.466040,gram altın rekor,10 B+,"gram altın rekor güncel, gram altın rekor son dakika",
2025-09-23T22:01:07.967031,kıskanmak dizisi,10 B+,"kıskanmak dizisi güncel, kıskanmak dizisi son dakika",
2025-09-23T22:01:08.468078,espanyol - valencia,5 B+,"espanyol - valencia son dakika, espanyol - valencia güncel",
2025-09-23T22:01:08.969227,barnsley - brighton,2 B+,"barnsley - brighton güncel, barnsley - brighton son dakika",
2025-09-23T22:01:09.470340,athletic bilbao - girona,5 B+,"athletic bilbao - girona güncel, athletic bilbao - girona son dakika",
2025-09-23T22:01:09.971237,cagliari - frosinone,5 B+,"cagliari - frosinone son dakika, cagliari - frosinone güncel",
2025-09-23T22:01:10.472153,salı günü dizileri,10 B+,"salı günü dizileri güncel, salı günü dizileri son dakika",
2025-09-23T22:01:10.973188,ليفانتي ضد الريال,2 B+,"ليفانتي ضد الريال son dakika, ليفانتي ضد الريال güncel",
2025-09-23T22:01:11.474148,çorum fk,5 B+,"çorum fk güncel, çorum fk son dakika",
2025-09-23T23:01:06.573250,levante - real madrid,50 B+,"levante - real madrid güncel, levante - real madrid son dakika",
2025-09-23T23:01:07.074263,benfica - rio ave,20 B+,"benfica - rio ave güncel, benfica - rio ave son dakika",
2025-09-23T23:01:07.575380,liverpool - southampton,20 B+,"liverpool - southampton güncel, liverpool - southampton son dakika",
2025-09-23T23:01:08.076524,jeddah - al nassr,5 B+,"jeddah - al nassr güncel, jeddah - al nassr son dakika",
2025-09-23T23:01:08.577452,uefa avrupa ligi,20 B+,"uefa avrupa ligi güncel, uefa avrupa ligi son dakika",
2025-09-23T23:01:09.078612,ليفانتي ضد الريال,5 B+,"ليفانتي ضد الريال güncel, ليفانتي ضد الريال son dakika",
2025-09-23T23:01:09.579908,barnsley - brighton,5 B+,"barnsley - brighton son dakika, barnsley - brighton güncel",
2025-09-23T23:01:10.081107,lincoln - chelsea,5 B+,"lincoln - chelsea güncel, lincoln - chelsea son dakika",
2025-09-23T23:01:10.582186,kıskanmak dizisi,10 B+,"kıskanmak dizisi son dakika, kıskanmak dizisi güncel",
2025-09-23T23:01:11.083282,gram altın rekor,10 B+,"gram altın rekor güncel, gram altın rekor son dakika",
2025-09-23T23:01:11.584404,espanyol - valencia,5 B+,"espanyol - valencia son dakika, espanyol - valencia güncel",
2025-09-23T23:01:12.085534,yapı kredi geri ödemesiz 20.000 tl,2 B+,"yapı kredi geri ödemesiz 20.000 tl güncel, yapı kredi geri ödemesiz 20.000 tl son dakika",
2025-09-23T23:01:12.586646,athletic bilbao - girona,5 B+,"athletic bilbao - girona son dakika, athletic bilbao - girona güncel",
2025-09-23T23:01:13.087753,mansur yavaş,10 B+,"mansur yavaş güncel, mansur yavaş son dakika",
2025-09-23T23:01:13.588908,sinema,10 B+,"sinema güncel, sinema son dakika",
2025-09-24T00:01:06.821227,levante - real madrid,100 B+,"levante - real madrid son dakika, levante - real madrid güncel",
2025-09-24T00:01:07.322041,benfica - rio ave,20 B+,"benfica - rio ave son dakika, benfica - rio ave güncel",
2025-09-24T00:01:07.823077,liverpool - southampton,20 B+,"liverpool - southampton güncel, liverpool - southampton son dakika",
2025-09-24T00:01:08.324008,jeddah - al nassr,10 B+,"jeddah - al nassr güncel, jeddah - al nassr son dakika",
2025-09-24T00:01:08.825183,ليفانتي ضد الريال,10 B+,"ليفانتي ضد الريال güncel, ليفانتي ضد الريال son dakika",
2025-09-24T00:01:09.326243,gram altın rekor,10 B+,"gram altın rekor güncel, gram altın rekor son dakika",
2025-09-24T00:01:09.827287,lincoln - chelsea,10 B+,"lincoln - chelsea güncel, lincoln - chelsea son dakika",
2025-09-24T00:01:10.328385,dinamo zagreb,20 B+,"dinamo zagreb son dakika, dinamo zagreb güncel",
2025-09-24T00:01:10.829542,barnsley - brighton,5 B+,"barnsley - brighton son dakika, barnsley - brighton güncel",
2025-09-24T00:01:11.330693,espanyol - valencia,5 B+,"espanyol - valencia son dakika, espanyol - valencia güncel",
2025-09-24T00:01:11.831993,kudüs,2 B+,"kudüs güncel, kudüs son dakika",
2025-09-24T00:01:12.333164,athletic bilbao - girona,5 B+,"athletic bilbao - girona güncel, athletic bilbao - girona son dakika",
2025-09-24T00:01:12.834372,sinema,10 B+,"sinema güncel, sinema son dakika",
2025-09-24T00:01:13.335541,milan - lecce,2 B+,"milan - lecce son dakika, milan - lecce güncel",
2025-09-24T00:01:13.836711,yapı kredi geri ödemesiz 20.000 tl,5 B+,"yapı kredi geri ödemesiz 20.000 tl güncel, yapı kredi geri ödemesiz 20.000 tl son dakika",
2025-09-24T01:01:04.280015,levante - real madrid,100 B+,"levante - real madrid son dakika, levante - real madrid güncel",
2025-09-24T01:01:04.781046,benfica - rio ave,20 B+,"benfica - rio ave güncel, benfica - rio ave son dakika",
2025-09-24T01:01:05.282017,liverpool - southampton,20 B+,"liverpool - southampton güncel, liverpool - southampton son dakika",
2025-09-24T01:01:05.783154,real madrid,20 B+,"real madrid son dakika, real madrid güncel",
2025-09-24T01:01:06.284256,gram altın rekor,10 B+,"gram altın rekor güncel, gram altın rekor son dakika",
2025-09-24T01:01:06.785426,ليفانتي ضد الريال,10 B+,"ليفانتي ضد الريال güncel, ليفانتي ضد الريال son dakika",
2025-09-24T01:01:07.286585,jeddah - al nassr,10 B+,"jeddah - al nassr güncel, jeddah - al nassr son dakika",
2025-09-24T01:01:07.787612,dinamo zagreb,20 B+,"dinamo zagreb son dakika, dinamo zagreb güncel",
2025-09-24T01:01:08.288806,barnsley - brighton,5 B+,"barnsley - brighton güncel, barnsley - brighton son dakika",
2025-09-24T01:01:08.790069,lincoln - chelsea,10 B+,"lincoln - chelsea son dakika, lincoln - chelsea güncel",
2025-09-24T01:01:09.290752,milan - lecce,2 B+,"milan - lecce güncel, milan - lecce son dakika",
2025-09-24T01:01:09.791956,levante vs real madrid,5 B+,"levante vs real madrid güncel, levante vs real madrid son dakika",
2025-09-24T01:01:10.293115,kudüs,2 B+,"kudüs son dakika, kudüs güncel",
2025-09-24T01:01:10.794269,arda güler,5 B+,"arda güler son dakika, arda güler güncel",
2025-09-24T01:01:11.295331,espanyol - valencia,5 B+,"espanyol - valencia son dakika, espanyol - valencia güncel",
2025-09-24T02:01:05.528314,levante - real madrid,200 B+,"levante - real madrid güncel, levante - real madrid son dakika",
2025-09-24T02:01:06.029381,benfica - rio ave,50 B+,"benfica - rio ave son dakika, benfica - rio ave güncel",
2025-09-24T02:01:06.530165,deprem,50 B+,"deprem son dakika, deprem güncel",
2025-09-24T02:01:07.031314,son depremler,20 B+,"son depremler son dakika, son depremler güncel",
2025-09-24T02:01:07.532440,liverpool - southampton,20 B+,"liverpool - southampton güncel, liverpool - southampton son dakika",
2025-09-24T02:01:08.033605,ليفانتي ضد الريال,10 B+,"ليفانتي ضد الريال güncel, ليفانتي ضد الريال son dakika",
2025-09-24T02:01:08.534744,gram altın rekor,10 B+,"gram altın rekor güncel, gram altın rekor son dakika",
2025-09-24T02:01:09.035845,jeddah - al nassr,10 B+,"jeddah - al nassr güncel, jeddah - al nassr son dakika",
2025-09-24T02:01:09.537143,dinamo zagreb,20 B+,"dinamo zagreb son dakika, dinamo zagreb güncel",
2025-09-24T02:01:10.038303,milan - lecce,2 B+,"milan - lecce güncel, milan - lecce son dakika",
2025-09-24T02:01:10.539465,lincoln - chelsea,10 B+,"lincoln - chelsea son dakika, lincoln - chelsea güncel",
2025-09-24T02:01:11.040606,barnsley - brighton,5 B+,"barnsley - brighton son dakika, barnsley - brighton güncel",
2025-09-24T02:01:11.541736,levante vs real madrid,10 B+,"levante vs real madrid son dakika, levante vs real madrid güncel",
2025-09-24T02:01:12.042956,kudüs,5 B+,"kudüs son dakika, kudüs güncel",
2025-09-24T02:01:12.544124,arda güler,5 B+,"arda güler güncel, arda güler son dakika",
2025-09-24T03:01:04.064100,levante - real madrid,200 B+,"levante - real madrid son dakika, levante - real madrid güncel",
2025-09-24T03:01:04.565183,benfica - rio ave,50 B+,"benfica - rio ave güncel, benfica - rio ave son dakika",
2025-09-24T03:01:05.066341,liverpool - southampton,20 B+,"liverpool - southampton son dakika, liverpool - southampton güncel",
2025-09-24T03:01:05.567516,gram altın rekor,10 B+,"gram altın rekor güncel, gram altın rekor son dakika",
2025-09-24T03:01:06.068684,ليفانتي ضد الريال,10 B+,"ليفانتي ضد الريال son dakika, ليفانتي ضد الريال güncel",
2025-09-24T03:01:06.569843,jeddah - al nassr,10 B+,"jeddah - al nassr son dakika, jeddah - al nassr güncel",
2025-09-24T03:01:07.070954,son depremler,50 B+,"son depremler son dakika, son depremler güncel",
2025-09-24T03:01:07.572161,dinamo zagreb,20 B+,"dinamo zagreb güncel, dinamo zagreb son dakika",
2025-09-24T03:01:08.073269,deprem,50 B+,"deprem güncel, deprem son dakika",
2025-09-24T03:01:08.574484,arda güler,10 B+,"arda güler güncel, arda güler son dakika",
2025-09-24T03:01:09.075663,lincoln - chelsea,10 B+,"lincoln - chelsea güncel, lincoln - chelsea son dakika",
2025-09-24T03:01:09.576841,barnsley - brighton,5 B+,"barnsley - brighton güncel, barnsley - brighton son dakika",
2025-09-24T03:01:10.078108,milan - lecce,2 B+,"milan - lecce son dakika, milan - lecce güncel",
2025-09-24T03:01:10.579251,kudüs,5 B+,"kudüs son dakika, kudüs güncel",
2025-09-24T03:01:11.080423,mansur yavaş,10 B+,"mansur yavaş son dakika, mansur yavaş güncel",
2025-09-24T04:01:04.309585,levante - real madrid,100 B+,"levante - real madrid son dakika, levante - real madrid güncel",
2025-09-24T04:01:04.810555,benfica - rio ave,50 B+,"benfica - rio ave son dakika, benfica - rio ave güncel",
2025-09-24T04:01:05.311522,liverpool - southampton,20 B+,"liverpool - southampton güncel, liverpool - southampton son dakika",
2025-09-24T04:01:05.812672,gram altın rekor,10 B+,"gram altın rekor son dakika, gram altın rekor güncel",
2025-09-24T04:01:06.313745,ليفانتي ضد الريال,10 B+,"ليفانتي ضد الريال güncel, ليفانتي ضد الريال son dakika",
2025-09-24T04:01:06.814930,dinamo zagreb,20 B+,"dinamo zagreb güncel, dinamo zagreb son dakika",
2025-09-24T04:01:07.316094,yapı kredi geri ödemesiz 20.000 tl,5 B+,"yapı kredi geri ödemesiz 20.000 tl güncel, yapı kredi geri ödemesiz 20.000 tl son dakika",
2025-09-24T04:01:07.817152,son depremler,50 B+,"son depremler güncel, son depremler son dakika",
2025-09-24T04:01:08.318226,kudüs,5 B+,"kudüs güncel, kudüs son dakika",
2025-09-24T04:01:08.819388,aslıhan malbora,2 B+,"aslıhan malbora güncel, aslıhan malbora son dakika",
2025-09-24T04:01:09.320483,deprem,50 B+,"deprem son dakika, deprem güncel",
2025-09-24T04:01:09.821639,milan - lecce,2 B+,"milan - lecce güncel, milan - lecce son dakika",
2025-09-24T04:01:10.322740,levante vs real madrid,5 B+,"levante vs real madrid son dakika, levante vs real madrid güncel",
2025-09-24T04:01:10.823827,boğaç soydemir ne dedi,5 B+,"boğaç soydemir ne dedi güncel, boğaç soydemir ne dedi son dakika",
2025-09-24T04:01:11.325069,real madrid,20 B+,"real madrid son dakika, real madrid güncel",
2025-09-24T05:01:04.699372,levante - real madrid,100 B+,"levante - real madrid son dakika, levante - real madrid güncel",
2025-09-24T05:01:05.200375,benfica - rio ave,50 B+,"benfica - rio ave güncel, benfica - rio ave son dakika",
2025-09-24T05:01:05.701412,liverpool - southampton,20 B+,"liverpool - southampton son dakika, liverpool - southampton güncel",
2025-09-24T05:01:06.202534,ليفانتي ضد الريال,10 B+,"ليفانتي ضد الريال güncel, ليفانتي ضد الريال son dakika",
2025-09-24T05:01:06.703663,yapı kredi geri ödemesiz 20.000 tl,5 B+,"yapı kredi geri ödemesiz 20.000 tl son dakika, yapı kredi geri ödemesiz 20.000 tl güncel",
2025-09-24T05:01:07.204700,milan - lecce,5 B+,"milan - lecce güncel, milan - lecce son dakika",
2025-09-24T05:01:07.705816,dinamo zagreb,20 B+,"dinamo zagreb güncel, dinamo zagreb son dakika",
2025-09-24T05:01:08.207099,lincoln - chelsea,10 B+,"lincoln - chelsea güncel, lincoln - chelsea son dakika",
2025-09-24T05:01:08.708236,levante vs real madrid,5 B+,"levante vs real madrid son dakika, levante vs real madrid güncel",
2025-09-24T05:01:09.209354,son depremler,50 B+,"son depremler güncel, son depremler son dakika",
2025-09-24T05:01:09.710484,aslıhan malbora,2 B+,"aslıhan malbora son dakika, aslıhan malbora güncel",
2025-09-24T05:01:10.211627,boğaç soydemir ne dedi,5 B+,"boğaç soydemir ne dedi güncel, boğaç soydemir ne dedi son dakika",
2025-09-24T05:01:10.712720,gram altın rekor,10 B+,"gram altın rekor güncel, gram altın rekor son dakika",
2025-09-24T05:01:11.213909,deprem,50 B+,"deprem son dakika, deprem güncel",
2025-09-24T05:01:11.715099,furkan yavuz,1 B+,"furkan yavuz son dakika, furkan yavuz güncel",
2025-09-24T06:01:05.206319,levante - real madrid,200 B+,"levante - real madrid son dakika, levante - real madrid güncel",
2025-09-24T06:01:05.707343,benfica - rio ave,50 B+,"benfica - rio ave güncel, benfica - rio ave son dakika",
2025-09-24T06:01:06.208460,liverpool - southampton,20 B+,"liverpool - southampton güncel, liverpool - southampton son dakika",
2025-09-24T06:01:06.709595,ليفانتي ضد الريال,10 B+,"ليفانتي ضد الريال son dakika, ليفانتي ضد الريال güncel",
2025-09-24T06:01:07.210731,jeddah - al nassr,10 B+,"jeddah - al nassr son dakika, jeddah - al nassr güncel",
2025-09-24T06:01:07.711950,milan - lecce,5 B+,"milan - lecce güncel, milan - lecce son dakika",
2025-09-24T06:01:08.213146,barnsley - brighton,5 B+,"barnsley - brighton güncel, barnsley - brighton son dakika",
2025-09-24T06:01:08.714237,kudüs,5 B+,"kudüs güncel, kudüs son dakika",
2025-09-24T06:01:09.215375,arda güler,10 B+,"arda güler güncel, arda güler son dakika",
2025-09-24T06:01:09.716521,yapı kredi geri ödemesiz 20.000 tl,5 B+,"yapı kredi geri ödemesiz 20.000 tl son dakika, yapı kredi geri ödemesiz 20.000 tl güncel",
2025-09-24T06:01:10.217657,dinamo zagreb,20 B+,"dinamo zagreb son dakika, dinamo zagreb güncel",
2025-09-24T06:01:10.718783,aslıhan malbora,2 B+,"aslıhan malbora son dakika, aslıhan malbora güncel",
2025-09-24T06:01:11.220013,boğaç soydemir ne dedi,5 B+,"boğaç soydemir ne dedi güncel, boğaç soydemir ne dedi son dakika",
2025-09-24T06:01:11.721154,furkan yavuz,1 B+,"furkan yavuz son dakika, furkan yavuz güncel",
2025-09-24T06:01:12.222301,sevilla - villarreal,1 B+,"sevilla - villarreal son dakika, sevilla - villarreal güncel",
2025-09-24T07:01:04.739691,levante - real madrid,200 B+,"levante - real madrid son dakika, levante - real madrid güncel",
2025-09-24T07:01:05.240770,benfica - rio ave,50 B+,"benfica - rio ave güncel, benfica - rio ave son dakika",
2025-09-24T07:01:05.741839,liverpool - southampton,20 B+,"liverpool - southampton güncel, liverpool - southampton son dakika",
2025-09-24T07:01:06.243117,ليفانتي ضد الريال,10 B+,"ليفانتي ضد الريال güncel, ليفانتي ضد الريال son dakika",
2025-09-24T07:01:06.744190,jeddah - al nassr,10 B+,"jeddah - al nassr son dakika, jeddah - al nassr güncel",
2025-09-24T07:01:07.245336,milan - lecce,5 B+,"milan - lecce güncel, milan - lecce son dakika",
2025-09-24T07:01:07.746155,lincoln - chelsea,10 B+,"lincoln - chelsea son dakika, lincoln - chelsea güncel",
2025-09-24T07:01:08.247319,barnsley - brighton,5 B+,"barnsley - brighton güncel, barnsley - brighton son dakika",
2025-09-24T07:01:08.748478,dinamo zagreb,20 B+,"dinamo zagreb güncel, dinamo zagreb son dakika",
2025-09-24T07:01:09.249609,kudüs,5 B+,"kudüs son dakika, kudüs güncel",
2025-09-24T07:01:09.750723,levante vs real madrid,5 B+,"levante vs real madrid son dakika, levante vs real madrid güncel",
2025-09-24T07:01:10.251817,arda güler,10 B+,"arda güler son dakika, arda güler güncel",
2025-09-24T07:01:10.753114,aslıhan malbora,2 B+,"aslıhan malbora güncel, aslıhan malbora son dakika",
2025-09-24T07:01:11.254275,mansur yavaş,10 B+,"mansur yavaş güncel, mansur yavaş son dakika",
2025-09-24T07:01:11.755432,athletic bilbao - girona,5 B+,"athletic bilbao - girona son dakika, athletic bilbao - girona güncel",
2025-09-24T08:01:04.681985,levante - real madrid,200 B+,"levante - real madrid güncel, levante - real madrid son dakika",
2025-09-24T08:01:05.183005,benfica - rio ave,50 B+,"benfica - rio ave son dakika, benfica - rio ave güncel",
2025-09-24T08:01:05.684058,liverpool - southampton,20 B+,"liverpool - southampton son dakika, liverpool - southampton güncel",
2025-09-24T08:01:06.185126,jeddah - al nassr,10 B+,"jeddah - al nassr güncel, jeddah - al nassr son dakika",
2025-09-24T08:01:06.686150,ليفانتي ضد الريال,10 B+,"ليفانتي ضد الريال son dakika, ليفانتي ضد الريال güncel",
2025-09-24T08:01:07.187209,dinamo zagreb,20 B+,"dinamo zagreb güncel, dinamo zagreb son dakika",
2025-09-24T08:01:07.688280,milan - lecce,5 B+,"milan - lecce güncel, milan - lecce son dakika",
2025-09-24T08:01:08.189360,lincoln - chelsea,10 B+,"lincoln - chelsea son dakika, lincoln - chelsea güncel",
2025-09-24T08:01:08.690453,kudüs,5 B+,"kudüs güncel, kudüs son dakika",
2025-09-24T08:01:09.191528,barnsley - brighton,5 B+,"barnsley - brighton son dakika, barnsley - brighton güncel",
2025-09-24T08:01:09.692453,benfica,10 B+,"benfica son dakika, benfica güncel",
2025-09-24T08:01:10.193398,arda güler,10 B+,"arda güler son dakika, arda güler güncel",
2025-09-24T08:01:10.694414,levante vs real madrid,10 B+,"levante vs real madrid son dakika, levante vs real madrid güncel",
2025-09-24T08:01:11.195534,aslıhan malbora,2 B+,"aslıhan malbora son dakika, aslıhan malbora güncel",
2025-09-24T08:01:11.696640,boğaç soydemir ne dedi,5 B+,"boğaç soydemir ne dedi güncel, boğaç soydemir ne dedi son dakika",
2025-09-24T09:01:04.089164,levante - real madrid,200 B+,"levante - real madrid güncel, levante - real madrid son dakika",
2025-09-24T09:01:04.590148,benfica - rio ave,50 B+,"benfica - rio ave güncel, benfica - rio ave son dakika",
2025-09-24T09:01:05.091293,liverpool - southampton,20 B+,"liverpool - southampton güncel, liverpool - southampton son dakika",
2025-09-24T09:01:05.592372,dinamo zagreb,20 B+,"dinamo zagreb güncel, dinamo zagreb son dakika",
2025-09-24T09:01:06.093424,jeddah - al nassr,10 B+,"jeddah - al nassr güncel, jeddah - al nassr son dakika",
2025-09-24T09:01:06.594584,ليفانتي ضد الريال,10 B+,"ليفانتي ضد الريال güncel, ليفانتي ضد الريال son dakika",
2025-09-24T09:01:07.095742,kudüs,5 B+,"kudüs güncel, kudüs son dakika",
2025-09-24T09:01:07.596795,gram altın rekor,10 B+,"gram altın rekor güncel, gram altın rekor son dakika",
2025-09-24T09:01:08.098013,aslıhan malbora,2 B+,"aslıhan malbora son dakika, aslıhan malbora güncel",
2025-09-24T09:01:08.599174,lincoln - chelsea,10 B+,"lincoln - chelsea son dakika, lincoln - chelsea güncel",
2025-09-24T09:01:09.099894,benfica,10 B+,"benfica güncel, benfica son dakika",
2025-09-24T09:01:09.601124,milan - lecce,5 B+,"milan - lecce güncel, milan - lecce son dakika",
2025-09-24T09:01:10.102260,barnsley - brighton,5 B+,"barnsley - brighton güncel, barnsley - brighton son dakika",
2025-09-24T09:01:10.603426,arda güler,10 B+,"arda güler güncel, arda güler son dakika",
2025-09-24T09:01:11.104560,mansur yavaş,10 B+,"mansur yavaş güncel, mansur yavaş son dakika",
2025-09-24T10:01:04.849225,levante - real madrid,200 B+,"levante - real madrid güncel, levante - real madrid son dakika",
2025-09-24T10:01:05.350311,benfica - rio ave,50 B+,"benfica - rio ave son dakika, benfica - rio ave güncel",
2025-09-24T10:01:05.851063,liverpool - southampton,20 B+,"liverpool - southampton güncel, liverpool - southampton son dakika",
2025-09-24T10:01:06.352132,dinamo zagreb,20 B+,"dinamo zagreb güncel, dinamo zagreb son dakika",
2025-09-24T10:01:06.853218,gram altın rekor,20 B+,"gram altın rekor son dakika, gram altın rekor güncel",
2025-09-24T10:01:07.354382,ليفانتي ضد الريال,10 B+,"ليفانتي ضد الريال son dakika, ليفانتي ضد الريال güncel",
2025-09-24T10:01:07.855545,kudüs,5 B+,"kudüs güncel, kudüs son dakika",
2025-09-24T10:01:08.356583,aslıhan malbora,2 B+,"aslıhan malbora güncel, aslıhan malbora son dakika",
2025-09-24T10:01:08.857698,jeddah - al nassr,10 B+,"jeddah - al nassr son dakika, jeddah - al nassr güncel",
2025-09-24T10:01:09.358828,bahar,10 B+,"bahar son dakika, bahar güncel",
2025-09-24T10:01:09.859343,milan - lecce,5 B+,"milan - lecce güncel, milan - lecce son dakika",
2025-09-24T10:01:10.360473,lincoln - chelsea,10 B+,"lincoln - chelsea son dakika, lincoln - chelsea güncel",
2025-09-24T10:01:10.861592,barnsley - brighton,5 B+,"barnsley - brighton güncel, barnsley - brighton son dakika",
2025-09-24T10:01:11.362713,boğaç soydemir ne dedi,2 B+,"boğaç soydemir ne dedi güncel, boğaç soydemir ne dedi son dakika",
2025-09-24T10:01:11.863819,claudia cardinale,1 B+,"claudia cardinale güncel, claudia cardinale son dakika",
2025-09-24T11:01:04.938202,levante - real madrid,200 B+,"levante - real madrid güncel, levante - real madrid son dakika",
2025-09-24T11:01:05.439339,benfica - rio ave,50 B+,"benfica - rio ave güncel, benfica - rio ave son dakika",
2025-09-24T11:01:05.940504,liverpool - southampton,20 B+,"liverpool - southampton son dakika, liverpool - southampton güncel",
2025-09-24T11:01:06.441716,dinamo zagreb,20 B+,"dinamo zagreb son dakika, dinamo zagreb güncel",
2025-09-24T11:01:06.942961,gram altın rekor,20 B+,"gram altın rekor güncel, gram altın rekor son dakika",
2025-09-24T11:01:07.444132,kudüs,5 B+,"kudüs güncel, kudüs son dakika",
2025-09-24T11:01:07.945315,ليفانتي ضد الريال,10 B+,"ليفانتي ضد الريال güncel, ليفانتي ضد الريال son dakika",
2025-09-24T11:01:08.446478,jeddah - al nassr,10 B+,"jeddah - al nassr güncel, jeddah - al nassr son dakika",
2025-09-24T11:01:08.947650,bahar son bölüm,10 B+,"bahar son bölüm güncel, bahar son bölüm son dakika",
2025-09-24T11:01:09.448596,aslıhan malbora,5 B+,"aslıhan malbora son dakika, aslıhan malbora güncel",
2025-09-24T11:01:09.949685,claudia cardinale,2 B+,"claudia cardinale son dakika, claudia cardinale güncel",
2025-09-24T11:01:10.450800,boğaç soydemir ne dedi,5 B+,"boğaç soydemir ne dedi son dakika, boğaç soydemir ne dedi güncel",
2025-09-24T11:01:10.952059,milan - lecce,5 B+,"milan - lecce güncel, milan - lecce son dakika",
2025-09-24T11:01:11.453155,atv canlı yayın izle 2025,1 B+,"atv canlı yayın izle 2025 güncel, atv canlı yayın izle 2025 son dakika",
2025-09-24T11:01:11.954214,furkan yavuz,2 B+,"furkan yavuz son dakika, furkan yavuz güncel",
2025-09-24T12:01:05.441562,levante - real madrid,200 B+,"levante - real madrid son dakika, levante - real madrid güncel",
2025-09-24T12:01:05.942692,benfica - rio ave,50 B+,"benfica - rio ave güncel, benfica - rio ave son dakika",
2025-09-24T12:01:06.443728,dinamo zagreb,50 B+,"dinamo zagreb güncel, dinamo zagreb son dakika",
2025-09-24T12:01:06.944919,liverpool - southampton,20 B+,"liverpool - southampton güncel, liverpool - southampton son dakika",
2025-09-24T12:01:07.446091,kudüs,5 B+,"kudüs son dakika, kudüs güncel",
2025-09-24T12:01:07.947271,gram altın rekor,20 B+,"gram altın rekor son dakika, gram altın rekor güncel",
2025-09-24T12:01:08.448431,aslıhan malbora,5 B+,"aslıhan malbora son dakika, aslıhan malbora güncel",
2025-09-24T12:01:08.949509,ليفانتي ضد الريال,10 B+,"ليفانتي ضد الريال güncel, ليفانتي ضد الريال son dakika",
2025-09-24T12:01:09.450453,bahar son bölüm,20 B+,"bahar son bölüm güncel, bahar son bölüm son dakika",
2025-09-24T12:01:09.951583,ajet,2 B+,"ajet güncel, ajet son dakika",
2025-09-24T12:01:10.452742,claudia cardinale,2 B+,"claudia cardinale son dakika, claudia cardinale güncel",
2025-09-24T12:01:10.953349,furkan yavuz,2 B+,"furkan yavuz güncel, furkan yavuz son dakika",
2025-09-24T12:01:11.454482,atv canlı yayın izle 2025,2 B+,"atv canlı yayın izle 2025 güncel, atv canlı yayın izle 2025 son dakika",
2025-09-24T12:01:11.955654,boğaç soydemir ne dedi,5 B+,"boğaç soydemir ne dedi son dakika, boğaç soydemir ne dedi güncel",
2025-09-24T12:01:12.456818,kral kaybederse son bölüm,5 B+,"kral kaybederse son bölüm güncel, kral kaybederse son bölüm son dakika",
2025-09-24T13:01:04.591370,levante - real madrid,200 B+,"levante - real madrid güncel, levante - real madrid son dakika",
2025-09-24T13:01:05.092351,benfica - rio ave,50 B+,"benfica - rio ave güncel, benfica - rio ave son dakika",
2025-09-24T13:01:05.593353,dinamo zagreb,50 B+,"dinamo zagreb güncel, dinamo zagreb son dakika",
2025-09-24T13:01:06.093979,liverpool - southampton,20 B+,"liverpool - southampton güncel, liverpool - southampton son dakika",
2025-09-24T13:01:06.594250,kudüs,5 B+,"kudüs güncel, kudüs son dakika",
2025-09-24T13:01:07.095291,ليفانتي ضد الريال,10 B+,"ليفانتي ضد الريال son dakika, ليفانتي ضد الريال güncel",
2025-09-24T13:01:07.596434,bahar son bölüm,20 B+,"bahar son bölüm güncel, bahar son bölüm son dakika",
2025-09-24T13:01:08.097605,aslıhan malbora,5 B+,"aslıhan malbora güncel, aslıhan malbora son dakika",
2025-09-24T13:01:08.598772,gram altın rekor,20 B+,"gram altın rekor güncel, gram altın rekor son dakika",
2025-09-24T13:01:09.099911,ajet,5 B+,"ajet son dakika, ajet güncel",
2025-09-24T13:01:09.601114,claudia cardinale,2 B+,"claudia cardinale son dakika, claudia cardinale güncel",
2025-09-24T13:01:10.102283,boğaç soydemir ne dedi,5 B+,"boğaç soydemir ne dedi güncel, boğaç soydemir ne dedi son dakika",
2025-09-24T13:01:10.603437,furkan yavuz,2 B+,"furkan yavuz son dakika, furkan yavuz güncel",
2025-09-24T13:01:11.104600,kral kaybederse son bölüm,5 B+,"kral kaybederse son bölüm son dakika, kral kaybederse son bölüm güncel",
2025-09-24T13:01:11.605713,aydınlı hazır giyim,500+,"aydınlı hazır giyim güncel, aydınlı hazır giyim son dakika",
2025-09-24T14:01:04.939249,levante - real madrid,200 B+,"levante - real madrid güncel, levante - real madrid son dakika",
2025-09-24T14:01:05.440265,benfica - rio ave,50 B+,"benfica - rio ave son dakika, benfica - rio ave güncel",
2025-09-24T14:01:05.941230,dinamo zagreb,20 B+,"dinamo zagreb son dakika, dinamo zagreb güncel",
2025-09-24T14:01:06.442320,kudüs,5 B+,"kudüs güncel, kudüs son dakika",
2025-09-24T14:01:06.943345,bahar son bölüm,20 B+,"bahar son bölüm son dakika, bahar son bölüm güncel",
2025-09-24T14:01:07.444371,ajet,5 B+,"ajet son dakika, ajet güncel",
2025-09-24T14:01:07.945411,aslıhan malbora,5 B+,"aslıhan malbora son dakika, aslıhan malbora güncel",
2025-09-24T14:01:08.446455,gram altın rekor,20 B+,"gram altın rekor güncel, gram altın rekor son dakika",
2025-09-24T14:01:08.947594,claudia cardinale,2 B+,"claudia cardinale son dakika, claudia cardinale güncel",
2025-09-24T14:01:09.448738,bilbao,2 B+,"bilbao güncel, bilbao son dakika",
2025-09-24T14:01:09.949972,boğaç soydemir ne dedi,5 B+,"boğaç soydemir ne dedi güncel, boğaç soydemir ne dedi son dakika",
2025-09-24T14:01:10.451142,kral kaybederse son bölüm,5 B+,"kral kaybederse son bölüm güncel, kral kaybederse son bölüm son dakika",
2025-09-24T14:01:10.952232,furkan yavuz,2 B+,"furkan yavuz güncel, furkan yavuz son dakika",
2025-09-24T14:01:11.453369,liverpool - southampton,20 B+,"liverpool - southampton güncel, liverpool - southampton son dakika",
2025-09-24T14:01:11.954518,meloni,1 B+,"meloni son dakika, meloni güncel",
2025-09-24T15:01:05.306182,levante - real madrid,200 B+,"levante - real madrid son dakika, levante - real madrid güncel",
2025-09-24T15:01:05.807205,benfica - rio ave,50 B+,"benfica - rio ave son dakika, benfica - rio ave güncel",
2025-09-24T15:01:06.308215,dinamo zagreb,20 B+,"dinamo zagreb güncel, dinamo zagreb son dakika",
2025-09-24T15:01:06.809308,kudüs,10 B+,"kudüs son dakika, kudüs güncel",
2025-09-24T15:01:07.310320,ajet,10 B+,"ajet güncel, ajet son dakika",
2025-09-24T15:01:07.811466,aslıhan malbora,5 B+,"aslıhan malbora son dakika, aslıhan malbora güncel",
2025-09-24T15:01:08.312624,trevor clevenot,5 B+,"trevor clevenot son dakika, trevor clevenot güncel",
2025-09-24T15:01:08.813750,bandırmaspor - manisa fk,2 B+,"bandırmaspor - manisa fk güncel, bandırmaspor - manisa fk son dakika",
2025-09-24T15:01:09.314961,claudia cardinale,2 B+,"claudia cardinale son dakika, claudia cardinale güncel",
2025-09-24T15:01:09.816154,kral kaybederse son bölüm,5 B+,"kral kaybederse son bölüm son dakika, kral kaybederse son bölüm güncel",
2025-09-24T15:01:10.317248,furkan yavuz,2 B+,"furkan yavuz güncel, furkan yavuz son dakika",
2025-09-24T15:01:10.818398,bilbao,5 B+,"bilbao son dakika, bilbao güncel",
2025-09-24T15:01:11.319458,boğaç soydemir ne dedi,5 B+,"boğaç soydemir ne dedi güncel, boğaç soydemir ne dedi son dakika",
2025-09-24T15:01:11.820594,meloni,2 B+,"meloni son dakika, meloni güncel",
2025-09-24T15:01:12.321756,zeki müren,1 B+,"zeki müren son dakika, zeki müren güncel",
2025-09-24T16:01:04.676624,levante - real madrid,200 B+,"levante - real madrid güncel, levante - real madrid son dakika",
2025-09-24T16:01:05.177339,benfica - rio ave,50 B+,"benfica - rio ave güncel, benfica - rio ave son dakika",
2025-09-24T16:01:05.678387,dinamo zagreb,50 B+,"dinamo zagreb güncel, dinamo zagreb son dakika",
2025-09-24T16:01:06.179345,bandırmaspor - manisa fk,5 B+,"bandırmaspor - manisa fk son dakika, bandırmaspor - manisa fk güncel",
2025-09-24T16:01:06.680448,kudüs,10 B+,"kudüs güncel, kudüs son dakika",
2025-09-24T16:01:07.181610,trevor clevenot,5 B+,"trevor clevenot son dakika, trevor clevenot güncel",
2025-09-24T16:01:07.682771,ajet,10 B+,"ajet güncel, ajet son dakika",
2025-09-24T16:01:08.184086,aslıhan malbora,5 B+,"aslıhan malbora son dakika, aslıhan malbora güncel",
2025-09-24T16:01:08.685122,türkiye polonya voleybol,2 B+,"türkiye polonya voleybol son dakika, türkiye polonya voleybol güncel",
2025-09-24T16:01:09.186171,claudia cardinale,2 B+,"claudia cardinale son dakika, claudia cardinale güncel",
2025-09-24T16:01:09.687238,kral kaybederse son bölüm,5 B+,"kral kaybederse son bölüm son dakika, kral kaybederse son bölüm güncel",
2025-09-24T16:01:10.188315,boğaç soydemir ne dedi,5 B+,"boğaç soydemir ne dedi güncel, boğaç soydemir ne dedi son dakika",
2025-09-24T16:01:10.689387,furkan yavuz,2 B+,"furkan yavuz son dakika, furkan yavuz güncel",
2025-09-24T16:01:11.190469,aydınlı hazır giyim tmsf,1 B+,"aydınlı hazır giyim tmsf güncel, aydınlı hazır giyim tmsf son dakika",
2025-09-24T16:01:11.691553,bilbao,5 B+,"bilbao son dakika, bilbao güncel",
2025-09-24T17:01:04.844267,levante - real madrid,200 B+,"levante - real madrid son dakika, levante - real madrid güncel",
2025-09-24T17:01:05.345387,benfica - rio ave,50 B+,"benfica - rio ave son dakika, benfica - rio ave güncel",
2025-09-24T17:01:05.846515,ösym,10 B+,"ösym güncel, ösym son dakika",
2025-09-24T17:01:06.347343,bandırmaspor - manisa fk,5 B+,"bandırmaspor - manisa fk son dakika, bandırmaspor - manisa fk güncel",
2025-09-24T17:01:06.848511,erzurumspor - keçiörengücü,2 B+,"erzurumspor - keçiörengücü son dakika, erzurumspor - keçiörengücü güncel",
2025-09-24T17:01:07.349663,kudüs,10 B+,"kudüs güncel, kudüs son dakika",
2025-09-24T17:01:07.850818,türkiye polonya voleybol,5 B+,"türkiye polonya voleybol güncel, türkiye polonya voleybol son dakika",
2025-09-24T17:01:08.352002,trevor clevenot,5 B+,"trevor clevenot güncel, trevor clevenot son dakika",
2025-09-24T17:01:08.853137,ajet,10 B+,"ajet güncel, ajet son dakika",
2025-09-24T17:01:09.353879,dinamo zagreb fenerbahçe hangi kanalda,20 B+,"dinamo zagreb fenerbahçe hangi kanalda güncel, dinamo zagreb fenerbahçe hangi kanalda son dakika",
2025-09-24T17:01:09.855049,aslıhan malbora,5 B+,"aslıhan malbora güncel, aslıhan malbora son dakika",
2025-09-24T17:01:10.356164,claudia cardinale,2 B+,"claudia cardinale son dakika, claudia cardinale güncel",
2025-09-24T17:01:10.857278,kral kaybederse son bölüm,5 B+,"kral kaybederse son bölüm son dakika, kral kaybederse son bölüm güncel",
2025-09-24T17:01:11.358392,boğaç soydemir ne dedi,5 B+,"boğaç soydemir ne dedi son dakika, boğaç soydemir ne dedi güncel",
2025-09-24T17:01:11.859494,aydınlı hazır giyim tmsf,2 B+,"aydınlı hazır giyim tmsf güncel, aydınlı hazır giyim tmsf son dakika",
2025-09-24T18:01:04.787614,levante - real madrid,200 B+,"levante - real madrid son dakika, levante - real madrid güncel",
2025-09-24T18:01:05.288615,benfica - rio ave,50 B+,"benfica - rio ave güncel, benfica - rio ave son dakika",
2025-09-24T18:01:05.789703,ösym,20 B+,"ösym güncel, ösym son dakika",
2025-09-24T18:01:06.290784,erzurumspor - keçiörengücü,10 B+,"erzurumspor - keçiörengücü güncel, erzurumspor - keçiörengücü son dakika",
2025-09-24T18:01:06.791975,dinamo zagreb fenerbahçe hangi kanalda,20 B+,"dinamo zagreb fenerbahçe hangi kanalda son dakika, dinamo zagreb fenerbahçe hangi kanalda güncel",
2025-09-24T18:01:07.293117,kudüs,10 B+,"kudüs son dakika, kudüs güncel",
2025-09-24T18:01:07.794295,türkiye polonya voleybol,10 B+,"türkiye polonya voleybol güncel, türkiye polonya voleybol son dakika",
2025-09-24T18:01:08.295386,bandırmaspor - manisa fk,5 B+,"bandırmaspor - manisa fk son dakika, bandırmaspor - manisa fk güncel",
2025-09-24T18:01:08.796538,trevor clevenot,5 B+,"trevor clevenot son dakika, trevor clevenot güncel",
2025-09-24T18:01:09.297645,aslıhan malbora,5 B+,"aslıhan malbora son dakika, aslıhan malbora güncel",
2025-09-24T18:01:09.798800,ajet,10 B+,"ajet güncel, ajet son dakika",
2025-09-24T18:01:10.300089,claudia cardinale,5 B+,"claudia cardinale güncel, claudia cardinale son dakika",
2025-09-24T18:01:10.801068,kral kaybederse son bölüm,5 B+,"kral kaybederse son bölüm son dakika, kral kaybederse son bölüm güncel",
2025-09-24T18:01:11.302226,özlem erkan kimdir,5 B+,"özlem erkan kimdir güncel, özlem erkan kimdir son dakika",
2025-09-24T18:01:11.803392,adamlar,1 B+,"adamlar güncel, adamlar son dakika",
2025-09-24T19:01:04.869284,levante - real madrid,200 B+,"levante - real madrid güncel, levante - real madrid son dakika",
2025-09-24T19:01:05.370182,ösym,20 B+,"ösym son dakika, ösym güncel",
2025-09-24T19:01:05.871357,benfica - rio ave,50 B+,"benfica - rio ave güncel, benfica - rio ave son dakika",
2025-09-24T19:01:06.372256,erzurumspor - keçiörengücü,10 B+,"erzurumspor - keçiörengücü güncel, erzurumspor - keçiörengücü son dakika",
2025-09-24T19:01:06.873399,fenerbahçe maçı hangi kanalda,20 B+,"fenerbahçe maçı hangi kanalda son dakika, fenerbahçe maçı hangi kanalda güncel",
2025-09-24T19:01:07.374480,bandırmaspor - manisa fk,5 B+,"bandırmaspor - manisa fk son dakika, bandırmaspor - manisa fk güncel",
2025-09-24T19:01:07.875643,kudüs,10 B+,"kudüs güncel, kudüs son dakika",
2025-09-24T19:01:08.376692,trevor clevenot,5 B+,"trevor clevenot güncel, trevor clevenot son dakika",
2025-09-24T19:01:08.877983,ajet,10 B+,"ajet son dakika, ajet güncel",
2025-09-24T19:01:09.378676,aslıhan malbora,5 B+,"aslıhan malbora son dakika, aslıhan malbora güncel",
2025-09-24T19:01:09.879795,claudia cardinale,5 B+,"claudia cardinale son dakika, claudia cardinale güncel",
2025-09-24T19:01:10.380798,adamlar,2 B+,"adamlar son dakika, adamlar güncel",
2025-09-24T19:01:10.881992,türkiye polonya voleybol,10 B+,"türkiye polonya voleybol güncel, türkiye polonya voleybol son dakika",
2025-09-24T19:01:11.383113,xiaomi 15t pro,2 B+,"xiaomi 15t pro güncel, xiaomi 15t pro son dakika",
2025-09-24T19:01:11.884175,kral kaybederse son bölüm,5 B+,"kral kaybederse son bölüm son dakika, kral kaybederse son bölüm güncel",
2025-09-24T20:01:04.376396,kayserispor - beşiktaş,50 B+,"kayserispor - beşiktaş son dakika, kayserispor - beşiktaş güncel",
2025-09-24T20:01:04.877374,levante - real madrid,200 B+,"levante - real madrid son dakika, levante - real madrid güncel",
2025-09-24T20:01:05.378477,benfica - rio ave,50 B+,"benfica - rio ave son dakika, benfica - rio ave güncel",
2025-09-24T20:01:05.879466,ösym,50 B+,"ösym güncel, ösym son dakika",
2025-09-24T20:01:06.380563,fenerbahçe maçı hangi kanalda,20 B+,"fenerbahçe maçı hangi kanalda güncel, fenerbahçe maçı hangi kanalda son dakika",
2025-09-24T20:01:06.881696,erzurumspor - keçiörengücü,20 B+,"erzurumspor - keçiörengücü güncel, erzurumspor - keçiörengücü son dakika",
2025-09-24T20:01:07.382911,fenerbahçe beko,5 B+,"fenerbahçe beko güncel, fenerbahçe beko son dakika",
2025-09-24T20:01:07.884013,bandırmaspor - manisa fk,10 B+,"bandırmaspor - manisa fk güncel, bandırmaspor - manisa fk son dakika",
2025-09-24T20:01:08.385170,trevor clevenot,10 B+,"trevor clevenot son dakika, trevor clevenot güncel",
2025-09-24T20:01:08.885931,claudia cardinale,5 B+,"claudia cardinale son dakika, claudia cardinale güncel",
2025-09-24T20:01:09.387113,xiaomi 15t pro,2 B+,"xiaomi 15t pro güncel, xiaomi 15t pro son dakika",
2025-09-24T20:01:09.888274,ajet,10 B+,"ajet güncel, ajet son dakika",
2025-09-24T20:01:10.389436,aslıhan malbora,5 B+,"aslıhan malbora son dakika, aslıhan malbora güncel",
2025-09-24T20:01:10.890450,adamlar,2 B+,"adamlar son dakika, adamlar güncel",
2025-09-24T20:01:11.391595,kral kaybederse son bölüm,10 B+,"kral kaybederse son bölüm güncel, kral kaybederse son bölüm son dakika",
2025-09-24T21:01:04.379564,kayserispor - beşiktaş,200 B+,"kayserispor - beşiktaş son dakika, kayserispor - beşiktaş güncel",
2025-09-24T21:01:04.880524,levante - real madrid,200 B+,"levante - real madrid güncel, levante - real madrid son dakika",
2025-09-24T21:01:05.381593,fenerbahçe - beşiktaş,50 B+,"fenerbahçe - beşiktaş son dakika, fenerbahçe - beşiktaş güncel",
2025-09-24T21:01:05.882691,fenerbahçe maçı hangi kanalda,50 B+,"fenerbahçe maçı hangi kanalda son dakika, fenerbahçe maçı hangi kanalda güncel",
2025-09-24T21:01:06.383745,benfica - rio ave,50 B+,"benfica - rio ave son dakika, benfica - rio ave güncel",
2025-09-24T21:01:06.884919,ösym,50 B+,"ösym son dakika, ösym güncel",
2025-09-24T21:01:07.386025,bodrumspor - vanspor,10 B+,"bodrumspor - vanspor son dakika, bodrumspor - vanspor güncel",
2025-09-24T21:01:07.887117,kanal d canlı,20 B+,"kanal d canlı son dakika, kanal d canlı güncel",
2025-09-24T21:01:08.388183,kanal d,10 B+,"kanal d güncel, kanal d son dakika",
2025-09-24T21:01:08.888976,erzurumspor - keçiörengücü,20 B+,"erzurumspor - keçiörengücü son dakika, erzurumspor - keçiörengücü güncel",
2025-09-24T21:01:09.390105,aslıhan malbora,5 B+,"aslıhan malbora güncel, aslıhan malbora son dakika",
2025-09-24T21:01:09.891199,trevor clevenot,10 B+,"trevor clevenot son dakika, trevor clevenot güncel",
2025-09-24T21:01:10.392092,xiaomi 15t pro,2 B+,"xiaomi 15t pro son dakika, xiaomi 15t pro güncel",
2025-09-24T21:01:10.893178,claudia cardinale,5 B+,"claudia cardinale güncel, claudia cardinale son dakika",
2025-09-24T21:01:11.394159,kral kaybederse son bölüm,10 B+,"kral kaybederse son bölüm güncel, kral kaybederse son bölüm son dakika",
2025-09-24T22:01:05.337969,kayserispor - beşiktaş,500 B+,"kayserispor - beşiktaş güncel, kayserispor - beşiktaş son dakika",
2025-09-24T22:01:05.838773,fenerbahçe maçı hangi kanalda,100 B+,"fenerbahçe maçı hangi kanalda son dakika, fenerbahçe maçı hangi kanalda güncel",
2025-09-24T22:01:06.339772,fenerbahçe - beşiktaş,50 B+,"fenerbahçe - beşiktaş son dakika, fenerbahçe - beşiktaş güncel",
2025-09-24T22:01:06.841067,kanal d canlı,100 B+,"kanal d canlı güncel, kanal d canlı son dakika",
2025-09-24T22:01:07.342180,kanal d,20 B+,"kanal d güncel, kanal d son dakika",
2025-09-24T22:01:07.843343,ek tercih kılavuzu 2025,50 B+,"ek tercih kılavuzu 2025 güncel, ek tercih kılavuzu 2025 son dakika",
2025-09-24T22:01:08.344478,bodrumspor - vanspor,10 B+,"bodrumspor - vanspor güncel, bodrumspor - vanspor son dakika",
2025-09-24T22:01:08.844994,eşref rüya canlı izle,10 B+,"eşref rüya canlı izle son dakika, eşref rüya canlı izle güncel",
2025-09-24T22:01:09.346076,erzurumspor - keçiörengücü,20 B+,"erzurumspor - keçiörengücü son dakika, erzurumspor - keçiörengücü güncel",
2025-09-24T22:01:09.847235,erokspor - istanbulspor,5 B+,"erokspor - istanbulspor güncel, erokspor - istanbulspor son dakika",
2025-09-24T22:01:10.348401,port vale - arsenal,2 B+,"port vale - arsenal güncel, port vale - arsenal son dakika",
2025-09-24T22:01:10.849577,aslıhan malbora,10 B+,"aslıhan malbora güncel, aslıhan malbora son dakika",
2025-09-24T22:01:11.350758,kanal d canlı yayın,5 B+,"kanal d canlı yayın güncel, kanal d canlı yayın son dakika",
2025-09-24T22:01:11.851925,kral kaybederse son bölüm,10 B+,"kral kaybederse son bölüm son dakika, kral kaybederse son bölüm güncel",
2025-09-24T22:01:12.353044,xiaomi 15t pro,5 B+,"xiaomi 15t pro güncel, xiaomi 15t pro son dakika",
2025-09-24T23:01:04.178327,trt1 canlı,500 B+,"trt1 canlı güncel, trt1 canlı son dakika",
2025-09-24T23:01:04.679404,kayserispor - beşiktaş,500 B+,"kayserispor - beşiktaş son dakika, kayserispor - beşiktaş güncel",
2025-09-24T23:01:05.180579,fenerbahçe - beşiktaş,100 B+,"fenerbahçe - beşiktaş son dakika, fenerbahçe - beşiktaş güncel",
2025-09-24T23:01:05.681162,kanal d canlı,100 B+,"kanal d canlı son dakika, kanal d canlı güncel",
2025-09-24T23:01:06.182319,huddersfield town - manchester city,10 B+,"huddersfield town - manchester city güncel, huddersfield town - manchester city son dakika",
2025-09-24T23:01:06.683465,ek tercih kılavuzu 2025,50 B+,"ek tercih kılavuzu 2025 son dakika, ek tercih kılavuzu 2025 güncel",
2025-09-24T23:01:07.184610,port vale - arsenal,5 B+,"port vale - arsenal güncel, port vale - arsenal son dakika",
2025-09-24T23:01:07.685246,kanald canli izle,20 B+,"kanald canli izle son dakika, kanald canli izle güncel",
2025-09-24T23:01:08.186301,bodrumspor - vanspor,10 B+,"bodrumspor - vanspor son dakika, bodrumspor - vanspor güncel",
2025-09-24T23:01:08.687217,berat luş,10 B+,"berat luş güncel, berat luş son dakika",
2025-09-24T23:01:09.188276,trt 1 yayın akışı,20 B+,"trt 1 yayın akışı güncel, trt 1 yayın akışı son dakika",
2025-09-24T23:01:09.689356,tottenham - doncaster,2 B+,"tottenham - doncaster son dakika, tottenham - doncaster güncel",
2025-09-24T23:01:10.190406,star tv canlı sahipsizler,10 B+,"star tv canlı sahipsizler güncel, star tv canlı sahipsizler son dakika",
2025-09-24T23:01:10.691495,braga - feyenoord,2 B+,"braga - feyenoord son dakika, braga - feyenoord güncel",
2025-09-24T23:01:11.192591,xiaomi 15t pro,5 B+,"xiaomi 15t pro son dakika, xiaomi 15t pro güncel",
2025-09-25T00:01:07.387670,trt1 canlı,500 B+,"trt1 canlı güncel, trt1 canlı son dakika",
2025-09-25T00:01:07.888772,kayserispor - beşiktaş,500 B+,"kayserispor - beşiktaş son dakika, kayserispor - beşiktaş güncel",
2025-09-25T00:01:08.389901,fenerbahçe - beşiktaş,100 B+,"fenerbahçe - beşiktaş güncel, fenerbahçe - beşiktaş son dakika",
2025-09-25T00:01:08.890070,eşref rüya 15 bölüm full izle,200 B+,"eşref rüya 15 bölüm full izle son dakika, eşref rüya 15 bölüm full izle güncel",
2025-09-25T00:01:09.391196,huddersfield town - manchester city,10 B+,"huddersfield town - manchester city güncel, huddersfield town - manchester city son dakika",
2025-09-25T00:01:09.892376,ek tercih kılavuzu 2025,50 B+,"ek tercih kılavuzu 2025 güncel, ek tercih kılavuzu 2025 son dakika",
2025-09-25T00:01:10.393539,bodrumspor - vanspor,20 B+,"bodrumspor - vanspor güncel, bodrumspor - vanspor son dakika",
2025-09-25T00:01:10.894652,erzurumspor - keçiörengücü,20 B+,"erzurumspor - keçiörengücü güncel, erzurumspor - keçiörengücü son dakika",
2025-09-25T00:01:11.395345,erokspor - istanbulspor,10 B+,"erokspor - istanbulspor son dakika, erokspor - istanbulspor güncel",
2025-09-25T00:01:11.896509,port vale - arsenal,5 B+,"port vale - arsenal güncel, port vale - arsenal son dakika",
2025-09-25T00:01:12.397662,braga - feyenoord,5 B+,"braga - feyenoord güncel, braga - feyenoord son dakika",
2025-09-25T00:01:12.898822,atletico madrid - rayo vallecano,5 B+,"atletico madrid - rayo vallecano son dakika, atletico madrid - rayo vallecano güncel",
2025-09-25T00:01:13.400097,kanald canli izle,20 B+,"kanald canli izle son dakika, kanald canli izle güncel",
2025-09-25T00:01:13.901248,xiaomi 15t pro,5 B+,"xiaomi 15t pro güncel, xiaomi 15t pro son dakika",
2025-09-25T00:01:14.402390,tottenham - doncaster,5 B+,"tottenham - doncaster güncel, tottenham - doncaster son dakika",
2025-09-25T01:01:04.149902,kayserispor - beşiktaş,500 B+,"kayserispor - beşiktaş güncel, kayserispor - beşiktaş son dakika",
2025-09-25T01:01:04.651011,fenerbahçe,500 B+,"fenerbahçe son dakika, fenerbahçe güncel",
2025-09-25T01:01:05.152169,eşref rüya 15 bölüm full izle,200 B+,"eşref rüya 15 bölüm full izle son dakika, eşref rüya 15 bölüm full izle güncel",
2025-09-25T01:01:05.652948,fenerbahçe - beşiktaş,100 B+,"fenerbahçe - beşiktaş son dakika, fenerbahçe - beşiktaş güncel",
2025-09-25T01:01:06.153841,ek tercih kılavuzu 2025,50 B+,"ek tercih kılavuzu 2025 güncel, ek tercih kılavuzu 2025 son dakika",
2025-09-25T01:01:06.655127,huddersfield town - manchester city,10 B+,"huddersfield town - manchester city güncel, huddersfield town - manchester city son dakika",
2025-09-25T01:01:07.156302,atletico madrid - rayo vallecano,5 B+,"atletico madrid - rayo vallecano güncel, atletico madrid - rayo vallecano son dakika",
2025-09-25T01:01:07.657462,port vale - arsenal,10 B+,"port vale - arsenal son dakika, port vale - arsenal güncel",
2025-09-25T01:01:08.158583,berat luş,10 B+,"berat luş güncel, berat luş son dakika",
2025-09-25T01:01:08.659747,bodrumspor - vanspor,20 B+,"bodrumspor - vanspor güncel, bodrumspor - vanspor son dakika",
2025-09-25T01:01:09.160952,braga - feyenoord,5 B+,"braga - feyenoord son dakika, braga - feyenoord güncel",
2025-09-25T01:01:09.662053,erzurumspor - keçiörengücü,20 B+,"erzurumspor - keçiörengücü güncel, erzurumspor - keçiörengücü son dakika",
2025-09-25T01:01:10.163161,xiaomi 15t pro,5 B+,"xiaomi 15t pro güncel, xiaomi 15t pro son dakika",
2025-09-25T01:01:10.664329,real betis - nottingham forest,5 B+,"real betis - nottingham forest güncel, real betis - nottingham forest son dakika",
2025-09-25T01:01:11.165422,tottenham - doncaster,5 B+,"tottenham - doncaster son dakika, tottenham - doncaster güncel",
2025-09-25T02:01:05.766573,kayserispor - beşiktaş,500 B+,"kayserispor - beşiktaş son dakika, kayserispor - beşiktaş güncel",
2025-09-25T02:01:06.267660,eşref rüya 15 bölüm full izle,200 B+,"eşref rüya 15 bölüm full izle güncel, eşref rüya 15 bölüm full izle son dakika",
2025-09-25T02:01:06.768771,zagreb fenerbahçe maçı,500 B+,"zagreb fenerbahçe maçı son dakika, zagreb fenerbahçe maçı güncel",
2025-09-25T02:01:07.270000,fenerbahçe - beşiktaş,100 B+,"fenerbahçe - beşiktaş güncel, fenerbahçe - beşiktaş son dakika",
2025-09-25T02:01:07.771144,ek tercih kılavuzu 2025,50 B+,"ek tercih kılavuzu 2025 güncel, ek tercih kılavuzu 2025 son dakika",
2025-09-25T02:01:08.272317,atletico madrid - rayo vallecano,5 B+,"atletico madrid - rayo vallecano güncel, atletico madrid - rayo vallecano son dakika",
2025-09-25T02:01:08.773499,huddersfield town - manchester city,10 B+,"huddersfield town - manchester city son dakika, huddersfield town - manchester city güncel",
2025-09-25T02:01:09.274590,berat luş,10 B+,"berat luş güncel, berat luş son dakika",
2025-09-25T02:01:09.775788,xiaomi 15t pro,5 B+,"xiaomi 15t pro güncel, xiaomi 15t pro son dakika",
2025-09-25T02:01:10.277013,bodrumspor - vanspor,20 B+,"bodrumspor - vanspor son dakika, bodrumspor - vanspor güncel",
2025-09-25T02:01:10.778182,port vale - arsenal,10 B+,"port vale - arsenal son dakika, port vale - arsenal güncel",
2025-09-25T02:01:11.279235,real sociedad - mallorca,2 B+,"real sociedad - mallorca güncel, real sociedad - mallorca son dakika",
2025-09-25T02:01:11.780322,trevor clevenot,10 B+,"trevor clevenot son dakika, trevor clevenot güncel",
2025-09-25T02:01:12.281359,braga - feyenoord,5 B+,"braga - feyenoord güncel, braga - feyenoord son dakika",
2025-09-25T02:01:12.782263,adamlar,5 B+,"adamlar son dakika, adamlar güncel",
2025-09-25T03:01:04.221982,kayserispor - beşiktaş,500 B+,"kayserispor - beşiktaş son dakika, kayserispor - beşiktaş güncel",
2025-09-25T03:01:04.723010,eşref rüya 15 bölüm full izle,200 B+,"eşref rüya 15 bölüm full izle son dakika, eşref rüya 15 bölüm full izle güncel",
2025-09-25T03:01:05.224089,zagreb fenerbahçe maçı,500 B+,"zagreb fenerbahçe maçı güncel, zagreb fenerbahçe maçı son dakika",
2025-09-25T03:01:05.725225,ek tercih kılavuzu 2025,50 B+,"ek tercih kılavuzu 2025 güncel, ek tercih kılavuzu 2025 son dakika",
2025-09-25T03:01:06.226284,fenerbahçe beko,100 B+,"fenerbahçe beko güncel, fenerbahçe beko son dakika",
2025-09-25T03:01:06.727331,huddersfield town - manchester city,10 B+,"huddersfield town - manchester city son dakika, huddersfield town - manchester city güncel",
2025-09-25T03:01:07.228433,atletico madrid - rayo vallecano,5 B+,"atletico madrid - rayo vallecano güncel, atletico madrid - rayo vallecano son dakika",
2025-09-25T03:01:07.729589,xiaomi 15t pro,5 B+,"xiaomi 15t pro güncel, xiaomi 15t pro son dakika",
2025-09-25T03:01:08.230492,berat luş,10 B+,"berat luş güncel, berat luş son dakika",
2025-09-25T03:01:08.731639,port vale - arsenal,10 B+,"port vale - arsenal son dakika, port vale - arsenal güncel",
2025-09-25T03:01:09.232751,real sociedad - mallorca,2 B+,"real sociedad - mallorca güncel, real sociedad - mallorca son dakika",
2025-09-25T03:01:09.733824,braga - feyenoord,5 B+,"braga - feyenoord son dakika, braga - feyenoord güncel",
2025-09-25T03:01:10.235048,adamlar,5 B+,"adamlar güncel, adamlar son dakika",
2025-09-25T03:01:10.736275,sahipsizler 31 bölüm full izle,10 B+,"sahipsizler 31 bölüm full izle son dakika, sahipsizler 31 bölüm full izle güncel",
2025-09-25T03:01:11.237400,como - sassuolo,2 B+,"como - sassuolo güncel, como - sassuolo son dakika",
2025-09-25T04:01:06.358043,kayserispor - beşiktaş,500 B+,"kayserispor - beşiktaş güncel, kayserispor - beşiktaş son dakika",
2025-09-25T04:01:06.859126,eşref rüya 15 bölüm full izle,200 B+,"eşref rüya 15 bölüm full izle son dakika, eşref rüya 15 bölüm full izle güncel",
2025-09-25T04:01:07.360213,zagreb fenerbahçe maçı,500 B+,"zagreb fenerbahçe maçı son dakika, zagreb fenerbahçe maçı güncel",
2025-09-25T04:01:07.861301,fenerbahçe beko,100 B+,"fenerbahçe beko son dakika, fenerbahçe beko güncel",
2025-09-25T04:01:08.362411,ek tercih kılavuzu 2025,50 B+,"ek tercih kılavuzu 2025 son dakika, ek tercih kılavuzu 2025 güncel",
2025-09-25T04:01:08.863042,atletico madrid - rayo vallecano,5 B+,"atletico madrid - rayo vallecano son dakika, atletico madrid - rayo vallecano güncel",
2025-09-25T04:01:09.364147,berat luş,10 B+,"berat luş son dakika, berat luş güncel",
2025-09-25T04:01:09.865208,xiaomi 15t pro,5 B+,"xiaomi 15t pro son dakika, xiaomi 15t pro güncel",
2025-09-25T04:01:10.366361,port vale - arsenal,10 B+,"port vale - arsenal son dakika, port vale - arsenal güncel",
2025-09-25T04:01:10.867531,real sociedad - mallorca,2 B+,"real sociedad - mallorca güncel, real sociedad - mallorca son dakika",
2025-09-25T04:01:11.368687,adamlar,5 B+,"adamlar son dakika, adamlar güncel",
2025-09-25T04:01:11.869914,new york city - inter miami,1 B+,"new york city - inter miami güncel, new york city - inter miami son dakika",
2025-09-25T04:01:12.371084,kanal d canlı,100 B+,"kanal d canlı son dakika, kanal d canlı güncel",
2025-09-25T04:01:12.872171,bahar şahin,2 B+,"bahar şahin güncel, bahar şahin son dakika",
2025-09-25T04:01:13.373326,burcu esmersoy,1 B+,"burcu esmersoy güncel, burcu esmersoy son dakika",
2025-09-25T05:01:04.000763,kayserispor - beşiktaş,500 B+,"kayserispor - beşiktaş güncel, kayserispor - beşiktaş son dakika",
2025-09-25T05:01:04.501738,eşref rüya 15 bölüm full izle,200 B+,"eşref rüya 15 bölüm full izle güncel, eşref rüya 15 bölüm full izle son dakika",
2025-09-25T05:01:05.002821,zagreb fenerbahçe maçı,500 B+,"zagreb fenerbahçe maçı güncel, zagreb fenerbahçe maçı son dakika",
2025-09-25T05:01:05.504043,atletico madrid - rayo vallecano,5 B+,"atletico madrid - rayo vallecano son dakika, atletico madrid - rayo vallecano güncel",
2025-09-25T05:01:06.005146,huddersfield town - manchester city,10 B+,"huddersfield town - manchester city güncel, huddersfield town - manchester city son dakika",
2025-09-25T05:01:06.506245,xiaomi 15t pro,5 B+,"xiaomi 15t pro son dakika, xiaomi 15t pro güncel",
2025-09-25T05:01:07.007355,berat luş,10 B+,"berat luş son dakika, berat luş güncel",
2025-09-25T05:01:07.508471,port vale - arsenal,10 B+,"port vale - arsenal güncel, port vale - arsenal son dakika",
2025-09-25T05:01:08.009419,fenerbahçe beko,100 B+,"fenerbahçe beko güncel, fenerbahçe beko son dakika",
2025-09-25T05:01:08.510533,real sociedad - mallorca,2 B+,"real sociedad - mallorca güncel, real sociedad - mallorca son dakika",
2025-09-25T05:01:09.011650,new york city - inter miami,1 B+,"new york city - inter miami son dakika, new york city - inter miami güncel",
2025-09-25T05:01:09.512759,doutzen kroes,2 B+,"doutzen kroes son dakika, doutzen kroes güncel",
2025-09-25T05:01:10.013927,adamlar,5 B+,"adamlar son dakika, adamlar güncel",
2025-09-25T05:01:10.515102,ek tercih kılavuzu 2025,50 B+,"ek tercih kılavuzu 2025 güncel, ek tercih kılavuzu 2025 son dakika",
2025-09-25T05:01:11.016193,burcu esmersoy,2 B+,"burcu esmersoy son dakika, burcu esmersoy güncel",
2025-09-25T06:01:04.876655,kayserispor - beşiktaş,500 B+,"kayserispor - beşiktaş son dakika, kayserispor - beşiktaş güncel",
2025-09-25T06:01:05.377047,eşref rüya 15 bölüm full izle,200 B+,"eşref rüya 15 bölüm full izle son dakika, eşref rüya 15 bölüm full izle güncel",
2025-09-25T06:01:05.878125,zagreb fenerbahçe maçı,500 B+,"zagreb fenerbahçe maçı son dakika, zagreb fenerbahçe maçı güncel",
2025-09-25T06:01:06.379170,atletico madrid - rayo vallecano,5 B+,"atletico madrid - rayo vallecano son dakika, atletico madrid - rayo vallecano güncel",
2025-09-25T06:01:06.880348,fenerbahçe beko,100 B+,"fenerbahçe beko güncel, fenerbahçe beko son dakika",
2025-09-25T06:01:07.381466,huddersfield town - manchester city,10 B+,"huddersfield town - manchester city son dakika, huddersfield town - manchester city güncel",
2025-09-25T06:01:07.882628,bodrumspor - vanspor,20 B+,"bodrumspor - vanspor güncel, bodrumspor - vanspor son dakika",
2025-09-25T06:01:08.383685,port vale - arsenal,10 B+,"port vale - arsenal son dakika, port vale - arsenal güncel",
2025-09-25T06:01:08.884839,berat luş,10 B+,"berat luş son dakika, berat luş güncel",
2025-09-25T06:01:09.386113,real sociedad - mallorca,2 B+,"real sociedad - mallorca son dakika, real sociedad - mallorca güncel",
2025-09-25T06:01:09.887277,new york city - inter miami,2 B+,"new york city - inter miami son dakika, new york city - inter miami güncel",
2025-09-25T06:01:10.388390,braga - feyenoord,5 B+,"braga - feyenoord güncel, braga - feyenoord son dakika",
2025-09-25T06:01:10.889411,xiaomi 15t pro,5 B+,"xiaomi 15t pro güncel, xiaomi 15t pro son dakika",
2025-09-25T06:01:11.390565,adamlar,5 B+,"adamlar güncel, adamlar son dakika",
2025-09-25T06:01:11.891048,burcu esmersoy,2 B+,"burcu esmersoy güncel, burcu esmersoy son dakika",
2025-09-25T07:01:04.958959,kayserispor - beşiktaş,500 B+,"kayserispor - beşiktaş son dakika, kayserispor - beşiktaş güncel",
2025-09-25T07:01:05.460042,eşref rüya 15 bölüm full izle,200 B+,"eşref rüya 15 bölüm full izle güncel, eşref rüya 15 bölüm full izle son dakika",
2025-09-25T07:01:05.961115,fenerbahçe maçı,500 B+,"fenerbahçe maçı güncel, fenerbahçe maçı son dakika",
2025-09-25T07:01:06.462169,fenerbahçe - beşiktaş,100 B+,"fenerbahçe - beşiktaş son dakika, fenerbahçe - beşiktaş güncel",
2025-09-25T07:01:06.963319,atletico madrid - rayo vallecano,5 B+,"atletico madrid - rayo vallecano güncel, atletico madrid - rayo vallecano son dakika",
2025-09-25T07:01:07.464375,huddersfield town - manchester city,10 B+,"huddersfield town - manchester city son dakika, huddersfield town - manchester city güncel",
2025-09-25T07:01:07.965525,port vale - arsenal,10 B+,"port vale - arsenal güncel, port vale - arsenal son dakika",
2025-09-25T07:01:08.466581,bodrumspor - vanspor,20 B+,"bodrumspor - vanspor güncel, bodrumspor - vanspor son dakika",
2025-09-25T07:01:08.967633,berat luş,10 B+,"berat luş son dakika, berat luş güncel",
2025-09-25T07:01:09.468768,new york city - inter miami,2 B+,"new york city - inter miami son dakika, new york city - inter miami güncel",
2025-09-25T07:01:09.969998,real sociedad - mallorca,2 B+,"real sociedad - mallorca güncel, real sociedad - mallorca son dakika",
2025-09-25T07:01:10.470987,braga - feyenoord,5 B+,"braga - feyenoord son dakika, braga - feyenoord güncel",
2025-09-25T07:01:10.971919,xiaomi 15t pro,5 B+,"xiaomi 15t pro son dakika, xiaomi 15t pro güncel",
2025-09-25T07:01:11.472828,ek tercih kılavuzu 2025,50 B+,"ek tercih kılavuzu 2025 güncel, ek tercih kılavuzu 2025 son dakika",
2025-09-25T07:01:11.973713,como - sassuolo,2 B+,"como - sassuolo güncel, como - sassuolo son dakika",
2025-09-25T08:01:04.538399,kayserispor - beşiktaş,500 B+,"kayserispor - beşiktaş güncel, kayserispor - beşiktaş son dakika",
2025-09-25T08:01:05.039485,fenerbahçe maçı,1 Mn+,"fenerbahçe maçı güncel, fenerbahçe maçı son dakika",
2025-09-25T08:01:05.540627,eşref rüya 15 bölüm full izle,200 B+,"eşref rüya 15 bölüm full izle son dakika, eşref rüya 15 bölüm full izle güncel",
2025-09-25T08:01:06.041756,fenerbahçe - beşiktaş,100 B+,"fenerbahçe - beşiktaş güncel, fenerbahçe - beşiktaş son dakika",
2025-09-25T08:01:06.542901,atletico madrid - rayo vallecano,10 B+,"atletico madrid - rayo vallecano son dakika, atletico madrid - rayo vallecano güncel",
2025-09-25T08:01:07.044049,huddersfield town - manchester city,10 B+,"huddersfield town - manchester city son dakika, huddersfield town - manchester city güncel",
2025-09-25T08:01:07.545214,berat luş,10 B+,"berat luş güncel, berat luş son dakika",
2025-09-25T08:01:08.046376,new york city - inter miami,5 B+,"new york city - inter miami güncel, new york city - inter miami son dakika",
2025-09-25T08:01:08.547445,port vale - arsenal,10 B+,"port vale - arsenal son dakika, port vale - arsenal güncel",
2025-09-25T08:01:09.048595,bodrumspor - vanspor,20 B+,"bodrumspor - vanspor son dakika, bodrumspor - vanspor güncel",
2025-09-25T08:01:09.549701,ek tercih kılavuzu 2025,50 B+,"ek tercih kılavuzu 2025 son dakika, ek tercih kılavuzu 2025 güncel",
2025-09-25T08:01:10.050938,xiaomi 15t pro,5 B+,"xiaomi 15t pro son dakika, xiaomi 15t pro güncel",
2025-09-25T08:01:10.552119,real sociedad - mallorca,5 B+,"real sociedad - mallorca son dakika, real sociedad - mallorca güncel",
2025-09-25T08:01:11.053188,erzurumspor - keçiörengücü,20 B+,"erzurumspor - keçiörengücü son dakika, erzurumspor - keçiörengücü güncel",
2025-09-25T08:01:11.554330,braga - feyenoord,5 B+,"braga - feyenoord güncel, braga - feyenoord son dakika",
2025-09-25T09:01:04.300417,kayserispor - beşiktaş,500 B+,"kayserispor - beşiktaş güncel, kayserispor - beşiktaş son dakika",
2025-09-25T09:01:04.801538,eşref rüya 15 bölüm full izle,200 B+,"eşref rüya 15 bölüm full izle son dakika, eşref rüya 15 bölüm full izle güncel",
2025-09-25T09:01:05.302590,fenerbahçe maçı,1 Mn+,"fenerbahçe maçı son dakika, fenerbahçe maçı güncel",
2025-09-25T09:01:05.803730,fenerbahçe - beşiktaş,100 B+,"fenerbahçe - beşiktaş son dakika, fenerbahçe - beşiktaş güncel",
2025-09-25T09:01:06.304820,ek tercih kılavuzu 2025,50 B+,"ek tercih kılavuzu 2025 güncel, ek tercih kılavuzu 2025 son dakika",
2025-09-25T09:01:06.806086,atletico madrid - rayo vallecano,10 B+,"atletico madrid - rayo vallecano güncel, atletico madrid - rayo vallecano son dakika",
2025-09-25T09:01:07.307240,huddersfield town - manchester city,10 B+,"huddersfield town - manchester city son dakika, huddersfield town - manchester city güncel",
2025-09-25T09:01:07.808292,berat luş,10 B+,"berat luş son dakika, berat luş güncel",
2025-09-25T09:01:08.309436,new york city - inter miami,5 B+,"new york city - inter miami güncel, new york city - inter miami son dakika",
2025-09-25T09:01:08.810586,port vale - arsenal,10 B+,"port vale - arsenal güncel, port vale - arsenal son dakika",
2025-09-25T09:01:09.311734,bodrumspor - vanspor,20 B+,"bodrumspor - vanspor güncel, bodrumspor - vanspor son dakika",
2025-09-25T09:01:09.812195,xiaomi 15t pro,5 B+,"xiaomi 15t pro güncel, xiaomi 15t pro son dakika",
2025-09-25T09:01:10.313284,erzurumspor - keçiörengücü,20 B+,"erzurumspor - keçiörengücü güncel, erzurumspor - keçiörengücü son dakika",
2025-09-25T09:01:10.814431,real sociedad - mallorca,5 B+,"real sociedad - mallorca son dakika, real sociedad - mallorca güncel",
2025-09-25T09:01:11.315479,doutzen kroes,2 B+,"doutzen kroes son dakika, doutzen kroes güncel",
2025-09-25T10:01:04.053339,kayserispor - beşiktaş,500 B+,"kayserispor - beşiktaş son dakika, kayserispor - beşiktaş güncel",
2025-09-25T10:01:04.554389,eşref rüya 15 bölüm full izle,200 B+,"eşref rüya 15 bölüm full izle güncel, eşref rüya 15 bölüm full izle son dakika",
2025-09-25T10:01:05.055422,zagreb fenerbahçe maçı,1 Mn+,"zagreb fenerbahçe maçı son dakika, zagreb fenerbahçe maçı güncel",
2025-09-25T10:01:05.556530,ek tercih kılavuzu 2025,100 B+,"ek tercih kılavuzu 2025 son dakika, ek tercih kılavuzu 2025 güncel",
2025-09-25T10:01:06.057693,fenerbahçe - beşiktaş,100 B+,"fenerbahçe - beşiktaş son dakika, fenerbahçe - beşiktaş güncel",
2025-09-25T10:01:06.558844,atletico madrid - rayo vallecano,10 B+,"atletico madrid - rayo vallecano son dakika, atletico madrid - rayo vallecano güncel",
2025-09-25T10:01:07.060120,berat luş,10 B+,"berat luş son dakika, berat luş güncel",
2025-09-25T10:01:07.561186,huddersfield town - manchester city,10 B+,"huddersfield town - manchester city son dakika, huddersfield town - manchester city güncel",
2025-09-25T10:01:08.062336,xiaomi 15t pro,10 B+,"xiaomi 15t pro son dakika, xiaomi 15t pro güncel",
2025-09-25T10:01:08.563513,new york city - inter miami,5 B+,"new york city - inter miami son dakika, new york city - inter miami güncel",
2025-09-25T10:01:09.064678,bodrumspor - vanspor,20 B+,"bodrumspor - vanspor güncel, bodrumspor - vanspor son dakika",
2025-09-25T10:01:09.565813,doutzen kroes,2 B+,"doutzen kroes güncel, doutzen kroes son dakika",
2025-09-25T10:01:10.067096,port vale - arsenal,10 B+,"port vale - arsenal güncel, port vale - arsenal son dakika",
2025-09-25T10:01:10.568275,istanbul hava durumu,10 B+,"istanbul hava durumu güncel, istanbul hava durumu son dakika",
2025-09-25T10:01:11.069411,adamlar,5 B+,"adamlar son dakika, adamlar güncel",
2025-09-25T11:01:04.762099,kayserispor - beşiktaş,500 B+,"kayserispor - beşiktaş son dakika, kayserispor - beşiktaş güncel",
2025-09-25T11:01:05.263106,eşref rüya 15 bölüm full izle,200 B+,"eşref rüya 15 bölüm full izle son dakika, eşref rüya 15 bölüm full izle güncel",
2025-09-25T11:01:05.764055,ek tercih kılavuzu 2025,100 B+,"ek tercih kılavuzu 2025 son dakika, ek tercih kılavuzu 2025 güncel",
2025-09-25T11:01:06.265235,zagreb fenerbahçe maçı,1 Mn+,"zagreb fenerbahçe maçı son dakika, zagreb fenerbahçe maçı güncel",
2025-09-25T11:01:06.766102,berat luş,10 B+,"berat luş son dakika, berat luş güncel",
2025-09-25T11:01:07.267252,atletico madrid - rayo vallecano,10 B+,"atletico madrid - rayo vallecano güncel, atletico madrid - rayo vallecano son dakika",
2025-09-25T11:01:07.768424,huddersfield town - manchester city,10 B+,"huddersfield town - manchester city güncel, huddersfield town - manchester city son dakika",
2025-09-25T11:01:08.269489,new york city - inter miami,5 B+,"new york city - inter miami güncel, new york city - inter miami son dakika",
2025-09-25T11:01:08.770225,xiaomi 15t pro,10 B+,"xiaomi 15t pro güncel, xiaomi 15t pro son dakika",
2025-09-25T11:01:09.271384,adamlar,5 B+,"adamlar son dakika, adamlar güncel",
2025-09-25T11:01:09.772592,doutzen kroes,2 B+,"doutzen kroes son dakika, doutzen kroes güncel",
2025-09-25T11:01:10.273733,burcu esmersoy,5 B+,"burcu esmersoy güncel, burcu esmersoy son dakika",
2025-09-25T11:01:10.774920,fenerbahçe - beşiktaş,100 B+,"fenerbahçe - beşiktaş güncel, fenerbahçe - beşiktaş son dakika",
2025-09-25T11:01:11.275915,rihanna,2 B+,"rihanna güncel, rihanna son dakika",
2025-09-25T11:01:11.777121,sahipsizler son bölüm,10 B+,"sahipsizler son bölüm güncel, sahipsizler son bölüm son dakika",
2025-09-25T12:01:04.663560,kayserispor - beşiktaş,500 B+,"kayserispor - beşiktaş son dakika, kayserispor - beşiktaş güncel",
2025-09-25T12:01:05.164191,eşref rüya 15 bölüm full izle,200 B+,"eşref rüya 15 bölüm full izle son dakika, eşref rüya 15 bölüm full izle güncel",
2025-09-25T12:01:05.665301,ek tercih kılavuzu 2025,100 B+,"ek tercih kılavuzu 2025 güncel, ek tercih kılavuzu 2025 son dakika",
2025-09-25T12:01:06.166371,zagreb fenerbahçe maçı,1 Mn+,"zagreb fenerbahçe maçı güncel, zagreb fenerbahçe maçı son dakika",
2025-09-25T12:01:06.667355,berat luş,10 B+,"berat luş güncel, berat luş son dakika",
2025-09-25T12:01:07.168377,erzurum deprem,5 B+,"erzurum deprem güncel, erzurum deprem son dakika",
2025-09-25T12:01:07.669193,doutzen kroes,5 B+,"doutzen kroes son dakika, doutzen kroes güncel",
2025-09-25T12:01:08.170076,atletico madrid - rayo vallecano,10 B+,"atletico madrid - rayo vallecano güncel, atletico madrid - rayo vallecano son dakika",
2025-09-25T12:01:08.671069,new york city - inter miami,5 B+,"new york city - inter miami son dakika, new york city - inter miami güncel",
2025-09-25T12:01:09.172012,xiaomi 15t pro,10 B+,"xiaomi 15t pro güncel, xiaomi 15t pro son dakika",
2025-09-25T12:01:09.673091,adamlar,5 B+,"adamlar güncel, adamlar son dakika",
2025-09-25T12:01:10.174119,burcu esmersoy,5 B+,"burcu esmersoy son dakika, burcu esmersoy güncel",
2025-09-25T12:01:10.675182,rihanna,2 B+,"rihanna son dakika, rihanna güncel",
2025-09-25T12:01:11.176273,sahipsizler son bölüm,20 B+,"sahipsizler son bölüm son dakika, sahipsizler son bölüm güncel",
2025-09-25T12:01:11.677357,fenerbahçe - beşiktaş,100 B+,"fenerbahçe - beşiktaş güncel, fenerbahçe - beşiktaş son dakika",
2025-09-25T13:01:05.033583,kayserispor - beşiktaş,500 B+,"kayserispor - beşiktaş güncel, kayserispor - beşiktaş son dakika",
2025-09-25T13:01:05.534698,eşref rüya 15 bölüm full izle,200 B+,"eşref rüya 15 bölüm full izle son dakika, eşref rüya 15 bölüm full izle güncel",
2025-09-25T13:01:06.035922,ek tercih kılavuzu 2025,100 B+,"ek tercih kılavuzu 2025 güncel, ek tercih kılavuzu 2025 son dakika",
2025-09-25T13:01:06.537096,zagreb fenerbahçe maçı,1 Mn+,"zagreb fenerbahçe maçı son dakika, zagreb fenerbahçe maçı güncel",
2025-09-25T13:01:07.038256,berat luş,10 B+,"berat luş son dakika, berat luş güncel",
2025-09-25T13:01:07.539413,doutzen kroes,5 B+,"doutzen kroes güncel, doutzen kroes son dakika",
2025-09-25T13:01:08.040567,xiaomi 15t pro,10 B+,"xiaomi 15t pro son dakika, xiaomi 15t pro güncel",
2025-09-25T13:01:08.541705,atletico madrid - rayo vallecano,10 B+,"atletico madrid - rayo vallecano güncel, atletico madrid - rayo vallecano son dakika",
2025-09-25T13:01:09.042932,erzurum deprem,5 B+,"erzurum deprem son dakika, erzurum deprem güncel",
2025-09-25T13:01:09.544071,new york city - inter miami,5 B+,"new york city - inter miami güncel, new york city - inter miami son dakika",
2025-09-25T13:01:10.045232,adamlar,5 B+,"adamlar son dakika, adamlar güncel",
2025-09-25T13:01:10.546391,burcu esmersoy,5 B+,"burcu esmersoy son dakika, burcu esmersoy güncel",
2025-09-25T13:01:11.047549,sahipsizler son bölüm,20 B+,"sahipsizler son bölüm son dakika, sahipsizler son bölüm güncel",
2025-09-25T13:01:11.548611,rihanna,2 B+,"rihanna güncel, rihanna son dakika",
2025-09-25T13:01:12.049772,fenerbahçe - beşiktaş,100 B+,"fenerbahçe - beşiktaş son dakika, fenerbahçe - beşiktaş güncel",
2025-09-25T14:01:04.657399,kayserispor - beşiktaş,500 B+,"kayserispor - beşiktaş güncel, kayserispor - beşiktaş son dakika",
2025-09-25T14:01:05.158441,eşref rüya 15 bölüm full izle,200 B+,"eşref rüya 15 bölüm full izle güncel, eşref rüya 15 bölüm full izle son dakika",
2025-09-25T14:01:05.659596,ek tercih kılavuzu 2025,100 B+,"ek tercih kılavuzu 2025 güncel, ek tercih kılavuzu 2025 son dakika",
2025-09-25T14:01:06.160734,zagreb fenerbahçe maçı,1 Mn+,"zagreb fenerbahçe maçı güncel, zagreb fenerbahçe maçı son dakika",
2025-09-25T14:01:06.661393,doutzen kroes,5 B+,"doutzen kroes son dakika, doutzen kroes güncel",
2025-09-25T14:01:07.162562,berat luş,20 B+,"berat luş güncel, berat luş son dakika",
2025-09-25T14:01:07.663722,xiaomi 15t pro,10 B+,"xiaomi 15t pro son dakika, xiaomi 15t pro güncel",
2025-09-25T14:01:08.164945,eczacılar günü,2 B+,"eczacılar günü güncel, eczacılar günü son dakika",
2025-09-25T14:01:08.666113,new york city - inter miami,10 B+,"new york city - inter miami güncel, new york city - inter miami son dakika",
2025-09-25T14:01:09.167226,sahipsizler son bölüm,10 B+,"sahipsizler son bölüm son dakika, sahipsizler son bölüm güncel",
2025-09-25T14:01:09.668379,erzurum deprem,5 B+,"erzurum deprem son dakika, erzurum deprem güncel",
2025-09-25T14:01:10.169535,adamlar,5 B+,"adamlar güncel, adamlar son dakika",
2025-09-25T14:01:10.670690,burcu esmersoy,5 B+,"burcu esmersoy güncel, burcu esmersoy son dakika",
2025-09-25T14:01:11.171150,rihanna,2 B+,"rihanna güncel, rihanna son dakika",
2025-09-25T14:01:11.672307,masterchef çağatay mehmet şef,2 B+,"masterchef çağatay mehmet şef son dakika, masterchef çağatay mehmet şef güncel",
2025-09-25T15:01:04.731431,kayserispor - beşiktaş,500 B+,"kayserispor - beşiktaş son dakika, kayserispor - beşiktaş güncel",
2025-09-25T15:01:05.232462,eşref rüya 15 bölüm full izle,500 B+,"eşref rüya 15 bölüm full izle son dakika, eşref rüya 15 bölüm full izle güncel",
2025-09-25T15:01:05.733568,ek tercih kılavuzu 2025,100 B+,"ek tercih kılavuzu 2025 güncel, ek tercih kılavuzu 2025 son dakika",
2025-09-25T15:01:06.234663,zagreb fenerbahçe maçı,1 Mn+,"zagreb fenerbahçe maçı güncel, zagreb fenerbahçe maçı son dakika",
2025-09-25T15:01:06.735715,doutzen kroes,5 B+,"doutzen kroes güncel, doutzen kroes son dakika",
2025-09-25T15:01:07.236927,berat luş,20 B+,"berat luş son dakika, berat luş güncel",
2025-09-25T15:01:07.738195,xiaomi 15t pro,10 B+,"xiaomi 15t pro güncel, xiaomi 15t pro son dakika",
2025-09-25T15:01:08.239364,eczacılar günü,2 B+,"eczacılar günü güncel, eczacılar günü son dakika",
2025-09-25T15:01:08.740516,new york city - inter miami,10 B+,"new york city - inter miami son dakika, new york city - inter miami güncel",
2025-09-25T15:01:09.241686,sahipsizler son bölüm,20 B+,"sahipsizler son bölüm son dakika, sahipsizler son bölüm güncel",
2025-09-25T15:01:09.742787,burcu esmersoy,5 B+,"burcu esmersoy güncel, burcu esmersoy son dakika",
2025-09-25T15:01:10.244014,yurt yönetim personeli alımı,2 B+,"yurt yönetim personeli alımı güncel, yurt yönetim personeli alımı son dakika",
2025-09-25T15:01:10.745213,adamlar,5 B+,"adamlar son dakika, adamlar güncel",
2025-09-25T15:01:11.246381,erzurum deprem,5 B+,"erzurum deprem güncel, erzurum deprem son dakika",
2025-09-25T15:01:11.747543,aselsan hisse,2 B+,"aselsan hisse güncel, aselsan hisse son dakika",
2025-09-25T16:01:03.831442,kayserispor - beşiktaş,500 B+,"kayserispor - beşiktaş güncel, kayserispor - beşiktaş son dakika",
2025-09-25T16:01:04.332473,eşref rüya 15 bölüm full izle,500 B+,"eşref rüya 15 bölüm full izle son dakika, eşref rüya 15 bölüm full izle güncel",
2025-09-25T16:01:04.833555,ek tercih kılavuzu 2025,100 B+,"ek tercih kılavuzu 2025 güncel, ek tercih kılavuzu 2025 son dakika",
2025-09-25T16:01:05.334747,doutzen kroes,5 B+,"doutzen kroes güncel, doutzen kroes son dakika",
2025-09-25T16:01:05.835919,berat luş,20 B+,"berat luş son dakika, berat luş güncel",
2025-09-25T16:01:06.337208,eczacılar günü,5 B+,"eczacılar günü son dakika, eczacılar günü güncel",
2025-09-25T16:01:06.838245,new york city - inter miami,10 B+,"new york city - inter miami son dakika, new york city - inter miami güncel",
2025-09-25T16:01:07.338960,fenerbahçe,500 B+,"fenerbahçe güncel, fenerbahçe son dakika",
2025-09-25T16:01:07.840050,aselsan hisse,2 B+,"aselsan hisse son dakika, aselsan hisse güncel",
2025-09-25T16:01:08.341160,rihanna,2 B+,"rihanna son dakika, rihanna güncel",
2025-09-25T16:01:08.842251,erzurum deprem,5 B+,"erzurum deprem güncel, erzurum deprem son dakika",
2025-09-25T16:01:09.343455,burcu esmersoy,5 B+,"burcu esmersoy son dakika, burcu esmersoy güncel",
2025-09-25T16:01:09.844644,sahipsizler 31 bölüm,20 B+,"sahipsizler 31 bölüm son dakika, sahipsizler 31 bölüm güncel",
2025-09-25T16:01:10.345804,alice in borderland season 3,2 B+,"alice in borderland season 3 son dakika, alice in borderland season 3 güncel",
2025-09-25T16:01:10.847054,taylor swift,1 B+,"taylor swift güncel, taylor swift son dakika",
2025-09-25T17:01:05.305122,kayserispor - beşiktaş,500 B+,"kayserispor - beşiktaş son dakika, kayserispor - beşiktaş güncel",
2025-09-25T17:01:05.806102,eşref rüya 15 bölüm full izle,500 B+,"eşref rüya 15 bölüm full izle güncel, eşref rüya 15 bölüm full izle son dakika",
2025-09-25T17:01:06.307254,sivasspor - adana demirspor,5 B+,"sivasspor - adana demirspor son dakika, sivasspor - adana demirspor güncel",
2025-09-25T17:01:06.808305,berat luş,20 B+,"berat luş son dakika, berat luş güncel",
2025-09-25T17:01:07.309395,doutzen kroes,5 B+,"doutzen kroes son dakika, doutzen kroes güncel",
2025-09-25T17:01:07.810543,ösym ek tercih kılavuzu,20 B+,"ösym ek tercih kılavuzu son dakika, ösym ek tercih kılavuzu güncel",
2025-09-25T17:01:08.311717,new york city - inter miami,10 B+,"new york city - inter miami son dakika, new york city - inter miami güncel",
2025-09-25T17:01:08.812949,eczacılar günü,5 B+,"eczacılar günü son dakika, eczacılar günü güncel",
2025-09-25T17:01:09.314121,aselsan hisse,5 B+,"aselsan hisse güncel, aselsan hisse son dakika",
2025-09-25T17:01:09.815278,fenerbahçe,500 B+,"fenerbahçe güncel, fenerbahçe son dakika",
2025-09-25T17:01:10.316362,rihanna,2 B+,"rihanna son dakika, rihanna güncel",
2025-09-25T17:01:10.817400,alice in borderland season 3,2 B+,"alice in borderland season 3 son dakika, alice in borderland season 3 güncel",
2025-09-25T17:01:11.318571,burcu esmersoy,5 B+,"burcu esmersoy son dakika, burcu esmersoy güncel",
2025-09-25T17:01:11.819622,erzurum deprem,5 B+,"erzurum deprem güncel, erzurum deprem son dakika",
2025-09-25T17:01:12.320777,sahipsizler 31 bölüm,20 B+,"sahipsizler 31 bölüm son dakika, sahipsizler 31 bölüm güncel",
2025-09-25T18:01:05.555961,eşref rüya 15 bölüm full izle,500 B+,"eşref rüya 15 bölüm full izle son dakika, eşref rüya 15 bölüm full izle güncel",
2025-09-25T18:01:06.057033,kayserispor - beşiktaş,500 B+,"kayserispor - beşiktaş son dakika, kayserispor - beşiktaş güncel",
2025-09-25T18:01:06.558040,sivasspor - adana demirspor,10 B+,"sivasspor - adana demirspor son dakika, sivasspor - adana demirspor güncel",
2025-09-25T18:01:07.059140,berat luş,20 B+,"berat luş güncel, berat luş son dakika",
2025-09-25T18:01:07.560106,eczacılar günü,5 B+,"eczacılar günü güncel, eczacılar günü son dakika",
2025-09-25T18:01:08.061263,burcu esmersoy,5 B+,"burcu esmersoy güncel, burcu esmersoy son dakika",
2025-09-25T18:01:08.562478,sahipsizler 31 bölüm,20 B+,"sahipsizler 31 bölüm güncel, sahipsizler 31 bölüm son dakika",
2025-09-25T18:01:09.063640,ebru gündeş,1 B+,"ebru gündeş son dakika, ebru gündeş güncel",
2025-09-25T18:01:09.564772,alice in borderland season 3,2 B+,"alice in borderland season 3 güncel, alice in borderland season 3 son dakika",
2025-09-25T18:01:10.065949,taylor swift,2 B+,"taylor swift güncel, taylor swift son dakika",
2025-09-25T18:01:10.567093,fenerbahçe,500 B+,"fenerbahçe son dakika, fenerbahçe güncel",
2025-09-25T18:01:11.068255,aselsan hisse,5 B+,"aselsan hisse güncel, aselsan hisse son dakika",
2025-09-25T18:01:11.569355,erzurum deprem,5 B+,"erzurum deprem son dakika, erzurum deprem güncel",
2025-09-25T18:01:12.070496,rihanna,2 B+,"rihanna son dakika, rihanna güncel",
2025-09-25T18:01:12.571632,yks ek yerleştirme tercih kılavuzu,10 B+,"yks ek yerleştirme tercih kılavuzu güncel, yks ek yerleştirme tercih kılavuzu son dakika",
2025-09-25T19:01:04.660330,eşref rüya 15 bölüm full izle,500 B+,"eşref rüya 15 bölüm full izle son dakika, eşref rüya 15 bölüm full izle güncel",
2025-09-25T19:01:05.161433,sivasspor - adana demirspor,20 B+,"sivasspor - adana demirspor son dakika, sivasspor - adana demirspor güncel",
2025-09-25T19:01:05.662605,neşet ertaş,10 B+,"neşet ertaş son dakika, neşet ertaş güncel",
2025-09-25T19:01:06.163726,berat luş,20 B+,"berat luş güncel, berat luş son dakika",
2025-09-25T19:01:06.664937,sahipsizler 31 bölüm,20 B+,"sahipsizler 31 bölüm son dakika, sahipsizler 31 bölüm güncel",
2025-09-25T19:01:07.166139,beşiktaş kayserispor özet,200 B+,"beşiktaş kayserispor özet son dakika, beşiktaş kayserispor özet güncel",
2025-09-25T19:01:07.667354,eczacılar günü,5 B+,"eczacılar günü güncel, eczacılar günü son dakika",
2025-09-25T19:01:08.168407,burcu esmersoy,5 B+,"burcu esmersoy güncel, burcu esmersoy son dakika",
2025-09-25T19:01:08.669549,rihanna,5 B+,"rihanna güncel, rihanna son dakika",
2025-09-25T19:01:09.170712,taylor swift,2 B+,"taylor swift son dakika, taylor swift güncel",
2025-09-25T19:01:09.671959,ebru gündeş,2 B+,"ebru gündeş güncel, ebru gündeş son dakika",
2025-09-25T19:01:10.173129,aselsan hisse,5 B+,"aselsan hisse güncel, aselsan hisse son dakika",
2025-09-25T19:01:10.674188,alice in borderland season 3,2 B+,"alice in borderland season 3 güncel, alice in borderland season 3 son dakika",
2025-09-25T19:01:11.175345,fenerbahçe,500 B+,"fenerbahçe güncel, fenerbahçe son dakika",
2025-09-25T19:01:11.676343,defne kurt,2 B+,"defne kurt son dakika, defne kurt güncel",
2025-09-25T20:01:04.346629,eşref rüya 15 bölüm full izle,500 B+,"eşref rüya 15 bölüm full izle son dakika, eşref rüya 15 bölüm full izle güncel",
2025-09-25T20:01:04.847700,sivasspor - adana demirspor,20 B+,"sivasspor - adana demirspor güncel, sivasspor - adana demirspor son dakika",
2025-09-25T20:01:05.348676,neşet ertaş,10 B+,"neşet ertaş son dakika, neşet ertaş güncel",
2025-09-25T20:01:05.849809,berat luş,10 B+,"berat luş güncel, berat luş son dakika",
2025-09-25T20:01:06.350990,sahipsizler 31 bölüm,20 B+,"sahipsizler 31 bölüm son dakika, sahipsizler 31 bölüm güncel",
2025-09-25T20:01:06.852139,pendikspor - sakaryaspor,2 B+,"pendikspor - sakaryaspor son dakika, pendikspor - sakaryaspor güncel",
2025-09-25T20:01:07.352918,caatsa,5 B+,"caatsa güncel, caatsa son dakika",
2025-09-25T20:01:07.853986,taylor swift,2 B+,"taylor swift son dakika, taylor swift güncel",
2025-09-25T20:01:08.355156,burcu esmersoy,5 B+,"burcu esmersoy güncel, burcu esmersoy son dakika",
2025-09-25T20:01:08.856366,perşembe dizileri,20 B+,"perşembe dizileri son dakika, perşembe dizileri güncel",
2025-09-25T20:01:09.357474,lille - brann,1 B+,"lille - brann son dakika, lille - brann güncel",
2025-09-25T20:01:09.858619,trump,2 B+,"trump son dakika, trump güncel",
2025-09-25T20:01:10.359728,buski,2 B+,"buski son dakika, buski güncel",
2025-09-25T20:01:10.860989,eczacılar günü,5 B+,"eczacılar günü güncel, eczacılar günü son dakika",
2025-09-25T20:01:11.362110,alice in borderland season 3,2 B+,"alice in borderland season 3 son dakika, alice in borderland season 3 güncel",
2025-09-25T21:01:04.359439,eşref rüya son bölüm izle,200 B+,"eşref rüya son bölüm izle güncel, eşref rüya son bölüm izle son dakika",
2025-09-25T21:01:04.860494,caatsa yaptırımları nedir,20 B+,"caatsa yaptırımları nedir güncel, caatsa yaptırımları nedir son dakika",
2025-09-25T21:01:05.361593,sivasspor - adana demirspor,20 B+,"sivasspor - adana demirspor güncel, sivasspor - adana demirspor son dakika",
2025-09-25T21:01:05.862739,pendikspor - sakaryaspor,5 B+,"pendikspor - sakaryaspor güncel, pendikspor - sakaryaspor son dakika",
2025-09-25T21:01:06.363810,neşet ertaş,10 B+,"neşet ertaş son dakika, neşet ertaş güncel",
2025-09-25T21:01:06.865014,amedspor,10 B+,"amedspor güncel, amedspor son dakika",
2025-09-25T21:01:07.365207,show tv,5 B+,"show tv son dakika, show tv güncel",
2025-09-25T21:01:07.866312,sahipsizler 31 bölüm,10 B+,"sahipsizler 31 bölüm güncel, sahipsizler 31 bölüm son dakika",
2025-09-25T21:01:08.367426,berat luş,10 B+,"berat luş son dakika, berat luş güncel",
2025-09-25T21:01:08.868440,hudutsuz sevda ne zaman başlayacak,2 B+,"hudutsuz sevda ne zaman başlayacak son dakika, hudutsuz sevda ne zaman başlayacak güncel",
2025-09-25T21:01:09.369567,now tv,20 B+,"now tv son dakika, now tv güncel",
2025-09-25T21:01:09.870660,buski,2 B+,"buski güncel, buski son dakika",
2025-09-25T21:01:10.371818,lille - brann,2 B+,"lille - brann güncel, lille - brann son dakika",
2025-09-25T21:01:10.873093,taylor swift,2 B+,"taylor swift son dakika, taylor swift güncel",
2025-09-25T21:01:11.374258,veliaht 3 bölüm,2 B+,"veliaht 3 bölüm güncel, veliaht 3 bölüm son dakika",
2025-09-25T22:01:04.771140,eşref rüya son bölüm izle,200 B+,"eşref rüya son bölüm izle son dakika, eşref rüya son bölüm izle güncel",
2025-09-25T22:01:05.272209,caatsa yaptırımları nedir,20 B+,"caatsa yaptırımları nedir güncel, caatsa yaptırımları nedir son dakika",
2025-09-25T22:01:05.773256,amedspor,20 B+,"amedspor son dakika, amedspor güncel",
2025-09-25T22:01:06.274291,sivasspor - adana demirspor,20 B+,"sivasspor - adana demirspor güncel, sivasspor - adana demirspor son dakika",
2025-09-25T22:01:06.775454,pendikspor - sakaryaspor,10 B+,"pendikspor - sakaryaspor güncel, pendikspor - sakaryaspor son dakika",
2025-09-25T22:01:07.276670,neşet ertaş,10 B+,"neşet ertaş güncel, neşet ertaş son dakika",
2025-09-25T22:01:07.777968,oviedo - barcelona,5 B+,"oviedo - barcelona son dakika, oviedo - barcelona güncel",
2025-09-25T22:01:08.279119,lille,5 B+,"lille son dakika, lille güncel",
2025-09-25T22:01:08.780329,show tv,10 B+,"show tv güncel, show tv son dakika",
2025-09-25T22:01:09.281509,now tv,20 B+,"now tv son dakika, now tv güncel",
2025-09-25T22:01:09.782688,hudutsuz sevda ne zaman başlayacak,5 B+,"hudutsuz sevda ne zaman başlayacak güncel, hudutsuz sevda ne zaman başlayacak son dakika",
2025-09-25T22:01:10.283794,veliaht 3 bölüm,5 B+,"veliaht 3 bölüm güncel, veliaht 3 bölüm son dakika",
2025-09-25T22:01:10.785003,buski,5 B+,"buski son dakika, buski güncel",
2025-09-25T22:01:11.286157,defne kurt,2 B+,"defne kurt güncel, defne kurt son dakika",
2025-09-25T22:01:11.787316,ريال أوفييدو ضد برشلونة,1 B+,"ريال أوفييدو ضد برشلونة güncel, ريال أوفييدو ضد برشلونة son dakika",
2025-09-25T23:01:04.631627,oviedo - barcelona,10 B+,"oviedo - barcelona güncel, oviedo - barcelona son dakika",
2025-09-25T23:01:05.132122,eşref rüya son bölüm izle,200 B+,"eşref rüya son bölüm izle son dakika, eşref rüya son bölüm izle güncel",
2025-09-25T23:01:05.633258,amedspor,20 B+,"amedspor son dakika, amedspor güncel",
2025-09-25T23:01:06.134366,caatsa yaptırımları nedir,20 B+,"caatsa yaptırımları nedir son dakika, caatsa yaptırımları nedir güncel",
2025-09-25T23:01:06.635497,1 eylül hangi yıl pazartesi gününe denk gelmiştir,10 B+,"1 eylül hangi yıl pazartesi gününe denk gelmiştir güncel, 1 eylül hangi yıl pazartesi gününe denk gelmiştir son dakika",
2025-09-25T23:01:07.136220,sivasspor - adana demirspor,20 B+,"sivasspor - adana demirspor güncel, sivasspor - adana demirspor son dakika",
2025-09-25T23:01:07.637339,pendikspor - sakaryaspor,10 B+,"pendikspor - sakaryaspor son dakika, pendikspor - sakaryaspor güncel",
2025-09-25T23:01:08.138363,sakaryaspor,10 B+,"sakaryaspor son dakika, sakaryaspor güncel",
2025-09-25T23:01:08.639356,neşet ertaş,10 B+,"neşet ertaş son dakika, neşet ertaş güncel",
2025-09-25T23:01:09.140482,meşruiyet,20 B+,"meşruiyet güncel, meşruiyet son dakika",
2025-09-25T23:01:09.641653,ريال أوفييدو ضد برشلونة,5 B+,"ريال أوفييدو ضد برشلونة güncel, ريال أوفييدو ضد برشلونة son dakika",
2025-09-25T23:01:10.142815,hamsili pilav,10 B+,"hamsili pilav son dakika, hamsili pilav güncel",
2025-09-25T23:01:10.643523,veliaht 3 bölüm,5 B+,"veliaht 3 bölüm son dakika, veliaht 3 bölüm güncel",
2025-09-25T23:01:11.144226,hudutsuz sevda ne zaman başlayacak,5 B+,"hudutsuz sevda ne zaman başlayacak son dakika, hudutsuz sevda ne zaman başlayacak güncel",
2025-09-25T23:01:11.645435,defne kurt,2 B+,"defne kurt güncel, defne kurt son dakika",
2025-09-26T00:01:06.341311,oviedo - barcelona,20 B+,"oviedo - barcelona güncel, oviedo - barcelona son dakika",
2025-09-26T00:01:06.842359,caatsa yaptırımları nedir,20 B+,"caatsa yaptırımları nedir güncel, caatsa yaptırımları nedir son dakika",
2025-09-26T00:01:07.343458,pendikspor - sakaryaspor,20 B+,"pendikspor - sakaryaspor son dakika, pendikspor - sakaryaspor güncel",
2025-09-26T00:01:07.844531,eşref rüya son bölüm izle,100 B+,"eşref rüya son bölüm izle son dakika, eşref rüya son bölüm izle güncel",
2025-09-26T00:01:08.345615,ريال أوفييدو ضد برشلونة,5 B+,"ريال أوفييدو ضد برشلونة son dakika, ريال أوفييدو ضد برشلونة güncel",
2025-09-26T00:01:08.846663,sivasspor - adana demirspor,20 B+,"sivasspor - adana demirspor son dakika, sivasspor - adana demirspor güncel",
2025-09-26T00:01:09.347792,billy vigar,5 B+,"billy vigar son dakika, billy vigar güncel",
2025-09-26T00:01:09.848896,veliaht 3 bölüm,10 B+,"veliaht 3 bölüm güncel, veliaht 3 bölüm son dakika",
2025-09-26T00:01:10.350091,meşruiyet,10 B+,"meşruiyet son dakika, meşruiyet güncel",
2025-09-26T00:01:10.850864,masterchef çağatay,10 B+,"masterchef çağatay güncel, masterchef çağatay son dakika",
2025-09-26T00:01:11.351778,defne kurt,5 B+,"defne kurt son dakika, defne kurt güncel",
2025-09-26T00:01:11.853024,hudutsuz sevda ne zaman başlayacak,10 B+,"hudutsuz sevda ne zaman başlayacak güncel, hudutsuz sevda ne zaman başlayacak son dakika",
2025-09-26T00:01:12.353993,aston villa,5 B+,"aston villa son dakika, aston villa güncel",
2025-09-26T00:01:12.855129,amedspor,20 B+,"amedspor güncel, amedspor son dakika",
2025-09-26T00:01:13.356182,trump,5 B+,"trump son dakika, trump güncel",
2025-09-26T01:01:04.647107,oviedo - barcelona,20 B+,"oviedo - barcelona güncel, oviedo - barcelona son dakika",
2025-09-26T01:01:05.148222,caatsa yaptırımları nedir,20 B+,"caatsa yaptırımları nedir güncel, caatsa yaptırımları nedir son dakika",
2025-09-26T01:01:05.649329,billy vigar,5 B+,"billy vigar güncel, billy vigar son dakika",
2025-09-26T01:01:06.150535,caner erkin,20 B+,"caner erkin güncel, caner erkin son dakika",
2025-09-26T01:01:06.651707,meşruiyet,20 B+,"meşruiyet güncel, meşruiyet son dakika",
2025-09-26T01:01:07.152912,ريال أوفييدو ضد برشلونة,10 B+,"ريال أوفييدو ضد برشلونة son dakika, ريال أوفييدو ضد برشلونة güncel",
2025-09-26T01:01:07.654133,masterchef çağatay,10 B+,"masterchef çağatay güncel, masterchef çağatay son dakika",
2025-09-26T01:01:08.155194,sivasspor - adana demirspor,20 B+,"sivasspor - adana demirspor güncel, sivasspor - adana demirspor son dakika",
2025-09-26T01:01:08.656343,defne kurt,5 B+,"defne kurt güncel, defne kurt son dakika",
2025-09-26T01:01:09.157508,hudutsuz sevda yeni sezon,10 B+,"hudutsuz sevda yeni sezon güncel, hudutsuz sevda yeni sezon son dakika",
2025-09-26T01:01:09.658664,aston villa,5 B+,"aston villa son dakika, aston villa güncel",
2025-09-26T01:01:10.159825,taylor swift,5 B+,"taylor swift son dakika, taylor swift güncel",
2025-09-26T01:01:10.661003,veliaht,10 B+,"veliaht son dakika, veliaht güncel",
2025-09-26T01:01:11.161750,porto,2 B+,"porto son dakika, porto güncel",
2025-09-26T01:01:11.662833,heybeliada okulu,5 B+,"heybeliada okulu güncel, heybeliada okulu son dakika",
2025-09-26T02:01:04.279867,oviedo - barcelona,50 B+,"oviedo - barcelona güncel, oviedo - barcelona son dakika",
2025-09-26T02:01:04.780845,caatsa yaptırımları nedir,20 B+,"caatsa yaptırımları nedir son dakika, caatsa yaptırımları nedir güncel",
2025-09-26T02:01:05.282043,billy vigar,10 B+,"billy vigar güncel, billy vigar son dakika",
2025-09-26T02:01:05.783150,caner erkin,20 B+,"caner erkin son dakika, caner erkin güncel",
2025-09-26T02:01:06.284247,meşruiyet,20 B+,"meşruiyet son dakika, meşruiyet güncel",
2025-09-26T02:01:06.785510,ريال أوفييدو ضد برشلونة,10 B+,"ريال أوفييدو ضد برشلونة güncel, ريال أوفييدو ضد برشلونة son dakika",
2025-09-26T02:01:07.286674,sivasspor - adana demirspor,20 B+,"sivasspor - adana demirspor güncel, sivasspor - adana demirspor son dakika",
2025-09-26T02:01:07.787612,defne kurt,5 B+,"defne kurt son dakika, defne kurt güncel",
2025-09-26T02:01:08.288725,hudutsuz sevda yeni sezon,10 B+,"hudutsuz sevda yeni sezon güncel, hudutsuz sevda yeni sezon son dakika",
2025-09-26T02:01:08.789768,taylor swift,5 B+,"taylor swift son dakika, taylor swift güncel",
2025-09-26T02:01:09.290961,heybeliada okulu,5 B+,"heybeliada okulu güncel, heybeliada okulu son dakika",
2025-09-26T02:01:09.792117,inci taneleri yeni sezon,2 B+,"inci taneleri yeni sezon güncel, inci taneleri yeni sezon son dakika",
2025-09-26T02:01:10.293274,xiaomi 17 pro max,5 B+,"xiaomi 17 pro max güncel, xiaomi 17 pro max son dakika",
2025-09-26T02:01:10.794438,veliaht son bölüm izle,10 B+,"veliaht son bölüm izle son dakika, veliaht son bölüm izle güncel",
2025-09-26T02:01:11.295448,porto,2 B+,"porto son dakika, porto güncel",
2025-09-26T03:01:04.426379,oviedo - barcelona,50 B+,"oviedo - barcelona güncel, oviedo - barcelona son dakika",
2025-09-26T03:01:04.927426,caatsa yaptırımları nedir,20 B+,"caatsa yaptırımları nedir güncel, caatsa yaptırımları nedir son dakika",
2025-09-26T03:01:05.428542,billy vigar,10 B+,"billy vigar son dakika, billy vigar güncel",
2025-09-26T03:01:05.929658,caner erkin,20 B+,"caner erkin güncel, caner erkin son dakika",
2025-09-26T03:01:06.430775,meşruiyet,20 B+,"meşruiyet son dakika, meşruiyet güncel",
2025-09-26T03:01:06.931832,defne kurt,5 B+,"defne kurt güncel, defne kurt son dakika",
2025-09-26T03:01:07.433031,ريال أوفييدو ضد برشلونة,10 B+,"ريال أوفييدو ضد برشلونة güncel, ريال أوفييدو ضد برشلونة son dakika",
2025-09-26T03:01:07.934128,hudutsuz sevda ne zaman başlayacak,10 B+,"hudutsuz sevda ne zaman başlayacak güncel, hudutsuz sevda ne zaman başlayacak son dakika",
2025-09-26T03:01:08.435171,inci taneleri yeni sezon,2 B+,"inci taneleri yeni sezon güncel, inci taneleri yeni sezon son dakika",
2025-09-26T03:01:08.936233,taylor swift,5 B+,"taylor swift güncel, taylor swift son dakika",
2025-09-26T03:01:09.437156,trump,5 B+,"trump güncel, trump son dakika",
2025-09-26T03:01:09.938175,heybeliada okulu,5 B+,"heybeliada okulu güncel, heybeliada okulu son dakika",
2025-09-26T03:01:10.439332,xiaomi 17 pro max,5 B+,"xiaomi 17 pro max güncel, xiaomi 17 pro max son dakika",
2025-09-26T03:01:10.940275,veliaht son bölüm izle,10 B+,"veliaht son bölüm izle güncel, veliaht son bölüm izle son dakika",
2025-09-26T03:01:11.441353,ebru gündeş,2 B+,"ebru gündeş güncel, ebru gündeş son dakika",
2025-09-26T04:01:04.377197,oviedo - barcelona,50 B+,"oviedo - barcelona son dakika, oviedo - barcelona güncel",
2025-09-26T04:01:04.878092,billy vigar,10 B+,"billy vigar güncel, billy vigar son dakika",
2025-09-26T04:01:05.379031,caatsa yaptırımları nedir,20 B+,"caatsa yaptırımları nedir son dakika, caatsa yaptırımları nedir güncel",
2025-09-26T04:01:05.880175,meşruiyet,20 B+,"meşruiyet güncel, meşruiyet son dakika",
2025-09-26T04:01:06.381355,caner erkin,20 B+,"caner erkin son dakika, caner erkin güncel",
2025-09-26T04:01:06.882450,defne kurt,5 B+,"defne kurt son dakika, defne kurt güncel",
2025-09-26T04:01:07.383221,ريال أوفييدو ضد برشلونة,10 B+,"ريال أوفييدو ضد برشلونة son dakika, ريال أوفييدو ضد برشلونة güncel",
2025-09-26T04:01:07.883982,taylor swift,5 B+,"taylor swift güncel, taylor swift son dakika",
2025-09-26T04:01:08.385115,inci taneleri yeni sezon,2 B+,"inci taneleri yeni sezon güncel, inci taneleri yeni sezon son dakika",
2025-09-26T04:01:08.886223,hudutsuz sevda yeni sezon,10 B+,"hudutsuz sevda yeni sezon güncel, hudutsuz sevda yeni sezon son dakika",
2025-09-26T04:01:09.387389,ghost of yotei,2 B+,"ghost of yotei güncel, ghost of yotei son dakika",
2025-09-26T04:01:09.888492,xiaomi 17 pro max,5 B+,"xiaomi 17 pro max güncel, xiaomi 17 pro max son dakika",
2025-09-26T04:01:10.389610,ebru gündeş,2 B+,"ebru gündeş son dakika, ebru gündeş güncel",
2025-09-26T04:01:10.890705,veliaht son bölüm izle,10 B+,"veliaht son bölüm izle son dakika, veliaht son bölüm izle güncel",
2025-09-26T04:01:11.391187,heybeliada okulu,5 B+,"heybeliada okulu son dakika, heybeliada okulu güncel",
2025-09-26T05:01:04.894117,oviedo - barcelona,50 B+,"oviedo - barcelona son dakika, oviedo - barcelona güncel",
2025-09-26T05:01:05.395236,caatsa yaptırımları nedir,20 B+,"caatsa yaptırımları nedir son dakika, caatsa yaptırımları nedir güncel",
2025-09-26T05:01:05.896158,billy vigar,10 B+,"billy vigar son dakika, billy vigar güncel",
2025-09-26T05:01:06.397306,caner erkin,20 B+,"caner erkin güncel, caner erkin son dakika",
2025-09-26T05:01:06.898462,meşruiyet,20 B+,"meşruiyet güncel, meşruiyet son dakika",
2025-09-26T05:01:07.399521,ريال أوفييدو ضد برشلونة,10 B+,"ريال أوفييدو ضد برشلونة son dakika, ريال أوفييدو ضد برشلونة güncel",
2025-09-26T05:01:07.900238,defne kurt,5 B+,"defne kurt son dakika, defne kurt güncel",
2025-09-26T05:01:08.401309,inci taneleri yeni sezon,5 B+,"inci taneleri yeni sezon son dakika, inci taneleri yeni sezon güncel",
2025-09-26T05:01:08.902458,ebru gündeş,2 B+,"ebru gündeş güncel, ebru gündeş son dakika",
2025-09-26T05:01:09.403564,hudutsuz sevda yeni sezon,10 B+,"hudutsuz sevda yeni sezon güncel, hudutsuz sevda yeni sezon son dakika",
2025-09-26T05:01:09.904707,aston villa,5 B+,"aston villa son dakika, aston villa güncel",
2025-09-26T05:01:10.405815,xiaomi 17 pro max,5 B+,"xiaomi 17 pro max güncel, xiaomi 17 pro max son dakika",
2025-09-26T05:01:10.907086,sivasspor - adana demirspor,20 B+,"sivasspor - adana demirspor son dakika, sivasspor - adana demirspor güncel",
2025-09-26T05:01:11.408228,yks ek yerlestirme kilavuzu,5 B+,"yks ek yerlestirme kilavuzu son dakika, yks ek yerlestirme kilavuzu güncel",
2025-09-26T05:01:11.909149,amedspor,20 B+,"amedspor son dakika, amedspor güncel",
2025-09-26T06:01:04.865505,oviedo - barcelona,50 B+,"oviedo - barcelona son dakika, oviedo - barcelona güncel",
2025-09-26T06:01:05.366538,billy vigar,10 B+,"billy vigar güncel, billy vigar son dakika",
2025-09-26T06:01:05.867604,caatsa yaptırımları nedir,20 B+,"caatsa yaptırımları nedir güncel, caatsa yaptırımları nedir son dakika",
2025-09-26T06:01:06.368631,ريال أوفييدو ضد برشلونة,10 B+,"ريال أوفييدو ضد برشلونة güncel, ريال أوفييدو ضد برشلونة son dakika",
2025-09-26T06:01:06.869737,caner erkin,20 B+,"caner erkin son dakika, caner erkin güncel",
2025-09-26T06:01:07.370982,sivasspor - adana demirspor,20 B+,"sivasspor - adana demirspor güncel, sivasspor - adana demirspor son dakika",
2025-09-26T06:01:07.871673,meşruiyet,20 B+,"meşruiyet güncel, meşruiyet son dakika",
2025-09-26T06:01:08.372779,defne kurt,5 B+,"defne kurt son dakika, defne kurt güncel",
2025-09-26T06:01:08.873985,inci taneleri yeni sezon,5 B+,"inci taneleri yeni sezon son dakika, inci taneleri yeni sezon güncel",
2025-09-26T06:01:09.375119,ebru gündeş,2 B+,"ebru gündeş son dakika, ebru gündeş güncel",
2025-09-26T06:01:09.876226,xiaomi 17 pro max,5 B+,"xiaomi 17 pro max son dakika, xiaomi 17 pro max güncel",
2025-09-26T06:01:10.377312,veliaht son bölüm izle,10 B+,"veliaht son bölüm izle güncel, veliaht son bölüm izle son dakika",
2025-09-26T06:01:10.878461,aston villa - bologna,5 B+,"aston villa - bologna güncel, aston villa - bologna son dakika",
2025-09-26T06:01:11.379631,masterchef çağatay mehmet şef,5 B+,"masterchef çağatay mehmet şef son dakika, masterchef çağatay mehmet şef güncel",
2025-09-26T06:01:11.880784,bedaş,2 B+,"bedaş güncel, bedaş son dakika",
2025-09-26T07:01:04.412329,oviedo - barcelona,50 B+,"oviedo - barcelona güncel, oviedo - barcelona son dakika",
2025-09-26T07:01:04.913118,caatsa yaptırımları nedir,20 B+,"caatsa yaptırımları nedir güncel, caatsa yaptırımları nedir son dakika",
2025-09-26T07:01:05.414158,billy vigar,10 B+,"billy vigar güncel, billy vigar son dakika",
2025-09-26T07:01:05.915087,caner erkin,20 B+,"caner erkin güncel, caner erkin son dakika",
2025-09-26T07:01:06.416173,ريال أوفييدو ضد برشلونة,10 B+,"ريال أوفييدو ضد برشلونة son dakika, ريال أوفييدو ضد برشلونة güncel",
2025-09-26T07:01:06.917015,meşruiyet,20 B+,"meşruiyet güncel, meşruiyet son dakika",
2025-09-26T07:01:07.417759,sivasspor - adana demirspor,20 B+,"sivasspor - adana demirspor güncel, sivasspor - adana demirspor son dakika",
2025-09-26T07:01:07.918342,defne kurt,5 B+,"defne kurt son dakika, defne kurt güncel",
2025-09-26T07:01:08.419488,inci taneleri yeni sezon,5 B+,"inci taneleri yeni sezon güncel, inci taneleri yeni sezon son dakika",
2025-09-26T07:01:08.920217,aston villa,5 B+,"aston villa güncel, aston villa son dakika",
2025-09-26T07:01:09.421322,ebru gündeş,2 B+,"ebru gündeş son dakika, ebru gündeş güncel",
2025-09-26T07:01:09.922215,billy vigar neden öldü,1 B+,"billy vigar neden öldü son dakika, billy vigar neden öldü güncel",
2025-09-26T07:01:10.423367,porto,5 B+,"porto güncel, porto son dakika",
2025-09-26T07:01:10.924112,xiaomi 17 pro max,5 B+,"xiaomi 17 pro max son dakika, xiaomi 17 pro max güncel",
2025-09-26T07:01:11.425158,taylor swift,5 B+,"taylor swift son dakika, taylor swift güncel",
2025-09-26T08:01:05.009443,oviedo - barcelona,50 B+,"oviedo - barcelona güncel, oviedo - barcelona son dakika",
2025-09-26T08:01:05.510138,güllü,10 B+,"güllü güncel, güllü son dakika",
2025-09-26T08:01:06.011245,billy vigar,10 B+,"billy vigar son dakika, billy vigar güncel",
2025-09-26T08:01:06.512357,caatsa yaptırımları nedir,20 B+,"caatsa yaptırımları nedir güncel, caatsa yaptırımları nedir son dakika",
2025-09-26T08:01:07.013460,caner erkin,20 B+,"caner erkin son dakika, caner erkin güncel",
2025-09-26T08:01:07.514579,sivasspor - adana demirspor,20 B+,"sivasspor - adana demirspor güncel, sivasspor - adana demirspor son dakika",
2025-09-26T08:01:08.015699,ريال أوفييدو ضد برشلونة,10 B+,"ريال أوفييدو ضد برشلونة güncel, ريال أوفييدو ضد برشلونة son dakika",
2025-09-26T08:01:08.516156,meşruiyet,20 B+,"meşruiyet son dakika, meşruiyet güncel",
2025-09-26T08:01:09.017268,defne kurt,5 B+,"defne kurt son dakika, defne kurt güncel",
2025-09-26T08:01:09.518393,billy vigar neden öldü,2 B+,"billy vigar neden öldü son dakika, billy vigar neden öldü güncel",
2025-09-26T08:01:10.019519,inci taneleri yeni sezon,5 B+,"inci taneleri yeni sezon son dakika, inci taneleri yeni sezon güncel",
2025-09-26T08:01:10.520631,taylor swift,5 B+,"taylor swift güncel, taylor swift son dakika",
2025-09-26T08:01:11.021743,trump,5 B+,"trump son dakika, trump güncel",
2025-09-26T08:01:11.522927,aston villa - bologna,5 B+,"aston villa - bologna güncel, aston villa - bologna son dakika",
2025-09-26T08:01:12.024103,heybeliada okulu,5 B+,"heybeliada okulu güncel, heybeliada okulu son dakika",
2025-09-26T09:01:04.604152,güllü,100 B+,"güllü güncel, güllü son dakika",
2025-09-26T09:01:05.105171,oviedo - barcelona,50 B+,"oviedo - barcelona güncel, oviedo - barcelona son dakika",
2025-09-26T09:01:05.606187,caatsa yaptırımları nedir,20 B+,"caatsa yaptırımları nedir son dakika, caatsa yaptırımları nedir güncel",
2025-09-26T09:01:06.107299,billy vigar,10 B+,"billy vigar son dakika, billy vigar güncel",
2025-09-26T09:01:06.608403,caner erkin,20 B+,"caner erkin son dakika, caner erkin güncel",
2025-09-26T09:01:07.109558,meşruiyet,20 B+,"meşruiyet güncel, meşruiyet son dakika",
2025-09-26T09:01:07.610722,istanbul hava durumu,200 B+,"istanbul hava durumu güncel, istanbul hava durumu son dakika",
2025-09-26T09:01:08.111936,defne kurt,5 B+,"defne kurt son dakika, defne kurt güncel",
2025-09-26T09:01:08.613146,ريال أوفييدو ضد برشلونة,10 B+,"ريال أوفييدو ضد برشلونة son dakika, ريال أوفييدو ضد برشلونة güncel",
2025-09-26T09:01:09.114196,inci taneleri yeni sezon,5 B+,"inci taneleri yeni sezon güncel, inci taneleri yeni sezon son dakika",
2025-09-26T09:01:09.615276,taylor swift,5 B+,"taylor swift son dakika, taylor swift güncel",
2025-09-26T09:01:10.116332,heybeliada okulu,5 B+,"heybeliada okulu son dakika, heybeliada okulu güncel",
2025-09-26T09:01:10.616970,xiaomi 17 pro max,5 B+,"xiaomi 17 pro max güncel, xiaomi 17 pro max son dakika",
2025-09-26T09:01:11.118124,ebru gündeş,5 B+,"ebru gündeş güncel, ebru gündeş son dakika",
2025-09-26T09:01:11.619260,bursa su kesintisi,5 B+,"bursa su kesintisi güncel, bursa su kesintisi son dakika",
2025-09-26T10:01:04.288918,güllü,200 B+,"güllü son dakika, güllü güncel",
2025-09-26T10:01:04.789960,oviedo - barcelona,50 B+,"oviedo - barcelona son dakika, oviedo - barcelona güncel",
2025-09-26T10:01:05.291087,caatsa yaptırımları nedir,50 B+,"caatsa yaptırımları nedir son dakika, caatsa yaptırımları nedir güncel",
2025-09-26T10:01:05.792210,billy vigar,10 B+,"billy vigar güncel, billy vigar son dakika",
2025-09-26T10:01:06.293125,caner erkin,20 B+,"caner erkin güncel, caner erkin son dakika",
2025-09-26T10:01:06.794112,defne kurt,5 B+,"defne kurt son dakika, defne kurt güncel",
2025-09-26T10:01:07.295275,trump,10 B+,"trump son dakika, trump güncel",
2025-09-26T10:01:07.796319,ريال أوفييدو ضد برشلونة,10 B+,"ريال أوفييدو ضد برشلونة güncel, ريال أوفييدو ضد برشلونة son dakika",
2025-09-26T10:01:08.297455,xiaomi 17 pro max,5 B+,"xiaomi 17 pro max son dakika, xiaomi 17 pro max güncel",
2025-09-26T10:01:08.798612,ebru gündeş,5 B+,"ebru gündeş son dakika, ebru gündeş güncel",
2025-09-26T10:01:09.299827,inci taneleri yeni sezon,5 B+,"inci taneleri yeni sezon güncel, inci taneleri yeni sezon son dakika",
2025-09-26T10:01:09.801114,heybeliada okulu,5 B+,"heybeliada okulu son dakika, heybeliada okulu güncel",
2025-09-26T10:01:10.302338,sevdagül tunçer,2 B+,"sevdagül tunçer son dakika, sevdagül tunçer güncel",
2025-09-26T10:01:10.803432,taylor swift,5 B+,"taylor swift güncel, taylor swift son dakika",
2025-09-26T10:01:11.304528,masterchef çağatay kavga,10 B+,"masterchef çağatay kavga son dakika, masterchef çağatay kavga güncel",
2025-09-26T11:01:04.147412,güllü,200 B+,"güllü son dakika, güllü güncel",
2025-09-26T11:01:04.648479,oviedo - barcelona,50 B+,"oviedo - barcelona son dakika, oviedo - barcelona güncel",
2025-09-26T11:01:05.149621,caatsa yaptırımları nedir,20 B+,"caatsa yaptırımları nedir son dakika, caatsa yaptırımları nedir güncel",
2025-09-26T11:01:05.650733,billy vigar,10 B+,"billy vigar güncel, billy vigar son dakika",
2025-09-26T11:01:06.151334,caner erkin,20 B+,"caner erkin son dakika, caner erkin güncel",
2025-09-26T11:01:06.652494,meşruiyet,20 B+,"meşruiyet son dakika, meşruiyet güncel",
2025-09-26T11:01:07.153648,defne kurt,5 B+,"defne kurt güncel, defne kurt son dakika",
2025-09-26T11:01:07.654717,ريال أوفييدو ضد برشلونة,10 B+,"ريال أوفييدو ضد برشلونة son dakika, ريال أوفييدو ضد برشلونة güncel",
2025-09-26T11:01:08.155963,xiaomi 17 pro max,5 B+,"xiaomi 17 pro max güncel, xiaomi 17 pro max son dakika",
2025-09-26T11:01:08.657126,trump,10 B+,"trump güncel, trump son dakika",
2025-09-26T11:01:09.158198,sevdagül tunçer,5 B+,"sevdagül tunçer güncel, sevdagül tunçer son dakika",
2025-09-26T11:01:09.659367,ebru gündeş,5 B+,"ebru gündeş güncel, ebru gündeş son dakika",
2025-09-26T11:01:10.160445,bolu deprem,1 B+,"bolu deprem son dakika, bolu deprem güncel",
2025-09-26T11:01:10.661346,billy vigar neden öldü,5 B+,"billy vigar neden öldü son dakika, billy vigar neden öldü güncel",
2025-09-26T11:01:11.162469,inci taneleri yeni sezon,5 B+,"inci taneleri yeni sezon güncel, inci taneleri yeni sezon son dakika",
2025-09-26T12:01:04.149636,güllü,500 B+,"güllü son dakika, güllü güncel",
2025-09-26T12:01:04.650673,oviedo - barcelona,50 B+,"oviedo - barcelona güncel, oviedo - barcelona son dakika",
2025-09-26T12:01:05.151684,billy vigar,10 B+,"billy vigar son dakika, billy vigar güncel",
2025-09-26T12:01:05.652748,caatsa yaptırımları nedir,20 B+,"caatsa yaptırımları nedir güncel, caatsa yaptırımları nedir son dakika",
2025-09-26T12:01:06.153727,caner erkin,20 B+,"caner erkin son dakika, caner erkin güncel",
2025-09-26T12:01:06.654961,meşruiyet,20 B+,"meşruiyet güncel, meşruiyet son dakika",
2025-09-26T12:01:07.155726,defne kurt,10 B+,"defne kurt son dakika, defne kurt güncel",
2025-09-26T12:01:07.656846,xiaomi 17 pro max,5 B+,"xiaomi 17 pro max güncel, xiaomi 17 pro max son dakika",
2025-09-26T12:01:08.158024,trump,10 B+,"trump son dakika, trump güncel",
2025-09-26T12:01:08.659164,sevdagül tunçer,5 B+,"sevdagül tunçer son dakika, sevdagül tunçer güncel",
2025-09-26T12:01:09.160241,bedaş,5 B+,"bedaş güncel, bedaş son dakika",
2025-09-26T12:01:09.661402,mebi tanıtım,5 B+,"mebi tanıtım güncel, mebi tanıtım son dakika",
2025-09-26T12:01:10.162560,ebru gündeş,5 B+,"ebru gündeş güncel, ebru gündeş son dakika",
2025-09-26T12:01:10.663696,masterchef çağatay kavga,10 B+,"masterchef çağatay kavga son dakika, masterchef çağatay kavga güncel",
2025-09-26T12:01:11.164767,bolu deprem,2 B+,"bolu deprem son dakika, bolu deprem güncel",
2025-09-26T13:01:05.301408,güllü,500 B+,"güllü son dakika, güllü güncel",
2025-09-26T13:01:05.802304,oviedo - barcelona,50 B+,"oviedo - barcelona güncel, oviedo - barcelona son dakika",
2025-09-26T13:01:06.303448,billy vigar,20 B+,"billy vigar son dakika, billy vigar güncel",
2025-09-26T13:01:06.804627,caatsa yaptırımları nedir,20 B+,"caatsa yaptırımları nedir son dakika, caatsa yaptırımları nedir güncel",
2025-09-26T13:01:07.305607,caner erkin,20 B+,"caner erkin güncel, caner erkin son dakika",
2025-09-26T13:01:07.806751,defne kurt,10 B+,"defne kurt güncel, defne kurt son dakika",
2025-09-26T13:01:08.307829,xiaomi 17 pro max,10 B+,"xiaomi 17 pro max güncel, xiaomi 17 pro max son dakika",
2025-09-26T13:01:08.809077,sevdagül tunçer,5 B+,"sevdagül tunçer son dakika, sevdagül tunçer güncel",
2025-09-26T13:01:09.310210,trump,5 B+,"trump güncel, trump son dakika",
2025-09-26T13:01:09.811423,masterchef çağatay kavga,10 B+,"masterchef çağatay kavga son dakika, masterchef çağatay kavga güncel",
2025-09-26T13:01:10.312520,ebru gündeş,5 B+,"ebru gündeş son dakika, ebru gündeş güncel",
2025-09-26T13:01:10.813738,veliaht son bölüm izle,20 B+,"veliaht son bölüm izle güncel, veliaht son bölüm izle son dakika",
2025-09-26T13:01:11.314803,billy vigar neden öldü,5 B+,"billy vigar neden öldü güncel, billy vigar neden öldü son dakika",
2025-09-26T13:01:11.816071,buski,10 B+,"buski güncel, buski son dakika",
2025-09-26T13:01:12.317192,26 eylül cuma hutbesi,1 B+,"resimli 26 eylül cuma hutbesi, mesaj 26 eylül cuma hutbesi, 26 eylül cuma hutbesi kutlama, 26 eylül cuma hutbesi son dakika, 26 eylül cuma hutbesi güncel","dua 26 eylül cuma hutbesi haberleri, 26 eylül cuma hutbesi dua son dakika, hutbe 26 eylül cuma hutbesi haberleri, 26 eylül cuma hutbesi hutbe son dakika"
2025-09-26T14:01:03.838409,güllü,500 B+,"güllü son dakika, güllü güncel",
2025-09-26T14:01:04.339420,oviedo - barcelona,50 B+,"oviedo - barcelona güncel, oviedo - barcelona son dakika",
2025-09-26T14:01:04.840555,billy vigar,20 B+,"billy vigar güncel, billy vigar son dakika",
2025-09-26T14:01:05.341721,caatsa yaptırımları nedir,20 B+,"caatsa yaptırımları nedir son dakika, caatsa yaptırımları nedir güncel",
2025-09-26T14:01:05.842833,caner erkin,20 B+,"caner erkin son dakika, caner erkin güncel",
2025-09-26T14:01:06.344033,xiaomi 17 pro max,10 B+,"xiaomi 17 pro max güncel, xiaomi 17 pro max son dakika",
2025-09-26T14:01:06.845195,defne kurt,10 B+,"defne kurt son dakika, defne kurt güncel",
2025-09-26T14:01:07.345889,sevdagül tunçer,5 B+,"sevdagül tunçer güncel, sevdagül tunçer son dakika",
2025-09-26T14:01:07.847071,26 eylül cuma hutbesi,2 B+,"mesaj 26 eylül cuma hutbesi, kutlama 26 eylül cuma hutbesi, 26 eylül cuma hutbesi mesaj, 26 eylül cuma hutbesi son dakika, 26 eylül cuma hutbesi kutlama","26 eylül cuma hutbesi dua son dakika, 26 eylül cuma hutbesi hutbe son dakika, hutbe 26 eylül cuma hutbesi haberleri, dua 26 eylül cuma hutbesi haberleri"
2025-09-26T14:01:08.348197,mebi tanıtım,5 B+,"mebi tanıtım güncel, mebi tanıtım son dakika",
2025-09-26T14:01:08.849300,billy vigar neden öldü,5 B+,"billy vigar neden öldü son dakika, billy vigar neden öldü güncel",
2025-09-26T14:01:09.350213,ebru gündeş,5 B+,"ebru gündeş son dakika, ebru gündeş güncel",
2025-09-26T14:01:09.851386,veliaht son bölüm izle,20 B+,"veliaht son bölüm izle son dakika, veliaht son bölüm izle güncel",
2025-09-26T14:01:10.352542,boeing,2 B+,"boeing son dakika, boeing güncel",
2025-09-26T14:01:10.853704,türk dil bayramı,1 B+,"türk dil bayramı son dakika, türk dil bayramı güncel",
2025-09-26T15:01:04.803133,güllü,500 B+,"güllü güncel, güllü son dakika",
2025-09-26T15:01:05.304142,oviedo - barcelona,50 B+,"oviedo - barcelona güncel, oviedo - barcelona son dakika",
2025-09-26T15:01:05.805285,billy vigar,20 B+,"billy vigar güncel, billy vigar son dakika",
2025-09-26T15:01:06.306438,caatsa yaptırımları nedir,20 B+,"caatsa yaptırımları nedir son dakika, caatsa yaptırımları nedir güncel",
2025-09-26T15:01:06.807550,caner erkin,20 B+,"caner erkin güncel, caner erkin son dakika",
2025-09-26T15:01:07.308688,xiaomi 17 pro max,10 B+,"xiaomi 17 pro max güncel, xiaomi 17 pro max son dakika",
2025-09-26T15:01:07.809825,defne kurt,10 B+,"defne kurt son dakika, defne kurt güncel",
2025-09-26T15:01:08.311096,sevdagül tunçer,5 B+,"sevdagül tunçer güncel, sevdagül tunçer son dakika",
2025-09-26T15:01:08.812220,mebi tanıtım,5 B+,"mebi tanıtım son dakika, mebi tanıtım güncel",
2025-09-26T15:01:09.313344,ebru gündeş,5 B+,"ebru gündeş güncel, ebru gündeş son dakika",
2025-09-26T15:01:09.814511,26 eylül cuma hutbesi,2 B+,"mesaj 26 eylül cuma hutbesi, kutlama 26 eylül cuma hutbesi, resimli 26 eylül cuma hutbesi, 26 eylül cuma hutbesi güncel, 26 eylül cuma hutbesi son dakika","dua 26 eylül cuma hutbesi haberleri, hutbe 26 eylül cuma hutbesi haberleri, 26 eylül cuma hutbesi dua son dakika, 26 eylül cuma hutbesi hutbe son dakika"
2025-09-26T15:01:10.315603,veliaht son bölüm izle,20 B+,"veliaht son bölüm izle son dakika, veliaht son bölüm izle güncel",
2025-09-26T15:01:10.816697,boeing,2 B+,"boeing güncel, boeing son dakika",
2025-09-26T15:01:11.317792,mahsun j,2 B+,"mahsun j güncel, mahsun j son dakika",
2025-09-26T15:01:11.818938,diogo jota,500+,"diogo jota son dakika, diogo jota güncel",
2025-09-26T16:01:04.656578,güllü,500 B+,"güllü son dakika, güllü güncel",
2025-09-26T16:01:05.157619,oviedo - barcelona,50 B+,"oviedo - barcelona güncel, oviedo - barcelona son dakika",
2025-09-26T16:01:05.658693,caatsa yaptırımları nedir,20 B+,"caatsa yaptırımları nedir güncel, caatsa yaptırımları nedir son dakika",
2025-09-26T16:01:06.159700,billy vigar,20 B+,"billy vigar güncel, billy vigar son dakika",
2025-09-26T16:01:06.660743,caner erkin,20 B+,"caner erkin son dakika, caner erkin güncel",
2025-09-26T16:01:07.161960,xiaomi 17 pro max,10 B+,"xiaomi 17 pro max son dakika, xiaomi 17 pro max güncel",
2025-09-26T16:01:07.663132,sevdagül tunçer,5 B+,"sevdagül tunçer güncel, sevdagül tunçer son dakika",
2025-09-26T16:01:08.164288,ebru gündeş,5 B+,"ebru gündeş güncel, ebru gündeş son dakika",
2025-09-26T16:01:08.665313,veliaht son bölüm izle,20 B+,"veliaht son bölüm izle güncel, veliaht son bölüm izle son dakika",
2025-09-26T16:01:09.166402,billy vigar neden öldü,5 B+,"billy vigar neden öldü güncel, billy vigar neden öldü son dakika",
2025-09-26T16:01:09.667550,mahsun j,2 B+,"mahsun j güncel, mahsun j son dakika",
2025-09-26T16:01:10.168599,fati vazquez,1 B+,"fati vazquez son dakika, fati vazquez güncel",
2025-09-26T16:01:10.669576,26 eylül cuma hutbesi,2 B+,"resimli 26 eylül cuma hutbesi, kutlama 26 eylül cuma hutbesi, 26 eylül cuma hutbesi resimli, 26 eylül cuma hutbesi güncel, mesaj 26 eylül cuma hutbesi","hutbe 26 eylül cuma hutbesi haberleri, 26 eylül cuma hutbesi hutbe son dakika, 26 eylül cuma hutbesi dua son dakika, dua 26 eylül cuma hutbesi haberleri"
2025-09-26T16:01:11.170705,buski,10 B+,"buski güncel, buski son dakika",
2025-09-26T16:01:11.671813,boeing,2 B+,"boeing güncel, boeing son dakika",
2025-09-26T17:01:04.674965,güllü,500 B+,"güllü güncel, güllü son dakika",
2025-09-26T17:01:05.176014,oviedo - barcelona,50 B+,"oviedo - barcelona güncel, oviedo - barcelona son dakika",
2025-09-26T17:01:05.676984,billy vigar,20 B+,"billy vigar son dakika, billy vigar güncel",
2025-09-26T17:01:06.178122,caner erkin,50 B+,"caner erkin güncel, caner erkin son dakika",
2025-09-26T17:01:06.679158,caatsa yaptırımları nedir,20 B+,"caatsa yaptırımları nedir güncel, caatsa yaptırımları nedir son dakika",
2025-09-26T17:01:07.180316,xiaomi 17 pro max,10 B+,"xiaomi 17 pro max güncel, xiaomi 17 pro max son dakika",
2025-09-26T17:01:07.681472,barış yarkadaş,2 B+,"barış yarkadaş son dakika, barış yarkadaş güncel",
2025-09-26T17:01:08.182538,sevdagül tunçer,5 B+,"sevdagül tunçer güncel, sevdagül tunçer son dakika",
2025-09-26T17:01:08.683692,veliaht son bölüm izle,20 B+,"veliaht son bölüm izle güncel, veliaht son bölüm izle son dakika",
2025-09-26T17:01:09.184699,mahsun j,2 B+,"mahsun j güncel, mahsun j son dakika",
2025-09-26T17:01:09.685742,billy vigar neden öldü,5 B+,"billy vigar neden öldü son dakika, billy vigar neden öldü güncel",
2025-09-26T17:01:10.186782,fati vazquez,1 B+,"fati vazquez güncel, fati vazquez son dakika",
2025-09-26T17:01:10.687077,26 eylül cuma hutbesi,2 B+,"resimli 26 eylül cuma hutbesi, 26 eylül cuma hutbesi son dakika, 26 eylül cuma hutbesi mesaj, kutlama 26 eylül cuma hutbesi, 26 eylül cuma hutbesi kutlama","26 eylül cuma hutbesi dua son dakika, 26 eylül cuma hutbesi hutbe son dakika, dua 26 eylül cuma hutbesi haberleri, hutbe 26 eylül cuma hutbesi haberleri"
2025-09-26T17:01:11.188095,diogo jota,1 B+,"diogo jota güncel, diogo jota son dakika",
2025-09-26T17:01:11.689142,passolig,500+,"passolig son dakika, passolig güncel",
2025-09-26T18:01:05.130798,güllü,500 B+,"güllü güncel, güllü son dakika",
2025-09-26T18:01:05.631815,oviedo - barcelona,50 B+,"oviedo - barcelona son dakika, oviedo - barcelona güncel",
2025-09-26T18:01:06.132886,billy vigar,20 B+,"billy vigar güncel, billy vigar son dakika",
2025-09-26T18:01:06.633948,caner erkin,50 B+,"caner erkin son dakika, caner erkin güncel",
2025-09-26T18:01:07.135056,xiaomi 17 pro max,10 B+,"xiaomi 17 pro max son dakika, xiaomi 17 pro max güncel",
2025-09-26T18:01:07.636102,caatsa yaptırımları nedir,20 B+,"caatsa yaptırımları nedir son dakika, caatsa yaptırımları nedir güncel",
2025-09-26T18:01:08.137084,barış yarkadaş,2 B+,"barış yarkadaş güncel, barış yarkadaş son dakika",
2025-09-26T18:01:08.638099,26 eylül cuma hutbesi,2 B+,"26 eylül cuma hutbesi mesaj, resimli 26 eylül cuma hutbesi, mesaj 26 eylül cuma hutbesi, 26 eylül cuma hutbesi kutlama, 26 eylül cuma hutbesi güncel","26 eylül cuma hutbesi dua son dakika, dua 26 eylül cuma hutbesi haberleri, hutbe 26 eylül cuma hutbesi haberleri, 26 eylül cuma hutbesi hutbe son dakika"
2025-09-26T18:01:09.139245,sevdagül tunçer,5 B+,"sevdagül tunçer son dakika, sevdagül tunçer güncel",
2025-09-26T18:01:09.640405,veliaht son bölüm izle,20 B+,"veliaht son bölüm izle güncel, veliaht son bölüm izle son dakika",
2025-09-26T18:01:10.141526,mahsun j,2 B+,"mahsun j son dakika, mahsun j güncel",
2025-09-26T18:01:10.642162,diogo jota,1 B+,"diogo jota son dakika, diogo jota güncel",
2025-09-26T18:01:11.143310,billy vigar neden öldü,5 B+,"billy vigar neden öldü son dakika, billy vigar neden öldü güncel",
2025-09-26T18:01:11.644458,fati vazquez,1 B+,"fati vazquez güncel, fati vazquez son dakika",
2025-09-26T18:01:12.145599,gs alanya,500+,"gs alanya son dakika, gs alanya güncel",
2025-09-26T19:01:03.838984,güllü,500 B+,"güllü güncel, güllü son dakika",
2025-09-26T19:01:04.340031,oviedo - barcelona,50 B+,"oviedo - barcelona güncel, oviedo - barcelona son dakika",
2025-09-26T19:01:04.841125,billy vigar,20 B+,"billy vigar son dakika, billy vigar güncel",
2025-09-26T19:01:05.342283,caner erkin,50 B+,"caner erkin güncel, caner erkin son dakika",
2025-09-26T19:01:05.843347,barış yarkadaş,5 B+,"barış yarkadaş son dakika, barış yarkadaş güncel",
2025-09-26T19:01:06.344350,26 eylül cuma hutbesi,2 B+,"26 eylül cuma hutbesi resimli, 26 eylül cuma hutbesi mesaj, 26 eylül cuma hutbesi güncel, 26 eylül cuma hutbesi son dakika, mesaj 26 eylül cuma hutbesi","26 eylül cuma hutbesi dua son dakika, dua 26 eylül cuma hutbesi haberleri, 26 eylül cuma hutbesi hutbe son dakika, hutbe 26 eylül cuma hutbesi haberleri"
2025-09-26T19:01:06.845496,xiaomi 17 pro,2 B+,"xiaomi 17 pro güncel, xiaomi 17 pro son dakika",
2025-09-26T19:01:07.346599,mahsun j,2 B+,"mahsun j son dakika, mahsun j güncel",
2025-09-26T19:01:07.846993,sevdagül tunçer,5 B+,"sevdagül tunçer güncel, sevdagül tunçer son dakika",
2025-09-26T19:01:08.348103,veliaht son bölüm izle,20 B+,"veliaht son bölüm izle son dakika, veliaht son bölüm izle güncel",
2025-09-26T19:01:08.849260,gs alanya,2 B+,"gs alanya güncel, gs alanya son dakika",
2025-09-26T19:01:09.350400,diogo jota,2 B+,"diogo jota son dakika, diogo jota güncel",
2025-09-26T19:01:09.851561,anadolu efes - esenler erokspor,1 B+,"anadolu efes - esenler erokspor güncel, anadolu efes - esenler erokspor son dakika",
2025-09-26T19:01:10.352720,fati vazquez,2 B+,"fati vazquez son dakika, fati vazquez güncel",
2025-09-26T19:01:10.853938,الحزم ضد الأهلي,500+,"الحزم ضد الأهلي son dakika, الحزم ضد الأهلي güncel",
2025-09-26T20:01:05.675613,güllü,500 B+,"güllü güncel, güllü son dakika",
2025-09-26T20:01:06.176637,oviedo - barcelona,50 B+,"oviedo - barcelona güncel, oviedo - barcelona son dakika",
2025-09-26T20:01:06.677774,billy vigar,20 B+,"billy vigar son dakika, billy vigar güncel",
2025-09-26T20:01:07.178969,caner erkin,20 B+,"caner erkin güncel, caner erkin son dakika",
2025-09-26T20:01:07.680135,gs alanya,10 B+,"gs alanya güncel, gs alanya son dakika",
2025-09-26T20:01:08.181290,anadolu efes - esenler erokspor,5 B+,"anadolu efes - esenler erokspor son dakika, anadolu efes - esenler erokspor güncel",
2025-09-26T20:01:08.682495,26 eylül cuma hutbesi,2 B+,"kutlama 26 eylül cuma hutbesi, 26 eylül cuma hutbesi güncel, 26 eylül cuma hutbesi kutlama, mesaj 26 eylül cuma hutbesi, 26 eylül cuma hutbesi son dakika","26 eylül cuma hutbesi hutbe son dakika, 26 eylül cuma hutbesi dua son dakika, hutbe 26 eylül cuma hutbesi haberleri, dua 26 eylül cuma hutbesi haberleri"
2025-09-26T20:01:09.183505,barış yarkadaş,5 B+,"barış yarkadaş son dakika, barış yarkadaş güncel",
2025-09-26T20:01:09.684530,mahsun j,5 B+,"mahsun j son dakika, mahsun j güncel",
2025-09-26T20:01:10.185575,veliaht son bölüm izle,20 B+,"veliaht son bölüm izle güncel, veliaht son bölüm izle son dakika",
2025-09-26T20:01:10.686627,diogo jota,2 B+,"diogo jota son dakika, diogo jota güncel",
2025-09-26T20:01:11.187456,fati vazquez,2 B+,"fati vazquez güncel, fati vazquez son dakika",
2025-09-26T20:01:11.688510,الحزم ضد الأهلي,1 B+,"الحزم ضد الأهلي son dakika, الحزم ضد الأهلي güncel",
2025-09-26T20:01:12.189598,orman genel müdürlüğü daimi işçi alımı,2 B+,"orman genel müdürlüğü daimi işçi alımı son dakika, orman genel müdürlüğü daimi işçi alımı güncel",
2025-09-26T20:01:12.690673,devin özek,2 B+,"devin özek son dakika, devin özek güncel",
2025-09-26T21:01:04.654214,güllü,500 B+,"güllü güncel, güllü son dakika",
2025-09-26T21:01:05.155249,oviedo - barcelona,50 B+,"oviedo - barcelona güncel, oviedo - barcelona son dakika",
2025-09-26T21:01:05.656343,billy vigar,20 B+,"billy vigar son dakika, billy vigar güncel",
2025-09-26T21:01:06.157443,caner erkin,20 B+,"caner erkin son dakika, caner erkin güncel",
2025-09-26T21:01:06.658471,ittihad fc - al nassr,2 B+,"ittihad fc - al nassr güncel, ittihad fc - al nassr son dakika",
2025-09-26T21:01:07.159630,anadolu efes - esenler erokspor,5 B+,"anadolu efes - esenler erokspor güncel, anadolu efes - esenler erokspor son dakika",
2025-09-26T21:01:07.660209,bayern münih - werder bremen,2 B+,"bayern münih - werder bremen güncel, bayern münih - werder bremen son dakika",
2025-09-26T21:01:08.161363,26 eylül cuma hutbesi,5 B+,"26 eylül cuma hutbesi son dakika, 26 eylül cuma hutbesi güncel, resimli 26 eylül cuma hutbesi, kutlama 26 eylül cuma hutbesi, mesaj 26 eylül cuma hutbesi","26 eylül cuma hutbesi dua son dakika, dua 26 eylül cuma hutbesi haberleri, 26 eylül cuma hutbesi hutbe son dakika, hutbe 26 eylül cuma hutbesi haberleri"
2025-09-26T21:01:08.662512,mahsun j,5 B+,"mahsun j güncel, mahsun j son dakika",
2025-09-26T21:01:09.163683,الاتحاد ضد النصر,1 B+,"الاتحاد ضد النصر güncel, الاتحاد ضد النصر son dakika",
2025-09-26T21:01:09.664825,maestro,1 B+,"maestro son dakika, maestro güncel",
2025-09-26T21:01:10.166091,barış yarkadaş,5 B+,"barış yarkadaş son dakika, barış yarkadaş güncel",
2025-09-26T21:01:10.667260,veliaht son bölüm izle,10 B+,"veliaht son bölüm izle güncel, veliaht son bölüm izle son dakika",
2025-09-26T21:01:11.168277,mauro icardi,1 B+,"mauro icardi son dakika, mauro icardi güncel",
2025-09-26T21:01:11.669428,diogo jota,2 B+,"diogo jota güncel, diogo jota son dakika",
2025-09-26T22:01:04.972897,güllü,500 B+,"güllü son dakika, güllü güncel",
2025-09-26T22:01:05.473691,ittihad fc - al nassr,10 B+,"ittihad fc - al nassr son dakika, ittihad fc - al nassr güncel",
2025-09-26T22:01:05.974465,benfica - gil vicente,5 B+,"benfica - gil vicente güncel, benfica - gil vicente son dakika",
2025-09-26T22:01:06.475236,billy vigar,20 B+,"billy vigar güncel, billy vigar son dakika",
2025-09-26T22:01:06.976153,bayern münih - werder bremen,5 B+,"bayern münih - werder bremen son dakika, bayern münih - werder bremen güncel",
2025-09-26T22:01:07.477096,anadolu efes - esenler erokspor,5 B+,"anadolu efes - esenler erokspor son dakika, anadolu efes - esenler erokspor güncel",
2025-09-26T22:01:07.978173,الاتحاد ضد النصر,2 B+,"الاتحاد ضد النصر son dakika, الاتحاد ضد النصر güncel",
2025-09-26T22:01:08.479212,maestro,2 B+,"maestro son dakika, maestro güncel",
2025-09-26T22:01:08.980213,mahsun j,5 B+,"mahsun j son dakika, mahsun j güncel",
2025-09-26T22:01:09.481324,26 eylül cuma hutbesi,5 B+,"kutlama 26 eylül cuma hutbesi, 26 eylül cuma hutbesi resimli, 26 eylül cuma hutbesi kutlama, 26 eylül cuma hutbesi son dakika, 26 eylül cuma hutbesi mesaj","26 eylül cuma hutbesi hutbe son dakika, dua 26 eylül cuma hutbesi haberleri, 26 eylül cuma hutbesi dua son dakika, hutbe 26 eylül cuma hutbesi haberleri"
2025-09-26T22:01:09.982381,schalke,2 B+,"schalke güncel, schalke son dakika",
2025-09-26T22:01:10.483166,barış yarkadaş,5 B+,"barış yarkadaş son dakika, barış yarkadaş güncel",
2025-09-26T22:01:10.984230,girona - espanyol,1 B+,"girona - espanyol son dakika, girona - espanyol güncel",
2025-09-26T22:01:11.485159,mehmet şef çağatay kavgası,10 B+,"mehmet şef çağatay kavgası son dakika, mehmet şef çağatay kavgası güncel",
2025-09-26T22:01:11.986244,diogo jota,2 B+,"diogo jota son dakika, diogo jota güncel",
2025-09-26T23:01:05.111875,güllü,500 B+,"güllü güncel, güllü son dakika",
2025-09-26T23:01:05.613071,benfica - gil vicente,20 B+,"benfica - gil vicente son dakika, benfica - gil vicente güncel",
2025-09-26T23:01:06.114226,bayern münih - werder bremen,10 B+,"bayern münih - werder bremen son dakika, bayern münih - werder bremen güncel",
2025-09-26T23:01:06.615355,ittihad fc - al nassr,10 B+,"ittihad fc - al nassr güncel, ittihad fc - al nassr son dakika",
2025-09-26T23:01:07.116342,mahsun j,5 B+,"mahsun j güncel, mahsun j son dakika",
2025-09-26T23:01:07.617215,maestro,5 B+,"maestro son dakika, maestro güncel",
2025-09-26T23:01:08.118348,الاتحاد ضد النصر,2 B+,"الاتحاد ضد النصر son dakika, الاتحاد ضد النصر güncel",
2025-09-26T23:01:08.619513,girona - espanyol,2 B+,"girona - espanyol son dakika, girona - espanyol güncel",
2025-09-26T23:01:09.120631,anadolu efes - esenler erokspor,5 B+,"anadolu efes - esenler erokspor güncel, anadolu efes - esenler erokspor son dakika",
2025-09-26T23:01:09.621756,barış yarkadaş,5 B+,"barış yarkadaş son dakika, barış yarkadaş güncel",
2025-09-26T23:01:10.122925,fati vazquez,2 B+,"fati vazquez güncel, fati vazquez son dakika",
2025-09-26T23:01:10.624212,arka sokaklar ali,1 B+,"arka sokaklar ali son dakika, arka sokaklar ali güncel",
2025-09-26T23:01:11.124901,mehmet şef çağatay kavgası,5 B+,"mehmet şef çağatay kavgası son dakika, mehmet şef çağatay kavgası güncel",
2025-09-26T23:01:11.626057,twente,1 B+,"twente güncel, twente son dakika",
2025-09-26T23:01:12.127233,sağlık bakanlığı personel alımı 2025,2 B+,"sağlık bakanlığı personel alımı 2025 güncel, sağlık bakanlığı personel alımı 2025 son dakika",
2025-09-27T00:01:06.979012,güllü,500 B+,"güllü son dakika, güllü güncel",
2025-09-27T00:01:07.479944,benfica - gil vicente,50 B+,"benfica - gil vicente güncel, benfica - gil vicente son dakika",
2025-09-27T00:01:07.980290,gs alanya,500 B+,"gs alanya güncel, gs alanya son dakika",
2025-09-27T00:01:08.481371,bayern münih - werder bremen,10 B+,"bayern münih - werder bremen güncel, bayern münih - werder bremen son dakika",
2025-09-27T00:01:08.982189,ittihad fc - al nassr,20 B+,"ittihad fc - al nassr son dakika, ittihad fc - al nassr güncel",
2025-09-27T00:01:09.483231,mahsun j,5 B+,"mahsun j son dakika, mahsun j güncel",
2025-09-27T00:01:09.984277,arka sokaklar ali,5 B+,"arka sokaklar ali son dakika, arka sokaklar ali güncel",
2025-09-27T00:01:10.485204,الاتحاد ضد النصر,5 B+,"الاتحاد ضد النصر güncel, الاتحاد ضد النصر son dakika",
2025-09-27T00:01:10.986295,maestro,5 B+,"maestro son dakika, maestro güncel",
2025-09-27T00:01:11.487382,girona - espanyol,2 B+,"girona - espanyol güncel, girona - espanyol son dakika",
2025-09-27T00:01:11.988484,marsilya,2 B+,"marsilya son dakika, marsilya güncel",
2025-09-27T00:01:12.489587,barış yarkadaş,5 B+,"barış yarkadaş son dakika, barış yarkadaş güncel",
2025-09-27T00:01:12.990692,fati vazquez,2 B+,"fati vazquez son dakika, fati vazquez güncel",
2025-09-27T00:01:13.491247,adalet bakanlığı promosyon,2 B+,"adalet bakanlığı promosyon güncel, adalet bakanlığı promosyon son dakika",
2025-09-27T00:01:13.992364,sağlık bakanlığı personel alımı 2025,2 B+,"sağlık bakanlığı personel alımı 2025 son dakika, sağlık bakanlığı personel alımı 2025 güncel",
2025-09-27T01:01:05.386360,güllü,500 B+,"güllü güncel, güllü son dakika",
2025-09-27T01:01:05.887416,benfica - gil vicente,50 B+,"benfica - gil vicente güncel, benfica - gil vicente son dakika",
2025-09-27T01:01:06.388475,bayern münih - werder bremen,10 B+,"bayern münih - werder bremen son dakika, bayern münih - werder bremen güncel",
2025-09-27T01:01:06.889599,ittihad fc - al nassr,20 B+,"ittihad fc - al nassr güncel, ittihad fc - al nassr son dakika",
2025-09-27T01:01:07.390717,arka sokaklar,10 B+,"arka sokaklar son dakika, arka sokaklar güncel",
2025-09-27T01:01:07.891063,girona - espanyol,2 B+,"girona - espanyol güncel, girona - espanyol son dakika",
2025-09-27T01:01:08.392186,maestro,5 B+,"maestro son dakika, maestro güncel",
2025-09-27T01:01:08.893345,barış yarkadaş,5 B+,"barış yarkadaş son dakika, barış yarkadaş güncel",
2025-09-27T01:01:09.394509,fati vazquez,2 B+,"fati vazquez son dakika, fati vazquez güncel",
2025-09-27T01:01:09.895667,الاتحاد ضد النصر,2 B+,"الاتحاد ضد النصر son dakika, الاتحاد ضد النصر güncel",
2025-09-27T01:01:10.396832,baykar bayraktar kızılelma,1 B+,"baykar bayraktar kızılelma son dakika, baykar bayraktar kızılelma güncel",
2025-09-27T01:01:10.898088,sağlık bakanlığı personel alımı 2025,2 B+,"sağlık bakanlığı personel alımı 2025 son dakika, sağlık bakanlığı personel alımı 2025 güncel",
2025-09-27T01:01:11.399043,marsilya,2 B+,"marsilya güncel, marsilya son dakika",
2025-09-27T01:01:11.900207,ömer aksu kimdir,2 B+,"ömer aksu kimdir güncel, ömer aksu kimdir son dakika",
2025-09-27T01:01:12.401365,twente,1 B+,"twente güncel, twente son dakika",
2025-09-27T02:01:04.714988,güllü,1 Mn+,"güllü güncel, güllü son dakika",
2025-09-27T02:01:05.216002,benfica - gil vicente,50 B+,"benfica - gil vicente güncel, benfica - gil vicente son dakika",
2025-09-27T02:01:05.717011,ittihad fc - al nassr,20 B+,"ittihad fc - al nassr güncel, ittihad fc - al nassr son dakika",
2025-09-27T02:01:06.218146,bayern münih - werder bremen,10 B+,"bayern münih - werder bremen son dakika, bayern münih - werder bremen güncel",
2025-09-27T02:01:06.719301,arka sokaklar 720 bölüm full izle,10 B+,"arka sokaklar 720 bölüm full izle son dakika, arka sokaklar 720 bölüm full izle güncel",
2025-09-27T02:01:07.220452,maestro,5 B+,"maestro güncel, maestro son dakika",
2025-09-27T02:01:07.721606,girona - espanyol,2 B+,"girona - espanyol son dakika, girona - espanyol güncel",
2025-09-27T02:01:08.222766,barış yarkadaş,5 B+,"barış yarkadaş son dakika, barış yarkadaş güncel",
2025-09-27T02:01:08.723940,fati vazquez,2 B+,"fati vazquez son dakika, fati vazquez güncel",
2025-09-27T02:01:09.225086,sağlık bakanlığı personel alımı 2025,2 B+,"sağlık bakanlığı personel alımı 2025 güncel, sağlık bakanlığı personel alımı 2025 son dakika",
2025-09-27T02:01:09.726126,baykar bayraktar kızılelma,1 B+,"baykar bayraktar kızılelma son dakika, baykar bayraktar kızılelma güncel",
2025-09-27T02:01:10.227094,orman genel müdürlüğü daimi işçi alımı,2 B+,"orman genel müdürlüğü daimi işçi alımı son dakika, orman genel müdürlüğü daimi işçi alımı güncel",
2025-09-27T02:01:10.728267,netanyahu bm,1 B+,"netanyahu bm son dakika, netanyahu bm güncel",
2025-09-27T02:01:11.229168,nübel,500+,"nübel güncel, nübel son dakika",
2025-09-27T02:01:11.730377,ibrahim kutluay,1 B+,"ibrahim kutluay son dakika, ibrahim kutluay güncel",
2025-09-27T03:01:04.277306,güllü,1 Mn+,"güllü son dakika, güllü güncel",
2025-09-27T03:01:04.778382,benfica - gil vicente,50 B+,"benfica - gil vicente güncel, benfica - gil vicente son dakika",
2025-09-27T03:01:05.279537,ittihad fc - al nassr,20 B+,"ittihad fc - al nassr son dakika, ittihad fc - al nassr güncel",
2025-09-27T03:01:05.780701,bayern münih - werder bremen,10 B+,"bayern münih - werder bremen güncel, bayern münih - werder bremen son dakika",
2025-09-27T03:01:06.281353,arka sokaklar 720 bölüm full izle,10 B+,"arka sokaklar 720 bölüm full izle güncel, arka sokaklar 720 bölüm full izle son dakika",
2025-09-27T03:01:06.782509,maestro,10 B+,"maestro son dakika, maestro güncel",
2025-09-27T03:01:07.283664,fati vazquez,2 B+,"fati vazquez güncel, fati vazquez son dakika",
2025-09-27T03:01:07.784835,baykar bayraktar kızılelma,1 B+,"baykar bayraktar kızılelma son dakika, baykar bayraktar kızılelma güncel",
2025-09-27T03:01:08.286133,orman genel müdürlüğü daimi işçi alımı,2 B+,"orman genel müdürlüğü daimi işçi alımı güncel, orman genel müdürlüğü daimi işçi alımı son dakika",
2025-09-27T03:01:08.787190,sağlık bakanlığı alımı,2 B+,"sağlık bakanlığı alımı son dakika, sağlık bakanlığı alımı güncel",
2025-09-27T03:01:09.288326,nübel,500+,"nübel son dakika, nübel güncel",
2025-09-27T03:01:09.789481,ibrahim kutluay,1 B+,"ibrahim kutluay son dakika, ibrahim kutluay güncel",
2025-09-27T03:01:10.290642,mahsun j 2. sezon,1 B+,"mahsun j 2. sezon güncel, mahsun j 2. sezon son dakika",
2025-09-27T03:01:10.791777,harry kane,500+,"harry kane son dakika, harry kane güncel",
2025-09-27T03:01:11.292969,netanyahu bm,1 B+,"netanyahu bm son dakika, netanyahu bm güncel",
2025-09-27T04:01:04.681838,güllü,1 Mn+,"güllü güncel, güllü son dakika",
2025-09-27T04:01:05.182789,benfica - gil vicente,50 B+,"benfica - gil vicente güncel, benfica - gil vicente son dakika",
2025-09-27T04:01:05.683337,bayern münih - werder bremen,10 B+,"bayern münih - werder bremen güncel, bayern münih - werder bremen son dakika",
2025-09-27T04:01:06.184268,ittihad fc - al nassr,20 B+,"ittihad fc - al nassr son dakika, ittihad fc - al nassr güncel",
2025-09-27T04:01:06.685308,arka sokaklar son bölüm,20 B+,"arka sokaklar son bölüm son dakika, arka sokaklar son bölüm güncel",
2025-09-27T04:01:07.186358,maestro,10 B+,"maestro son dakika, maestro güncel",
2025-09-27T04:01:07.687424,diogo jota,2 B+,"diogo jota son dakika, diogo jota güncel",
2025-09-27T04:01:08.188418,netanyahu bm,1 B+,"netanyahu bm son dakika, netanyahu bm güncel",
2025-09-27T04:01:08.689500,sağlık bakanlığı alımı,2 B+,"sağlık bakanlığı alımı son dakika, sağlık bakanlığı alımı güncel",
2025-09-27T04:01:09.190150,mahsun j 2. sezon,1 B+,"mahsun j 2. sezon son dakika, mahsun j 2. sezon güncel",
2025-09-27T04:01:09.691188,nübel,500+,"nübel güncel, nübel son dakika",
2025-09-27T04:01:10.192278,barış yarkadaş,5 B+,"barış yarkadaş güncel, barış yarkadaş son dakika",
2025-09-27T04:01:10.693190,girona - espanyol,2 B+,"girona - espanyol son dakika, girona - espanyol güncel",
2025-09-27T04:01:11.194255,anadolu efes - esenler erokspor,5 B+,"anadolu efes - esenler erokspor güncel, anadolu efes - esenler erokspor son dakika",
2025-09-27T04:01:11.695229,الاتحاد ضد النصر,5 B+,"الاتحاد ضد النصر son dakika, الاتحاد ضد النصر güncel",
2025-09-27T05:01:05.805422,güllü,1 Mn+,"güllü son dakika, güllü güncel",
2025-09-27T05:01:06.306532,benfica - gil vicente,50 B+,"benfica - gil vicente son dakika, benfica - gil vicente güncel",
2025-09-27T05:01:06.807614,bayern münih - werder bremen,10 B+,"bayern münih - werder bremen son dakika, bayern münih - werder bremen güncel",
2025-09-27T05:01:07.308740,ittihad fc - al nassr,20 B+,"ittihad fc - al nassr güncel, ittihad fc - al nassr son dakika",
2025-09-27T05:01:07.809935,arka sokaklar son bölüm,20 B+,"arka sokaklar son bölüm son dakika, arka sokaklar son bölüm güncel",
2025-09-27T05:01:08.311106,fati vazquez,2 B+,"fati vazquez son dakika, fati vazquez güncel",
2025-09-27T05:01:08.812227,netanyahu bm,1 B+,"netanyahu bm güncel, netanyahu bm son dakika",
2025-09-27T05:01:09.313336,maestro,10 B+,"maestro güncel, maestro son dakika",
2025-09-27T05:01:09.814249,barış yarkadaş,5 B+,"barış yarkadaş son dakika, barış yarkadaş güncel",
2025-09-27T05:01:10.315343,anadolu efes - esenler erokspor,5 B+,"anadolu efes - esenler erokspor güncel, anadolu efes - esenler erokspor son dakika",
2025-09-27T05:01:10.816425,girona - espanyol,2 B+,"girona - espanyol son dakika, girona - espanyol güncel",
2025-09-27T05:01:11.317347,الاتحاد ضد النصر,5 B+,"الاتحاد ضد النصر son dakika, الاتحاد ضد النصر güncel",
2025-09-27T05:01:11.818388,sağlık bakanlığı personel alımı 2025,2 B+,"sağlık bakanlığı personel alımı 2025 son dakika, sağlık bakanlığı personel alımı 2025 güncel",
2025-09-27T05:01:12.319551,baykar bayraktar kızılelma,1 B+,"baykar bayraktar kızılelma son dakika, baykar bayraktar kızılelma güncel",
2025-09-27T05:01:12.820709,dizi izleme,1 B+,"dizi izleme son dakika, dizi izleme güncel",
2025-09-27T06:01:04.070416,güllü,1 Mn+,"güllü güncel, güllü son dakika",
2025-09-27T06:01:04.571465,benfica - gil vicente,50 B+,"benfica - gil vicente güncel, benfica - gil vicente son dakika",
2025-09-27T06:01:05.072576,bayern münih - werder bremen,10 B+,"bayern münih - werder bremen güncel, bayern münih - werder bremen son dakika",
2025-09-27T06:01:05.573672,ittihad fc - al nassr,20 B+,"ittihad fc - al nassr son dakika, ittihad fc - al nassr güncel",
2025-09-27T06:01:06.074749,arka sokaklar son bölüm,20 B+,"arka sokaklar son bölüm güncel, arka sokaklar son bölüm son dakika",
2025-09-27T06:01:06.575815,maestro,10 B+,"maestro son dakika, maestro güncel",
2025-09-27T06:01:07.077072,girona - espanyol,2 B+,"girona - espanyol son dakika, girona - espanyol güncel",
2025-09-27T06:01:07.578236,netanyahu bm,2 B+,"netanyahu bm son dakika, netanyahu bm güncel",
2025-09-27T06:01:08.079359,barış yarkadaş,5 B+,"barış yarkadaş güncel, barış yarkadaş son dakika",
2025-09-27T06:01:08.580427,anadolu efes - esenler erokspor,5 B+,"anadolu efes - esenler erokspor son dakika, anadolu efes - esenler erokspor güncel",
2025-09-27T06:01:09.081584,fati vazquez,2 B+,"fati vazquez son dakika, fati vazquez güncel",
2025-09-27T06:01:09.582752,الاتحاد ضد النصر,5 B+,"الاتحاد ضد النصر son dakika, الاتحاد ضد النصر güncel",
2025-09-27T06:01:10.083989,sağlık bakanlığı personel alımı 2025,2 B+,"sağlık bakanlığı personel alımı 2025 son dakika, sağlık bakanlığı personel alımı 2025 güncel",
2025-09-27T06:01:10.585113,baykar bayraktar kızılelma,1 B+,"baykar bayraktar kızılelma güncel, baykar bayraktar kızılelma son dakika",
2025-09-27T06:01:11.086322,26 eylül cuma hutbesi,5 B+,"resimli 26 eylül cuma hutbesi, kutlama 26 eylül cuma hutbesi, 26 eylül cuma hutbesi kutlama, mesaj 26 eylül cuma hutbesi, 26 eylül cuma hutbesi güncel","dua 26 eylül cuma hutbesi haberleri, hutbe 26 eylül cuma hutbesi haberleri, 26 eylül cuma hutbesi hutbe son dakika, 26 eylül cuma hutbesi dua son dakika"
2025-09-27T07:01:04.794529,güllü neden öldü,200 B+,"güllü neden öldü güncel, güllü neden öldü son dakika",
2025-09-27T07:01:05.295666,benfica - gil vicente,50 B+,"benfica - gil vicente güncel, benfica - gil vicente son dakika",
2025-09-27T07:01:05.796564,ittihad fc - al nassr,20 B+,"ittihad fc - al nassr son dakika, ittihad fc - al nassr güncel",
2025-09-27T07:01:06.297736,bayern münih - werder bremen,10 B+,"bayern münih - werder bremen son dakika, bayern münih - werder bremen güncel",
2025-09-27T07:01:06.798828,maestro,10 B+,"maestro son dakika, maestro güncel",
2025-09-27T07:01:07.300105,girona - espanyol,2 B+,"girona - espanyol güncel, girona - espanyol son dakika",
2025-09-27T07:01:07.801194,arka sokaklar 720 bölüm full izle,20 B+,"arka sokaklar 720 bölüm full izle güncel, arka sokaklar 720 bölüm full izle son dakika",
2025-09-27T07:01:08.302350,barış yarkadaş,5 B+,"barış yarkadaş son dakika, barış yarkadaş güncel",
2025-09-27T07:01:08.803494,netanyahu bm,1 B+,"netanyahu bm güncel, netanyahu bm son dakika",
2025-09-27T07:01:09.304626,ibrahim kutluay,1 B+,"ibrahim kutluay son dakika, ibrahim kutluay güncel",
2025-09-27T07:01:09.805069,bayern – werder bremen,1 B+,"bayern – werder bremen güncel, bayern – werder bremen son dakika",
2025-09-27T07:01:10.306005,sağlık bakanlığı personel işçi alımı,5 B+,"sağlık bakanlığı personel işçi alımı güncel, sağlık bakanlığı personel işçi alımı son dakika",
2025-09-27T07:01:10.807114,namaz,5 B+,"namaz son dakika, namaz güncel",
2025-09-27T07:01:11.308241,الاتحاد ضد النصر,5 B+,"الاتحاد ضد النصر güncel, الاتحاد ضد النصر son dakika",
2025-09-27T07:01:11.809355,anadolu efes - esenler erokspor,5 B+,"anadolu efes - esenler erokspor güncel, anadolu efes - esenler erokspor son dakika",
2025-09-27T08:01:04.688303,benfica - gil vicente,50 B+,"benfica - gil vicente güncel, benfica - gil vicente son dakika",
2025-09-27T08:01:05.189276,ittihad fc - al nassr,20 B+,"ittihad fc - al nassr güncel, ittihad fc - al nassr son dakika",
2025-09-27T08:01:05.690214,bayern münih - werder bremen,10 B+,"bayern münih - werder bremen güncel, bayern münih - werder bremen son dakika",
2025-09-27T08:01:06.191286,güllü nasıl öldü,100 B+,"güllü nasıl öldü son dakika, güllü nasıl öldü güncel",
2025-09-27T08:01:06.692381,arka sokaklar son bölüm,20 B+,"arka sokaklar son bölüm güncel, arka sokaklar son bölüm son dakika",
2025-09-27T08:01:07.193379,barış yarkadaş,5 B+,"barış yarkadaş son dakika, barış yarkadaş güncel",
2025-09-27T08:01:07.694407,girona - espanyol,2 B+,"girona - espanyol güncel, girona - espanyol son dakika",
2025-09-27T08:01:08.195494,maestro,10 B+,"maestro güncel, maestro son dakika",
2025-09-27T08:01:08.696605,sağlık bakanlığı personel işçi alımı,5 B+,"sağlık bakanlığı personel işçi alımı güncel, sağlık bakanlığı personel işçi alımı son dakika",
2025-09-27T08:01:09.197700,ibrahim kutluay,1 B+,"ibrahim kutluay güncel, ibrahim kutluay son dakika",
2025-09-27T08:01:09.698761,nübel,500+,"nübel güncel, nübel son dakika",
2025-09-27T08:01:10.199929,harry kane,1 B+,"harry kane güncel, harry kane son dakika",
2025-09-27T08:01:10.701122,arka sokaklar son bölüm izle,1 B+,"arka sokaklar son bölüm izle son dakika, arka sokaklar son bölüm izle güncel",
2025-09-27T08:01:11.202235,netanyahu bm,2 B+,"netanyahu bm son dakika, netanyahu bm güncel",
2025-09-27T08:01:11.703351,toki sosyal konut projesi,500+,"toki sosyal konut projesi güncel, toki sosyal konut projesi son dakika",
2025-09-27T09:01:05.140648,benfica - gil vicente,50 B+,"benfica - gil vicente son dakika, benfica - gil vicente güncel",
2025-09-27T09:01:05.641060,ittihad fc - al nassr,20 B+,"ittihad fc - al nassr güncel, ittihad fc - al nassr son dakika",
2025-09-27T09:01:06.142114,bayern münih - werder bremen,10 B+,"bayern münih - werder bremen güncel, bayern münih - werder bremen son dakika",
2025-09-27T09:01:06.643276,arka sokaklar son bölüm,20 B+,"arka sokaklar son bölüm son dakika, arka sokaklar son bölüm güncel",
2025-09-27T09:01:07.144155,güllü kızı,20 B+,"güllü kızı güncel, güllü kızı son dakika",
2025-09-27T09:01:07.645285,maestro,10 B+,"maestro son dakika, maestro güncel",
2025-09-27T09:01:08.146461,barış yarkadaş,5 B+,"barış yarkadaş son dakika, barış yarkadaş güncel",
2025-09-27T09:01:08.647548,girona - espanyol,2 B+,"girona - espanyol güncel, girona - espanyol son dakika",
2025-09-27T09:01:09.148719,sağlık bakanlığı personel alımı 2025,5 B+,"sağlık bakanlığı personel alımı 2025 güncel, sağlık bakanlığı personel alımı 2025 son dakika",
2025-09-27T09:01:09.649936,ibrahim kutluay,1 B+,"ibrahim kutluay son dakika, ibrahim kutluay güncel",
2025-09-27T09:01:10.151102,devin özek,2 B+,"devin özek güncel, devin özek son dakika",
2025-09-27T09:01:10.652267,arka sokaklar ali,2 B+,"arka sokaklar ali son dakika, arka sokaklar ali güncel",
2025-09-27T09:01:11.153497,arka sokaklar son bölüm izle,1 B+,"arka sokaklar son bölüm izle son dakika, arka sokaklar son bölüm izle güncel",
2025-09-27T09:01:11.654664,toki sosyal konut projesi,1 B+,"toki sosyal konut projesi güncel, toki sosyal konut projesi son dakika",
2025-09-27T09:01:12.155069,hatay hava durumu,200+,"hatay hava durumu güncel, hatay hava durumu son dakika",
2025-09-27T10:01:05.107575,benfica - gil vicente,50 B+,"benfica - gil vicente son dakika, benfica - gil vicente güncel",
2025-09-27T10:01:05.608627,ittihad fc - al nassr,20 B+,"ittihad fc - al nassr son dakika, ittihad fc - al nassr güncel",
2025-09-27T10:01:06.109789,bayern münih - werder bremen,10 B+,"bayern münih - werder bremen güncel, bayern münih - werder bremen son dakika",
2025-09-27T10:01:06.610949,arka sokaklar son bölüm,20 B+,"arka sokaklar son bölüm güncel, arka sokaklar son bölüm son dakika",
2025-09-27T10:01:07.112071,maestro,10 B+,"maestro son dakika, maestro güncel",
2025-09-27T10:01:07.613116,güllü'nün kızı kim,5 B+,"güllü'nün kızı kim son dakika, güllü'nün kızı kim güncel",
2025-09-27T10:01:08.114277,barış yarkadaş,5 B+,"barış yarkadaş son dakika, barış yarkadaş güncel",
2025-09-27T10:01:08.615439,girona - espanyol,2 B+,"girona - espanyol son dakika, girona - espanyol güncel",
2025-09-27T10:01:09.116599,kızılcık şerbeti son bölüm,2 B+,"kızılcık şerbeti son bölüm güncel, kızılcık şerbeti son bölüm son dakika",
2025-09-27T10:01:09.617749,diogo jota,2 B+,"diogo jota güncel, diogo jota son dakika",
2025-09-27T10:01:10.118989,sağlık bakanlığı personel işçi alımı,5 B+,"sağlık bakanlığı personel işçi alımı son dakika, sağlık bakanlığı personel işçi alımı güncel",
2025-09-27T10:01:10.620148,netanyahu bm,2 B+,"netanyahu bm güncel, netanyahu bm son dakika",
2025-09-27T10:01:11.121298,zeynep sönmez,500+,"zeynep sönmez son dakika, zeynep sönmez güncel",
2025-09-27T10:01:11.621947,ibrahim kutluay,1 B+,"ibrahim kutluay son dakika, ibrahim kutluay güncel",
2025-09-27T10:01:12.123111,arka sokaklar son bölüm izle,1 B+,"arka sokaklar son bölüm izle son dakika, arka sokaklar son bölüm izle güncel",
2025-09-27T11:01:04.855732,benfica - gil vicente,50 B+,"benfica - gil vicente güncel, benfica - gil vicente son dakika",
2025-09-27T11:01:05.356720,ittihad fc - al nassr,20 B+,"ittihad fc - al nassr son dakika, ittihad fc - al nassr güncel",
2025-09-27T11:01:05.857823,bayern münih - werder bremen,10 B+,"bayern münih - werder bremen son dakika, bayern münih - werder bremen güncel",
2025-09-27T11:01:06.358984,arka sokaklar son bölüm,20 B+,"arka sokaklar son bölüm son dakika, arka sokaklar son bölüm güncel",
2025-09-27T11:01:06.860126,maestro,10 B+,"maestro güncel, maestro son dakika",
2025-09-27T11:01:07.361100,güllü'nün kızı kim,5 B+,"güllü'nün kızı kim güncel, güllü'nün kızı kim son dakika",
2025-09-27T11:01:07.862119,barış yarkadaş,5 B+,"barış yarkadaş son dakika, barış yarkadaş güncel",
2025-09-27T11:01:08.363221,girona - espanyol,2 B+,"girona - espanyol son dakika, girona - espanyol güncel",
2025-09-27T11:01:08.864286,sağlık bakanlığı personel işçi alımı,5 B+,"sağlık bakanlığı personel işçi alımı son dakika, sağlık bakanlığı personel işçi alımı güncel",
2025-09-27T11:01:09.365397,ianis hagi,5 B+,"ianis hagi güncel, ianis hagi son dakika",
2025-09-27T11:01:09.866551,kayıt yenileme,500+,"kayıt yenileme güncel, kayıt yenileme son dakika",
2025-09-27T11:01:10.367658,zeynep sönmez,500+,"zeynep sönmez son dakika, zeynep sönmez güncel",
2025-09-27T11:01:10.868729,masterchef çağatay diskalifiye oldu,2 B+,"masterchef çağatay diskalifiye oldu güncel, masterchef çağatay diskalifiye oldu son dakika",
2025-09-27T11:01:11.368993,netanyahu bm,2 B+,"netanyahu bm son dakika, netanyahu bm güncel",
2025-09-27T11:01:11.870099,toki sosyal konut projesi,1 B+,"toki sosyal konut projesi son dakika, toki sosyal konut projesi güncel",
2025-09-27T12:01:04.950927,benfica - gil vicente,50 B+,"benfica - gil vicente güncel, benfica - gil vicente son dakika",
2025-09-27T12:01:05.451916,ittihad fc - al nassr,20 B+,"ittihad fc - al nassr güncel, ittihad fc - al nassr son dakika",
2025-09-27T12:01:05.953005,bayern münih - werder bremen,20 B+,"bayern münih - werder bremen güncel, bayern münih - werder bremen son dakika",
2025-09-27T12:01:06.454111,arka sokaklar 720 bölüm full izle,20 B+,"arka sokaklar 720 bölüm full izle son dakika, arka sokaklar 720 bölüm full izle güncel",
2025-09-27T12:01:06.955215,güllü'nün kızı kim,5 B+,"güllü'nün kızı kim son dakika, güllü'nün kızı kim güncel",
2025-09-27T12:01:07.456051,maestro,10 B+,"maestro son dakika, maestro güncel",
2025-09-27T12:01:07.957198,kayıt yenileme,1 B+,"kayıt yenileme güncel, kayıt yenileme son dakika",
2025-09-27T12:01:08.458250,barış yarkadaş,5 B+,"barış yarkadaş güncel, barış yarkadaş son dakika",
2025-09-27T12:01:08.959409,girona - espanyol,2 B+,"girona - espanyol güncel, girona - espanyol son dakika",
2025-09-27T12:01:09.460566,ianis hagi,5 B+,"ianis hagi son dakika, ianis hagi güncel",
2025-09-27T12:01:09.961716,diogo jota,2 B+,"diogo jota güncel, diogo jota son dakika",
2025-09-27T12:01:10.462968,masterchef çağatay diskalifiye oldu,2 B+,"masterchef çağatay diskalifiye oldu güncel, masterchef çağatay diskalifiye oldu son dakika",
2025-09-27T12:01:10.964011,sağlık bakanlığı personel işçi alımı,5 B+,"sağlık bakanlığı personel işçi alımı son dakika, sağlık bakanlığı personel işçi alımı güncel",
2025-09-27T12:01:11.465002,zeynep sönmez,1 B+,"zeynep sönmez son dakika, zeynep sönmez güncel",
2025-09-27T12:01:11.966170,toki sosyal konut projesi,2 B+,"toki sosyal konut projesi son dakika, toki sosyal konut projesi güncel",
2025-09-27T13:01:04.527838,benfica - gil vicente,50 B+,"benfica - gil vicente güncel, benfica - gil vicente son dakika",
2025-09-27T13:01:05.028120,ittihad fc - al nassr,20 B+,"ittihad fc - al nassr son dakika, ittihad fc - al nassr güncel",
2025-09-27T13:01:05.529196,bayern münih - werder bremen,20 B+,"bayern münih - werder bremen son dakika, bayern münih - werder bremen güncel",
2025-09-27T13:01:06.030352,arka sokaklar 720 bölüm full izle,20 B+,"arka sokaklar 720 bölüm full izle son dakika, arka sokaklar 720 bölüm full izle güncel",
2025-09-27T13:01:06.531423,güllü'nün kızı kim,10 B+,"güllü'nün kızı kim son dakika, güllü'nün kızı kim güncel",
2025-09-27T13:01:07.032502,maestro,10 B+,"maestro son dakika, maestro güncel",
2025-09-27T13:01:07.533658,kayıt yenileme,1 B+,"kayıt yenileme güncel, kayıt yenileme son dakika",
2025-09-27T13:01:08.034803,toki sosyal konut projesi,2 B+,"toki sosyal konut projesi güncel, toki sosyal konut projesi son dakika",
2025-09-27T13:01:08.536078,irem helvacıoğlu,500+,"irem helvacıoğlu güncel, irem helvacıoğlu son dakika",
2025-09-27T13:01:09.037183,zeynep sönmez,1 B+,"zeynep sönmez güncel, zeynep sönmez son dakika",
2025-09-27T13:01:09.538130,saglik bakanlığı personel alımı,2 B+,"saglik bakanlığı personel alımı güncel, saglik bakanlığı personel alımı son dakika",
2025-09-27T13:01:10.039283,jannik sinner,500+,"jannik sinner güncel, jannik sinner son dakika",
2025-09-27T13:01:10.540348,eşref rüya 15 bölüm full izle tek parça,200+,"eşref rüya 15 bölüm full izle tek parça son dakika, eşref rüya 15 bölüm full izle tek parça güncel",
2025-09-27T13:01:11.041463,pamel hisse,200+,"pamel hisse son dakika, pamel hisse güncel",
2025-09-27T13:01:11.542562,27 eylül ne günü,200+,"27 eylül ne günü güncel, 27 eylül ne günü son dakika",
2025-09-27T14:01:03.980362,benfica - gil vicente,50 B+,"benfica - gil vicente son dakika, benfica - gil vicente güncel",
2025-09-27T14:01:04.481179,arka sokaklar 720 bölüm full izle,20 B+,"arka sokaklar 720 bölüm full izle güncel, arka sokaklar 720 bölüm full izle son dakika",
2025-09-27T14:01:04.982064,ittihad fc - al nassr,20 B+,"ittihad fc - al nassr son dakika, ittihad fc - al nassr güncel",
2025-09-27T14:01:05.483238,brentford - manchester united,2 B+,"brentford - manchester united son dakika, brentford - manchester united güncel",
2025-09-27T14:01:05.984235,bayern münih - werder bremen,20 B+,"bayern münih - werder bremen son dakika, bayern münih - werder bremen güncel",
2025-09-27T14:01:06.485053,maestro,10 B+,"maestro son dakika, maestro güncel",
2025-09-27T14:01:06.986141,güllü düşme anı,5 B+,"güllü düşme anı son dakika, güllü düşme anı güncel",
2025-09-27T14:01:07.487003,gökhan gönül,2 B+,"gökhan gönül son dakika, gökhan gönül güncel",
2025-09-27T14:01:07.988130,sri lanka,1 B+,"sri lanka son dakika, sri lanka güncel",
2025-09-27T14:01:08.489114,saglik bakanlığı personel alımı,2 B+,"saglik bakanlığı personel alımı son dakika, saglik bakanlığı personel alımı güncel",
2025-09-27T14:01:08.990215,eşref rüya 15 bölüm full izle tek parça,500+,"eşref rüya 15 bölüm full izle tek parça son dakika, eşref rüya 15 bölüm full izle tek parça güncel",
2025-09-27T14:01:09.491081,pamel hisse,500+,"pamel hisse güncel, pamel hisse son dakika",
2025-09-27T14:01:09.992151,tusaş kaan,200+,"tusaş kaan son dakika, tusaş kaan güncel",
2025-09-27T14:01:10.493263,jennifer lawrence,500+,"jennifer lawrence son dakika, jennifer lawrence güncel",
2025-09-27T14:01:10.994184,aşk ve gözyaşı 2. bölüm,5 B+,"aşk ve gözyaşı 2. bölüm güncel, aşk ve gözyaşı 2. bölüm son dakika",
2025-09-27T15:01:05.887040,benfica - gil vicente,50 B+,"benfica - gil vicente son dakika, benfica - gil vicente güncel",
2025-09-27T15:01:06.388084,brentford - manchester united,10 B+,"brentford - manchester united son dakika, brentford - manchester united güncel",
2025-09-27T15:01:06.889088,arka sokaklar 720 bölüm full izle,20 B+,"arka sokaklar 720 bölüm full izle son dakika, arka sokaklar 720 bölüm full izle güncel",
2025-09-27T15:01:07.390097,ittihad fc - al nassr,20 B+,"ittihad fc - al nassr son dakika, ittihad fc - al nassr güncel",
2025-09-27T15:01:07.891190,güllü düşme anı,5 B+,"güllü düşme anı son dakika, güllü düşme anı güncel",
2025-09-27T15:01:08.392301,getafe - levante,1 B+,"getafe - levante güncel, getafe - levante son dakika",
2025-09-27T15:01:08.893463,gökhan gönül,2 B+,"gökhan gönül son dakika, gökhan gönül güncel",
2025-09-27T15:01:09.394552,tusaş kaan,500+,"tusaş kaan son dakika, tusaş kaan güncel",
2025-09-27T15:01:09.895757,برينتفورد ضد مان يونايتد,500+,"برينتفورد ضد مان يونايتد son dakika, برينتفورد ضد مان يونايتد güncel",
2025-09-27T15:01:10.396080,toki sosyal konut projesi,2 B+,"toki sosyal konut projesi son dakika, toki sosyal konut projesi güncel",
2025-09-27T15:01:10.897197,passolig,1 B+,"passolig son dakika, passolig güncel",
2025-09-27T15:01:11.398134,bayern münih - werder bremen,20 B+,"bayern münih - werder bremen son dakika, bayern münih - werder bremen güncel",
2025-09-27T15:01:11.899358,eşref rüya 15 bölüm full izle tek parça,500+,"eşref rüya 15 bölüm full izle tek parça güncel, eşref rüya 15 bölüm full izle tek parça son dakika",
2025-09-27T15:01:12.400506,ballerina,1 B+,"ballerina güncel, ballerina son dakika",
2025-09-27T15:01:12.901599,atlético madrid vs real madrid timeline,200+,"atlético madrid vs real madrid timeline son dakika, atlético madrid vs real madrid timeline güncel",
2025-09-27T16:01:04.715406,brentford - manchester united,20 B+,"brentford - manchester united son dakika, brentford - manchester united güncel",
2025-09-27T16:01:05.216526,benfica - gil vicente,50 B+,"benfica - gil vicente son dakika, benfica - gil vicente güncel",
2025-09-27T16:01:05.717669,arka sokaklar 720 bölüm full izle,20 B+,"arka sokaklar 720 bölüm full izle son dakika, arka sokaklar 720 bölüm full izle güncel",
2025-09-27T16:01:06.218806,getafe - levante,2 B+,"getafe - levante güncel, getafe - levante son dakika",
2025-09-27T16:01:06.720060,erokspor - iğdır fk,1 B+,"erokspor - iğdır fk son dakika, erokspor - iğdır fk güncel",
2025-09-27T16:01:07.221204,maestro,10 B+,"maestro son dakika, maestro güncel",
2025-09-27T16:01:07.722342,manchester united,2 B+,"manchester united güncel, manchester united son dakika",
2025-09-27T16:01:08.223548,tusaş kaan,1 B+,"tusaş kaan güncel, tusaş kaan son dakika",
2025-09-27T16:01:08.724766,güllü düşme anı,5 B+,"güllü düşme anı son dakika, güllü düşme anı güncel",
2025-09-27T16:01:09.225923,برينتفورد ضد مان يونايتد,1 B+,"برينتفورد ضد مان يونايتد güncel, برينتفورد ضد مان يونايتد son dakika",
2025-09-27T16:01:09.727120,gökhan gönül,2 B+,"gökhan gönül güncel, gökhan gönül son dakika",
2025-09-27T16:01:10.228319,mainz 05 - borussia dortmund,500+,"mainz 05 - borussia dortmund son dakika, mainz 05 - borussia dortmund güncel",
2025-09-27T16:01:10.729482,eşref rüya 15 bölüm full izle tek parça,1 B+,"eşref rüya 15 bölüm full izle tek parça güncel, eşref rüya 15 bölüm full izle tek parça son dakika",
2025-09-27T16:01:11.230609,toki sosyal konut projesi,2 B+,"toki sosyal konut projesi son dakika, toki sosyal konut projesi güncel",
2025-09-27T16:01:11.731814,ittihad fc - al nassr,20 B+,"ittihad fc - al nassr son dakika, ittihad fc - al nassr güncel",
2025-09-27T17:01:05.121910,atletico madrid - real madrid,20 B+,"atletico madrid - real madrid son dakika, atletico madrid - real madrid güncel",
2025-09-27T17:01:05.622283,brentford - manchester united,20 B+,"brentford - manchester united güncel, brentford - manchester united son dakika",
2025-09-27T17:01:06.123441,benfica - gil vicente,50 B+,"benfica - gil vicente güncel, benfica - gil vicente son dakika",
2025-09-27T17:01:06.624581,eyüpspor - göztepe,10 B+,"eyüpspor - göztepe güncel, eyüpspor - göztepe son dakika",
2025-09-27T17:01:07.125737,gaziantep fk - samsunspor,5 B+,"gaziantep fk - samsunspor son dakika, gaziantep fk - samsunspor güncel",
2025-09-27T17:01:07.626836,erokspor - iğdır fk,5 B+,"erokspor - iğdır fk son dakika, erokspor - iğdır fk güncel",
2025-09-27T17:01:08.128118,crystal palace - liverpool,5 B+,"crystal palace - liverpool güncel, crystal palace - liverpool son dakika",
2025-09-27T17:01:08.629274,manchester city - burnley,2 B+,"manchester city - burnley güncel, manchester city - burnley son dakika",
2025-09-27T17:01:09.130432,أتلتيكو مدريد ضد الريال,2 B+,"أتلتيكو مدريد ضد الريال son dakika, أتلتيكو مدريد ضد الريال güncel",
2025-09-27T17:01:09.631557,manchester united,10 B+,"manchester united güncel, manchester united son dakika",
2025-09-27T17:01:10.131948,arka sokaklar 720 bölüm full izle,20 B+,"arka sokaklar 720 bölüm full izle güncel, arka sokaklar 720 bölüm full izle son dakika",
2025-09-27T17:01:10.633045,chelsea - brighton,2 B+,"chelsea - brighton güncel, chelsea - brighton son dakika",
2025-09-27T17:01:11.134210,mainz 05 - borussia dortmund,2 B+,"mainz 05 - borussia dortmund son dakika, mainz 05 - borussia dortmund güncel",
2025-09-27T17:01:11.635376,tusaş kaan,2 B+,"tusaş kaan son dakika, tusaş kaan güncel",
2025-09-27T17:01:12.136528,getafe - levante,2 B+,"getafe - levante güncel, getafe - levante son dakika",
2025-09-27T18:01:04.952727,atletico madrid - real madrid,50 B+,"atletico madrid - real madrid güncel, atletico madrid - real madrid son dakika",
2025-09-27T18:01:05.453798,gaziantep fk - samsunspor,20 B+,"gaziantep fk - samsunspor güncel, gaziantep fk - samsunspor son dakika",
2025-09-27T18:01:05.954890,eyüpspor - göztepe,20 B+,"eyüpspor - göztepe güncel, eyüpspor - göztepe son dakika",
2025-09-27T18:01:06.456040,crystal palace - liverpool,10 B+,"crystal palace - liverpool güncel, crystal palace - liverpool son dakika",
2025-09-27T18:01:06.957061,benfica - gil vicente,50 B+,"benfica - gil vicente son dakika, benfica - gil vicente güncel",
2025-09-27T18:01:07.458083,brentford - manchester united,20 B+,"brentford - manchester united güncel, brentford - manchester united son dakika",
2025-09-27T18:01:07.959228,manchester city - burnley,10 B+,"manchester city - burnley son dakika, manchester city - burnley güncel",
2025-09-27T18:01:08.460320,أتلتيكو مدريد ضد الريال,5 B+,"أتلتيكو مدريد ضد الريال güncel, أتلتيكو مدريد ضد الريال son dakika",
2025-09-27T18:01:08.961482,erokspor - iğdır fk,5 B+,"erokspor - iğdır fk son dakika, erokspor - iğdır fk güncel",
2025-09-27T18:01:09.462640,chelsea - brighton,5 B+,"chelsea - brighton son dakika, chelsea - brighton güncel",
2025-09-27T18:01:09.963807,arka sokaklar 720 bölüm full izle,20 B+,"arka sokaklar 720 bölüm full izle son dakika, arka sokaklar 720 bölüm full izle güncel",
2025-09-27T18:01:10.465059,mainz 05 - borussia dortmund,2 B+,"mainz 05 - borussia dortmund son dakika, mainz 05 - borussia dortmund güncel",
2025-09-27T18:01:10.966124,s sport,5 B+,"s sport son dakika, s sport güncel",
2025-09-27T18:01:11.467170,tusaş kaan,2 B+,"tusaş kaan son dakika, tusaş kaan güncel",
2025-09-27T18:01:11.968310,liverpool,10 B+,"liverpool son dakika, liverpool güncel",
2025-09-27T19:01:05.411087,atletico madrid - real madrid,100 B+,"atletico madrid - real madrid güncel, atletico madrid - real madrid son dakika",
2025-09-27T19:01:05.912133,gaziantep fk - samsunspor,20 B+,"gaziantep fk - samsunspor güncel, gaziantep fk - samsunspor son dakika",
2025-09-27T19:01:06.413131,real madrid,50 B+,"real madrid son dakika, real madrid güncel",
2025-09-27T19:01:06.914294,eyüpspor - göztepe,20 B+,"eyüpspor - göztepe güncel, eyüpspor - göztepe son dakika",
2025-09-27T19:01:07.415470,crystal palace - liverpool,20 B+,"crystal palace - liverpool güncel, crystal palace - liverpool son dakika",
2025-09-27T19:01:07.916626,benfica - gil vicente,50 B+,"benfica - gil vicente güncel, benfica - gil vicente son dakika",
2025-09-27T19:01:08.417778,أتلتيكو مدريد ضد الريال,10 B+,"أتلتيكو مدريد ضد الريال son dakika, أتلتيكو مدريد ضد الريال güncel",
2025-09-27T19:01:08.919064,manchester city - burnley,10 B+,"manchester city - burnley güncel, manchester city - burnley son dakika",
2025-09-27T19:01:09.420228,brentford - manchester united,20 B+,"brentford - manchester united güncel, brentford - manchester united son dakika",
2025-09-27T19:01:09.921385,liverpool,20 B+,"liverpool güncel, liverpool son dakika",
2025-09-27T19:01:10.422449,chelsea - brighton,5 B+,"chelsea - brighton güncel, chelsea - brighton son dakika",
2025-09-27T19:01:10.923107,juventus - atalanta,5 B+,"juventus - atalanta son dakika, juventus - atalanta güncel",
2025-09-27T19:01:11.424163,erokspor - iğdır fk,10 B+,"erokspor - iğdır fk son dakika, erokspor - iğdır fk güncel",
2025-09-27T19:01:11.925278,s sport,10 B+,"s sport son dakika, s sport güncel",
2025-09-27T19:01:12.426377,arka sokaklar 720 bölüm full izle,20 B+,"arka sokaklar 720 bölüm full izle son dakika, arka sokaklar 720 bölüm full izle güncel",
2025-09-27T20:01:05.000933,atletico madrid - real madrid,200 B+,"atletico madrid - real madrid son dakika, atletico madrid - real madrid güncel",
2025-09-27T20:01:05.502057,real madrid,100 B+,"real madrid son dakika, real madrid güncel",
2025-09-27T20:01:06.003147,gaziantep fk - samsunspor,50 B+,"gaziantep fk - samsunspor son dakika, gaziantep fk - samsunspor güncel",
2025-09-27T20:01:06.504245,crystal palace - liverpool,20 B+,"crystal palace - liverpool güncel, crystal palace - liverpool son dakika",
2025-09-27T20:01:07.005341,eyüpspor - göztepe,20 B+,"eyüpspor - göztepe güncel, eyüpspor - göztepe son dakika",
2025-09-27T20:01:07.506397,manchester city - burnley,10 B+,"manchester city - burnley güncel, manchester city - burnley son dakika",
2025-09-27T20:01:08.007494,benfica - gil vicente,50 B+,"benfica - gil vicente son dakika, benfica - gil vicente güncel",
2025-09-27T20:01:08.508589,liverpool,20 B+,"liverpool güncel, liverpool son dakika",
2025-09-27T20:01:09.009697,mönchengladbach - eintracht frankfurt,10 B+,"mönchengladbach - eintracht frankfurt güncel, mönchengladbach - eintracht frankfurt son dakika",
2025-09-27T20:01:09.510799,juventus - atalanta,10 B+,"juventus - atalanta güncel, juventus - atalanta son dakika",
2025-09-27T20:01:10.012035,chelsea - brighton,10 B+,"chelsea - brighton son dakika, chelsea - brighton güncel",
2025-09-27T20:01:10.513141,أتلتيكو مدريد ضد الريال,10 B+,"أتلتيكو مدريد ضد الريال güncel, أتلتيكو مدريد ضد الريال son dakika",
2025-09-27T20:01:11.014250,brentford - manchester united,20 B+,"brentford - manchester united güncel, brentford - manchester united son dakika",
2025-09-27T20:01:11.515367,ümraniyespor - çorum,5 B+,"ümraniyespor - çorum son dakika, ümraniyespor - çorum güncel",
2025-09-27T20:01:12.016502,arka sokaklar 720 bölüm full izle,20 B+,"arka sokaklar 720 bölüm full izle son dakika, arka sokaklar 720 bölüm full izle güncel",
2025-09-27T21:01:04.740888,atletico madrid - real madrid,200 B+,"atletico madrid - real madrid son dakika, atletico madrid - real madrid güncel",
2025-09-27T21:01:05.241933,mönchengladbach - eintracht frankfurt,20 B+,"mönchengladbach - eintracht frankfurt son dakika, mönchengladbach - eintracht frankfurt güncel",
2025-09-27T21:01:05.743130,gaziantep fk - samsunspor,50 B+,"gaziantep fk - samsunspor güncel, gaziantep fk - samsunspor son dakika",
2025-09-27T21:01:06.244297,juventus - atalanta,10 B+,"juventus - atalanta güncel, juventus - atalanta son dakika",
2025-09-27T21:01:06.745434,eyüpspor - göztepe,20 B+,"eyüpspor - göztepe güncel, eyüpspor - göztepe son dakika",
2025-09-27T21:01:07.246601,crystal palace - liverpool,50 B+,"crystal palace - liverpool güncel, crystal palace - liverpool son dakika",
2025-09-27T21:01:07.747677,أتلتيكو مدريد ضد الريال,20 B+,"أتلتيكو مدريد ضد الريال güncel, أتلتيكو مدريد ضد الريال son dakika",
2025-09-27T21:01:08.248735,tofaş - fenerbahçe,5 B+,"tofaş - fenerbahçe son dakika, tofaş - fenerbahçe güncel",
2025-09-27T21:01:08.749943,real madrid,100 B+,"real madrid son dakika, real madrid güncel",
2025-09-27T21:01:09.251106,manchester city - burnley,20 B+,"manchester city - burnley son dakika, manchester city - burnley güncel",
2025-09-27T21:01:09.752269,ümraniyespor - çorum,10 B+,"ümraniyespor - çorum son dakika, ümraniyespor - çorum güncel",
2025-09-27T21:01:10.253423,brentford - manchester united,20 B+,"brentford - manchester united son dakika, brentford - manchester united güncel",
2025-09-27T21:01:10.754631,chelsea - brighton,10 B+,"chelsea - brighton güncel, chelsea - brighton son dakika",
2025-09-27T21:01:11.255780,arka sokaklar 720 bölüm full izle,20 B+,"arka sokaklar 720 bölüm full izle güncel, arka sokaklar 720 bölüm full izle son dakika",
2025-09-27T21:01:11.757097,atletico madrid,20 B+,"atletico madrid son dakika, atletico madrid güncel",
2025-09-27T22:01:04.631077,atletico madrid - real madrid,200 B+,"atletico madrid - real madrid son dakika, atletico madrid - real madrid güncel",
2025-09-27T22:01:05.132097,mönchengladbach - eintracht frankfurt,20 B+,"mönchengladbach - eintracht frankfurt son dakika, mönchengladbach - eintracht frankfurt güncel",
2025-09-27T22:01:05.633221,juventus - atalanta,20 B+,"juventus - atalanta son dakika, juventus - atalanta güncel",
2025-09-27T22:01:06.134379,gaziantep fk - samsunspor,50 B+,"gaziantep fk - samsunspor son dakika, gaziantep fk - samsunspor güncel",
2025-09-27T22:01:06.635544,eyüpspor - göztepe,20 B+,"eyüpspor - göztepe son dakika, eyüpspor - göztepe güncel",
2025-09-27T22:01:07.136697,crystal palace - liverpool,50 B+,"crystal palace - liverpool güncel, crystal palace - liverpool son dakika",
2025-09-27T22:01:07.637067,tofaş - fenerbahçe,10 B+,"tofaş - fenerbahçe son dakika, tofaş - fenerbahçe güncel",
2025-09-27T22:01:08.138192,cagliari - inter,5 B+,"cagliari - inter son dakika, cagliari - inter güncel",
2025-09-27T22:01:08.639250,real madrid atletico madrid,20 B+,"real madrid atletico madrid güncel, real madrid atletico madrid son dakika",
2025-09-27T22:01:09.140410,أتلتيكو مدريد ضد الريال,20 B+,"أتلتيكو مدريد ضد الريال güncel, أتلتيكو مدريد ضد الريال son dakika",
2025-09-27T22:01:09.641572,manchester city - burnley,20 B+,"manchester city - burnley son dakika, manchester city - burnley güncel",
2025-09-27T22:01:10.142746,ümraniyespor - çorum,10 B+,"ümraniyespor - çorum güncel, ümraniyespor - çorum son dakika",
2025-09-27T22:01:10.643924,brentford - manchester united,20 B+,"brentford - manchester united son dakika, brentford - manchester united güncel",
2025-09-27T22:01:11.145083,psg - auxerre,2 B+,"psg - auxerre son dakika, psg - auxerre güncel",
2025-09-27T22:01:11.646243,ferdi zeyrek,5 B+,"ferdi zeyrek son dakika, ferdi zeyrek güncel",
2025-09-27T23:01:05.338037,atletico madrid - real madrid,200 B+,"atletico madrid - real madrid güncel, atletico madrid - real madrid son dakika",
2025-09-27T23:01:05.839052,juventus - atalanta,20 B+,"juventus - atalanta güncel, juventus - atalanta son dakika",
2025-09-27T23:01:06.339951,mönchengladbach - eintracht frankfurt,20 B+,"mönchengladbach - eintracht frankfurt son dakika, mönchengladbach - eintracht frankfurt güncel",
2025-09-27T23:01:06.841061,cagliari - inter,10 B+,"cagliari - inter son dakika, cagliari - inter güncel",
2025-09-27T23:01:07.342137,gaziantep fk - samsunspor,50 B+,"gaziantep fk - samsunspor son dakika, gaziantep fk - samsunspor güncel",
2025-09-27T23:01:07.843229,tofaş - fenerbahçe,10 B+,"tofaş - fenerbahçe güncel, tofaş - fenerbahçe son dakika",
2025-09-27T23:01:08.344356,eyüpspor - göztepe,20 B+,"eyüpspor - göztepe güncel, eyüpspor - göztepe son dakika",
2025-09-27T23:01:08.845417,crystal palace - liverpool,50 B+,"crystal palace - liverpool güncel, crystal palace - liverpool son dakika",
2025-09-27T23:01:09.346524,psg - auxerre,5 B+,"psg - auxerre güncel, psg - auxerre son dakika",
2025-09-27T23:01:09.847606,real madrid atletico madrid,20 B+,"real madrid atletico madrid son dakika, real madrid atletico madrid güncel",
2025-09-27T23:01:10.348760,ferdi zeyrek,5 B+,"ferdi zeyrek güncel, ferdi zeyrek son dakika",
2025-09-27T23:01:10.849075,أتلتيكو مدريد ضد الريال,20 B+,"أتلتيكو مدريد ضد الريال son dakika, أتلتيكو مدريد ضد الريال güncel",
2025-09-27T23:01:11.350135,manchester city - burnley,20 B+,"manchester city - burnley son dakika, manchester city - burnley güncel",
2025-09-27T23:01:11.851159,chelsea - brighton,10 B+,"chelsea - brighton güncel, chelsea - brighton son dakika",
2025-09-27T23:01:12.352307,tusaş kaan,5 B+,"tusaş kaan güncel, tusaş kaan son dakika",
2025-09-28T00:01:06.291424,atletico madrid - real madrid,200 B+,"atletico madrid - real madrid son dakika, atletico madrid - real madrid güncel",
2025-09-28T00:01:06.792112,cagliari - inter,20 B+,"cagliari - inter güncel, cagliari - inter son dakika",
2025-09-28T00:01:07.293254,juventus - atalanta,20 B+,"juventus - atalanta son dakika, juventus - atalanta güncel",
2025-09-28T00:01:07.794423,mönchengladbach - eintracht frankfurt,20 B+,"mönchengladbach - eintracht frankfurt güncel, mönchengladbach - eintracht frankfurt son dakika",
2025-09-28T00:01:08.295580,gaziantep fk - samsunspor,50 B+,"gaziantep fk - samsunspor son dakika, gaziantep fk - samsunspor güncel",
2025-09-28T00:01:08.796668,psg - auxerre,10 B+,"psg - auxerre güncel, psg - auxerre son dakika",
2025-09-28T00:01:09.297775,eyüpspor - göztepe,20 B+,"eyüpspor - göztepe güncel, eyüpspor - göztepe son dakika",
2025-09-28T00:01:09.798320,tofaş - fenerbahçe,20 B+,"tofaş - fenerbahçe güncel, tofaş - fenerbahçe son dakika",
2025-09-28T00:01:10.299470,crystal palace - liverpool,20 B+,"crystal palace - liverpool son dakika, crystal palace - liverpool güncel",
2025-09-28T00:01:10.800366,real madrid atletico madrid,50 B+,"real madrid atletico madrid son dakika, real madrid atletico madrid güncel",
2025-09-28T00:01:11.301569,ferdi zeyrek,5 B+,"ferdi zeyrek son dakika, ferdi zeyrek güncel",
2025-09-28T00:01:11.802387,manchester city - burnley,20 B+,"manchester city - burnley güncel, manchester city - burnley son dakika",
2025-09-28T00:01:12.303203,tottenham - wolverhampton,5 B+,"tottenham - wolverhampton güncel, tottenham - wolverhampton son dakika",
2025-09-28T00:01:12.804126,tusaş kaan,5 B+,"tusaş kaan güncel, tusaş kaan son dakika",
2025-09-28T00:01:13.305214,أتلتيكو مدريد ضد الريال,20 B+,"أتلتيكو مدريد ضد الريال son dakika, أتلتيكو مدريد ضد الريال güncel",
2025-09-28T01:01:04.521199,atletico madrid - real madrid,200 B+,"atletico madrid - real madrid güncel, atletico madrid - real madrid son dakika",
2025-09-28T01:01:05.022383,cagliari - inter,20 B+,"cagliari - inter güncel, cagliari - inter son dakika",
2025-09-28T01:01:05.523398,juventus - atalanta,20 B+,"juventus - atalanta güncel, juventus - atalanta son dakika",
2025-09-28T01:01:06.024479,mönchengladbach - eintracht frankfurt,20 B+,"mönchengladbach - eintracht frankfurt son dakika, mönchengladbach - eintracht frankfurt güncel",
2025-09-28T01:01:06.525619,gaziantep fk - samsunspor,50 B+,"gaziantep fk - samsunspor son dakika, gaziantep fk - samsunspor güncel",
2025-09-28T01:01:07.026771,psg - auxerre,10 B+,"psg - auxerre güncel, psg - auxerre son dakika",
2025-09-28T01:01:07.528001,eyüpspor - göztepe,20 B+,"eyüpspor - göztepe güncel, eyüpspor - göztepe son dakika",
2025-09-28T01:01:08.029141,crystal palace - liverpool,20 B+,"crystal palace - liverpool güncel, crystal palace - liverpool son dakika",
2025-09-28T01:01:08.530292,real madrid atletico madrid,50 B+,"real madrid atletico madrid güncel, real madrid atletico madrid son dakika",
2025-09-28T01:01:09.031373,tofaş - fenerbahçe,20 B+,"tofaş - fenerbahçe son dakika, tofaş - fenerbahçe güncel",
2025-09-28T01:01:09.532424,ferdi zeyrek,5 B+,"ferdi zeyrek son dakika, ferdi zeyrek güncel",
2025-09-28T01:01:10.033589,tottenham - wolverhampton,10 B+,"tottenham - wolverhampton son dakika, tottenham - wolverhampton güncel",
2025-09-28T01:01:10.534732,manchester city - burnley,20 B+,"manchester city - burnley güncel, manchester city - burnley son dakika",
2025-09-28T01:01:11.035786,أتلتيكو مدريد ضد الريال,20 B+,"أتلتيكو مدريد ضد الريال son dakika, أتلتيكو مدريد ضد الريال güncel",
2025-09-28T01:01:11.536259,toronto - inter miami,2 B+,"toronto - inter miami son dakika, toronto - inter miami güncel",
2025-09-28T02:01:04.506252,atletico madrid - real madrid,200 B+,"atletico madrid - real madrid son dakika, atletico madrid - real madrid güncel",
2025-09-28T02:01:05.007210,cagliari - inter,20 B+,"cagliari - inter güncel, cagliari - inter son dakika",
2025-09-28T02:01:05.508209,juventus - atalanta,20 B+,"juventus - atalanta güncel, juventus - atalanta son dakika",
2025-09-28T02:01:06.009333,mönchengladbach - eintracht frankfurt,20 B+,"mönchengladbach - eintracht frankfurt güncel, mönchengladbach - eintracht frankfurt son dakika",
2025-09-28T02:01:06.510456,gaziantep fk - samsunspor,50 B+,"gaziantep fk - samsunspor son dakika, gaziantep fk - samsunspor güncel",
2025-09-28T02:01:07.011571,real madrid atletico madrid,50 B+,"real madrid atletico madrid güncel, real madrid atletico madrid son dakika",
2025-09-28T02:01:07.512689,ferdi zeyrek,10 B+,"ferdi zeyrek son dakika, ferdi zeyrek güncel",
2025-09-28T02:01:08.013803,eyüpspor - göztepe,20 B+,"eyüpspor - göztepe güncel, eyüpspor - göztepe son dakika",
2025-09-28T02:01:08.514955,crystal palace - liverpool,20 B+,"crystal palace - liverpool son dakika, crystal palace - liverpool güncel",
2025-09-28T02:01:09.016121,psg - auxerre,10 B+,"psg - auxerre güncel, psg - auxerre son dakika",
2025-09-28T02:01:09.517249,tofaş - fenerbahçe,20 B+,"tofaş - fenerbahçe güncel, tofaş - fenerbahçe son dakika",
2025-09-28T02:01:10.018382,toronto - inter miami,2 B+,"toronto - inter miami son dakika, toronto - inter miami güncel",
2025-09-28T02:01:10.519503,crystal palace,5 B+,"crystal palace güncel, crystal palace son dakika",
2025-09-28T02:01:11.020660,gökhan gönül,2 B+,"gökhan gönül son dakika, gökhan gönül güncel",
2025-09-28T02:01:11.521584,tottenham - wolverhampton,5 B+,"tottenham - wolverhampton güncel, tottenham - wolverhampton son dakika",
2025-09-28T03:01:04.877525,atletico madrid - real madrid,200 B+,"atletico madrid - real madrid son dakika, atletico madrid - real madrid güncel",
2025-09-28T03:01:05.378553,cagliari - inter,20 B+,"cagliari - inter güncel, cagliari - inter son dakika",
2025-09-28T03:01:05.879684,juventus - atalanta,20 B+,"juventus - atalanta son dakika, juventus - atalanta güncel",
2025-09-28T03:01:06.380730,gaziantep fk - samsunspor,50 B+,"gaziantep fk - samsunspor güncel, gaziantep fk - samsunspor son dakika",
2025-09-28T03:01:06.881804,manchester city - burnley,20 B+,"manchester city - burnley güncel, manchester city - burnley son dakika",
2025-09-28T03:01:07.383100,mönchengladbach - eintracht frankfurt,20 B+,"mönchengladbach - eintracht frankfurt güncel, mönchengladbach - eintracht frankfurt son dakika",
2025-09-28T03:01:07.884076,ferdi zeyrek,10 B+,"ferdi zeyrek son dakika, ferdi zeyrek güncel",
2025-09-28T03:01:08.385103,psg - auxerre,10 B+,"psg - auxerre güncel, psg - auxerre son dakika",
2025-09-28T03:01:08.886258,toronto - inter miami,2 B+,"toronto - inter miami güncel, toronto - inter miami son dakika",
2025-09-28T03:01:09.386936,tofaş - fenerbahçe,20 B+,"tofaş - fenerbahçe son dakika, tofaş - fenerbahçe güncel",
2025-09-28T03:01:09.888084,crystal palace,5 B+,"crystal palace son dakika, crystal palace güncel",
2025-09-28T03:01:10.389170,julian alvarez,100 B+,"julian alvarez son dakika, julian alvarez güncel",
2025-09-28T03:01:10.890313,gökhan gönül,5 B+,"gökhan gönül güncel, gökhan gönül son dakika",
2025-09-28T03:01:11.391370,ismail beşikçi,2 B+,"ismail beşikçi güncel, ismail beşikçi son dakika",
2025-09-28T03:01:11.892515,eyüpspor - göztepe,20 B+,"eyüpspor - göztepe son dakika, eyüpspor - göztepe güncel",
2025-09-28T04:01:04.478743,atletico madrid - real madrid,200 B+,"atletico madrid - real madrid güncel, atletico madrid - real madrid son dakika",
2025-09-28T04:01:04.979967,cagliari - inter,20 B+,"cagliari - inter güncel, cagliari - inter son dakika",
2025-09-28T04:01:05.481008,manchester city - burnley,20 B+,"manchester city - burnley son dakika, manchester city - burnley güncel",
2025-09-28T04:01:05.982070,juventus - atalanta,20 B+,"juventus - atalanta güncel, juventus - atalanta son dakika",
2025-09-28T04:01:06.483170,mönchengladbach - eintracht frankfurt,20 B+,"mönchengladbach - eintracht frankfurt son dakika, mönchengladbach - eintracht frankfurt güncel",
2025-09-28T04:01:06.984116,real madrid atletico madrid,50 B+,"real madrid atletico madrid güncel, real madrid atletico madrid son dakika",
2025-09-28T04:01:07.485043,psg - auxerre,10 B+,"psg - auxerre güncel, psg - auxerre son dakika",
2025-09-28T04:01:07.986113,crystal palace,50 B+,"crystal palace güncel, crystal palace son dakika",
2025-09-28T04:01:08.487206,toronto - inter miami,2 B+,"toronto - inter miami güncel, toronto - inter miami son dakika",
2025-09-28T04:01:08.988422,gökhan gönül,5 B+,"gökhan gönül güncel, gökhan gönül son dakika",
2025-09-28T04:01:09.489519,julian alvarez,100 B+,"julian alvarez son dakika, julian alvarez güncel",
2025-09-28T04:01:09.990621,gaziantep fk - samsunspor,50 B+,"gaziantep fk - samsunspor son dakika, gaziantep fk - samsunspor güncel",
2025-09-28T04:01:10.491714,eşref rüya 15 bolum,1 B+,"eşref rüya 15 bolum güncel, eşref rüya 15 bolum son dakika",
2025-09-28T04:01:10.992830,ismail beşikçi,2 B+,"ismail beşikçi güncel, ismail beşikçi son dakika",
2025-09-28T04:01:11.493749,isa yıldırım istifa etti,500+,"isa yıldırım istifa etti son dakika, isa yıldırım istifa etti güncel",
2025-09-28T05:01:03.873398,atletico madrid - real madrid,200 B+,"atletico madrid - real madrid son dakika, atletico madrid - real madrid güncel",
2025-09-28T05:01:04.374191,cagliari - inter,20 B+,"cagliari - inter son dakika, cagliari - inter güncel",
2025-09-28T05:01:04.875212,manchester city - burnley,20 B+,"manchester city - burnley güncel, manchester city - burnley son dakika",
2025-09-28T05:01:05.376276,juventus - atalanta,20 B+,"juventus - atalanta son dakika, juventus - atalanta güncel",
2025-09-28T05:01:05.877444,mönchengladbach - eintracht frankfurt,20 B+,"mönchengladbach - eintracht frankfurt son dakika, mönchengladbach - eintracht frankfurt güncel",
2025-09-28T05:01:06.378512,real madrid atletico madrid,50 B+,"real madrid atletico madrid güncel, real madrid atletico madrid son dakika",
2025-09-28T05:01:06.879633,psg - auxerre,10 B+,"psg - auxerre son dakika, psg - auxerre güncel",
2025-09-28T05:01:07.380784,toronto - inter miami,2 B+,"toronto - inter miami son dakika, toronto - inter miami güncel",
2025-09-28T05:01:07.882041,gökhan gönül,5 B+,"gökhan gönül son dakika, gökhan gönül güncel",
2025-09-28T05:01:08.382672,crystal palace,10 B+,"crystal palace güncel, crystal palace son dakika",
2025-09-28T05:01:08.883783,julian alvarez,100 B+,"julian alvarez güncel, julian alvarez son dakika",
2025-09-28T05:01:09.385006,gaziantep fk - samsunspor,50 B+,"gaziantep fk - samsunspor son dakika, gaziantep fk - samsunspor güncel",
2025-09-28T05:01:09.886168,crystal palace - liverpool,50 B+,"crystal palace - liverpool son dakika, crystal palace - liverpool güncel",
2025-09-28T05:01:10.387297,eyüpspor - göztepe,20 B+,"eyüpspor - göztepe güncel, eyüpspor - göztepe son dakika",
2025-09-28T05:01:10.888468,isa yıldırım istifa etti,1 B+,"isa yıldırım istifa etti güncel, isa yıldırım istifa etti son dakika",
2025-09-28T06:01:04.333744,atletico madrid - real madrid,200 B+,"atletico madrid - real madrid son dakika, atletico madrid - real madrid güncel",
2025-09-28T06:01:04.834937,cagliari - inter,20 B+,"cagliari - inter son dakika, cagliari - inter güncel",
2025-09-28T06:01:05.336091,juventus - atalanta,20 B+,"juventus - atalanta son dakika, juventus - atalanta güncel",
2025-09-28T06:01:05.837078,manchester city - burnley,20 B+,"manchester city - burnley güncel, manchester city - burnley son dakika",
2025-09-28T06:01:06.338054,mönchengladbach - eintracht frankfurt,20 B+,"mönchengladbach - eintracht frankfurt son dakika, mönchengladbach - eintracht frankfurt güncel",
2025-09-28T06:01:06.839211,psg - auxerre,10 B+,"psg - auxerre son dakika, psg - auxerre güncel",
2025-09-28T06:01:07.340368,real madrid atletico madrid,50 B+,"real madrid atletico madrid son dakika, real madrid atletico madrid güncel",
2025-09-28T06:01:07.841511,toronto - inter miami,2 B+,"toronto - inter miami son dakika, toronto - inter miami güncel",
2025-09-28T06:01:08.342232,tottenham - wolverhampton,10 B+,"tottenham - wolverhampton son dakika, tottenham - wolverhampton güncel",
2025-09-28T06:01:08.843391,gaziantep fk - samsunspor,50 B+,"gaziantep fk - samsunspor güncel, gaziantep fk - samsunspor son dakika",
2025-09-28T06:01:09.344553,villarreal - athletic bilbao,2 B+,"villarreal - athletic bilbao son dakika, villarreal - athletic bilbao güncel",
2025-09-28T06:01:09.845716,ismail beşikçi,2 B+,"ismail beşikçi güncel, ismail beşikçi son dakika",
2025-09-28T06:01:10.346931,crystal palace - liverpool,50 B+,"crystal palace - liverpool güncel, crystal palace - liverpool son dakika",
2025-09-28T06:01:10.848133,real madrid,100 B+,"real madrid güncel, real madrid son dakika",
2025-09-28T06:01:11.348907,eyüpspor - göztepe,20 B+,"eyüpspor - göztepe güncel, eyüpspor - göztepe son dakika",
2025-09-28T07:01:04.863619,atletico madrid - real madrid,200 B+,"atletico madrid - real madrid güncel, atletico madrid - real madrid son dakika",
2025-09-28T07:01:05.364255,cagliari - inter,20 B+,"cagliari - inter güncel, cagliari - inter son dakika",
2025-09-28T07:01:05.865491,juventus - atalanta,20 B+,"juventus - atalanta güncel, juventus - atalanta son dakika",
2025-09-28T07:01:06.366585,manchester city - burnley,20 B+,"manchester city - burnley son dakika, manchester city - burnley güncel",
2025-09-28T07:01:06.867557,mönchengladbach - eintracht frankfurt,20 B+,"mönchengladbach - eintracht frankfurt güncel, mönchengladbach - eintracht frankfurt son dakika",
2025-09-28T07:01:07.368702,gaziantep fk - samsunspor,50 B+,"gaziantep fk - samsunspor son dakika, gaziantep fk - samsunspor güncel",
2025-09-28T07:01:07.869961,psg - auxerre,10 B+,"psg - auxerre son dakika, psg - auxerre güncel",
2025-09-28T07:01:08.370645,eyüpspor - göztepe,20 B+,"eyüpspor - göztepe güncel, eyüpspor - göztepe son dakika",
2025-09-28T07:01:08.871759,real madrid atletico madrid,50 B+,"real madrid atletico madrid güncel, real madrid atletico madrid son dakika",
2025-09-28T07:01:09.373011,tofaş - fenerbahçe,20 B+,"tofaş - fenerbahçe güncel, tofaş - fenerbahçe son dakika",
2025-09-28T07:01:09.874164,toronto - inter miami,5 B+,"toronto - inter miami son dakika, toronto - inter miami güncel",
2025-09-28T07:01:10.375123,ferdi zeyrek,10 B+,"ferdi zeyrek güncel, ferdi zeyrek son dakika",
2025-09-28T07:01:10.876180,ismail beşikçi,2 B+,"ismail beşikçi güncel, ismail beşikçi son dakika",
2025-09-28T07:01:11.377241,tottenham - wolverhampton,10 B+,"tottenham - wolverhampton son dakika, tottenham - wolverhampton güncel",
2025-09-28T07:01:11.878398,villarreal - athletic bilbao,2 B+,"villarreal - athletic bilbao güncel, villarreal - athletic bilbao son dakika",
2025-09-28T08:01:04.631307,atletico madrid - real madrid,200 B+,"atletico madrid - real madrid güncel, atletico madrid - real madrid son dakika",
2025-09-28T08:01:05.132548,cagliari - inter,20 B+,"cagliari - inter son dakika, cagliari - inter güncel",
2025-09-28T08:01:05.633709,manchester city - burnley,20 B+,"manchester city - burnley güncel, manchester city - burnley son dakika",
2025-09-28T08:01:06.134816,juventus - atalanta,20 B+,"juventus - atalanta güncel, juventus - atalanta son dakika",
2025-09-28T08:01:06.636089,mönchengladbach - eintracht frankfurt,20 B+,"mönchengladbach - eintracht frankfurt güncel, mönchengladbach - eintracht frankfurt son dakika",
2025-09-28T08:01:07.137161,psg - auxerre,10 B+,"psg - auxerre son dakika, psg - auxerre güncel",
2025-09-28T08:01:07.638315,gaziantep fk - samsunspor,50 B+,"gaziantep fk - samsunspor son dakika, gaziantep fk - samsunspor güncel",
2025-09-28T08:01:08.139417,eyüpspor - göztepe,20 B+,"eyüpspor - göztepe son dakika, eyüpspor - göztepe güncel",
2025-09-28T08:01:08.640105,real madrid atletico madrid,50 B+,"real madrid atletico madrid güncel, real madrid atletico madrid son dakika",
2025-09-28T08:01:09.141226,crystal palace - liverpool,50 B+,"crystal palace - liverpool güncel, crystal palace - liverpool son dakika",
2025-09-28T08:01:09.642373,toronto - inter miami,5 B+,"toronto - inter miami son dakika, toronto - inter miami güncel",
2025-09-28T08:01:10.143515,tofaş - fenerbahçe,20 B+,"tofaş - fenerbahçe güncel, tofaş - fenerbahçe son dakika",
2025-09-28T08:01:10.644080,tottenham - wolverhampton,10 B+,"tottenham - wolverhampton son dakika, tottenham - wolverhampton güncel",
2025-09-28T08:01:11.145121,ferdi zeyrek,10 B+,"ferdi zeyrek güncel, ferdi zeyrek son dakika",
2025-09-28T08:01:11.646280,ismail beşikçi,2 B+,"ismail beşikçi son dakika, ismail beşikçi güncel",
2025-09-28T09:01:04.544791,atletico madrid - real madrid,200 B+,"atletico madrid - real madrid güncel, atletico madrid - real madrid son dakika",
2025-09-28T09:01:05.045829,cagliari - inter,20 B+,"cagliari - inter güncel, cagliari - inter son dakika",
2025-09-28T09:01:05.546984,manchester city - burnley,20 B+,"manchester city - burnley güncel, manchester city - burnley son dakika",
2025-09-28T09:01:06.048094,juventus - atalanta,20 B+,"juventus - atalanta son dakika, juventus - atalanta güncel",
2025-09-28T09:01:06.549101,mönchengladbach - eintracht frankfurt,20 B+,"mönchengladbach - eintracht frankfurt güncel, mönchengladbach - eintracht frankfurt son dakika",
2025-09-28T09:01:07.050244,gaziantep fk - samsunspor,50 B+,"gaziantep fk - samsunspor güncel, gaziantep fk - samsunspor son dakika",
2025-09-28T09:01:07.551325,psg - auxerre,10 B+,"psg - auxerre güncel, psg - auxerre son dakika",
2025-09-28T09:01:08.052487,real madrid atletico madrid,20 B+,"real madrid atletico madrid güncel, real madrid atletico madrid son dakika",
2025-09-28T09:01:08.553500,tofaş - fenerbahçe,20 B+,"tofaş - fenerbahçe son dakika, tofaş - fenerbahçe güncel",
2025-09-28T09:01:09.054639,eyüpspor - göztepe,20 B+,"eyüpspor - göztepe son dakika, eyüpspor - göztepe güncel",
2025-09-28T09:01:09.555839,toronto - inter miami,5 B+,"toronto - inter miami güncel, toronto - inter miami son dakika",
2025-09-28T09:01:10.057110,crystal palace,10 B+,"crystal palace güncel, crystal palace son dakika",
2025-09-28T09:01:10.558265,ismail beşikçi,2 B+,"ismail beşikçi son dakika, ismail beşikçi güncel",
2025-09-28T09:01:11.059427,tottenham - wolverhampton,10 B+,"tottenham - wolverhampton son dakika, tottenham - wolverhampton güncel",
2025-09-28T09:01:11.560576,gökhan gönül,5 B+,"gökhan gönül son dakika, gökhan gönül güncel",
2025-09-28T10:01:04.865330,atletico madrid - real madrid,200 B+,"atletico madrid - real madrid son dakika, atletico madrid - real madrid güncel",
2025-09-28T10:01:05.366343,cagliari - inter,20 B+,"cagliari - inter son dakika, cagliari - inter güncel",
2025-09-28T10:01:05.867391,juventus - atalanta,20 B+,"juventus - atalanta son dakika, juventus - atalanta güncel",
2025-09-28T10:01:06.368426,manchester city - burnley,20 B+,"manchester city - burnley son dakika, manchester city - burnley güncel",
2025-09-28T10:01:06.869537,mönchengladbach - eintracht frankfurt,20 B+,"mönchengladbach - eintracht frankfurt güncel, mönchengladbach - eintracht frankfurt son dakika",
2025-09-28T10:01:07.370696,gaziantep fk - samsunspor,50 B+,"gaziantep fk - samsunspor güncel, gaziantep fk - samsunspor son dakika",
2025-09-28T10:01:07.871914,psg - auxerre,10 B+,"psg - auxerre güncel, psg - auxerre son dakika",
2025-09-28T10:01:08.373186,tofaş - fenerbahçe,20 B+,"tofaş - fenerbahçe son dakika, tofaş - fenerbahçe güncel",
2025-09-28T10:01:08.874337,crystal palace - liverpool,20 B+,"crystal palace - liverpool güncel, crystal palace - liverpool son dakika",
2025-09-28T10:01:09.375463,toronto - inter miami,5 B+,"toronto - inter miami güncel, toronto - inter miami son dakika",
2025-09-28T10:01:09.876572,gökhan gönül,5 B+,"gökhan gönül güncel, gökhan gönül son dakika",
2025-09-28T10:01:10.376990,tottenham - wolverhampton,5 B+,"tottenham - wolverhampton güncel, tottenham - wolverhampton son dakika",
2025-09-28T10:01:10.878109,ismail beşikçi,2 B+,"ismail beşikçi son dakika, ismail beşikçi güncel",
2025-09-28T10:01:11.379316,villarreal - athletic bilbao,2 B+,"villarreal - athletic bilbao güncel, villarreal - athletic bilbao son dakika",
2025-09-28T10:01:11.880481,julian alvarez,100 B+,"julian alvarez son dakika, julian alvarez güncel",
2025-09-28T11:01:05.181128,atletico madrid - real madrid,200 B+,"atletico madrid - real madrid son dakika, atletico madrid - real madrid güncel",
2025-09-28T11:01:05.681930,cagliari - inter,20 B+,"cagliari - inter son dakika, cagliari - inter güncel",
2025-09-28T11:01:06.183060,juventus - atalanta,20 B+,"juventus - atalanta güncel, juventus - atalanta son dakika",
2025-09-28T11:01:06.683950,manchester city - burnley,20 B+,"manchester city - burnley güncel, manchester city - burnley son dakika",
2025-09-28T11:01:07.184946,mönchengladbach - eintracht frankfurt,20 B+,"mönchengladbach - eintracht frankfurt güncel, mönchengladbach - eintracht frankfurt son dakika",
2025-09-28T11:01:07.685747,gaziantep fk - samsunspor,50 B+,"gaziantep fk - samsunspor güncel, gaziantep fk - samsunspor son dakika",
2025-09-28T11:01:08.186781,psg - auxerre,10 B+,"psg - auxerre son dakika, psg - auxerre güncel",
2025-09-28T11:01:08.687916,eyüpspor - göztepe,20 B+,"eyüpspor - göztepe güncel, eyüpspor - göztepe son dakika",
2025-09-28T11:01:09.189043,tofaş - fenerbahçe,20 B+,"tofaş - fenerbahçe son dakika, tofaş - fenerbahçe güncel",
2025-09-28T11:01:09.690121,crystal palace - liverpool,20 B+,"crystal palace - liverpool son dakika, crystal palace - liverpool güncel",
2025-09-28T11:01:10.191196,toronto - inter miami,5 B+,"toronto - inter miami son dakika, toronto - inter miami güncel",
2025-09-28T11:01:10.692222,crystal palace,5 B+,"crystal palace son dakika, crystal palace güncel",
2025-09-28T11:01:11.193311,tottenham - wolverhampton,5 B+,"tottenham - wolverhampton son dakika, tottenham - wolverhampton güncel",
2025-09-28T11:01:11.694406,ismail beşikçi,2 B+,"ismail beşikçi güncel, ismail beşikçi son dakika",
2025-09-28T11:01:12.195508,gökhan gönül,5 B+,"gökhan gönül güncel, gökhan gönül son dakika",
2025-09-28T12:01:04.396463,atletico madrid - real madrid,200 B+,"atletico madrid - real madrid son dakika, atletico madrid - real madrid güncel",
2025-09-28T12:01:04.897520,cagliari - inter,20 B+,"cagliari - inter son dakika, cagliari - inter güncel",
2025-09-28T12:01:05.398427,juventus - atalanta,20 B+,"juventus - atalanta son dakika, juventus - atalanta güncel",
2025-09-28T12:01:05.899488,manchester city - burnley,20 B+,"manchester city - burnley güncel, manchester city - burnley son dakika",
2025-09-28T12:01:06.400192,gaziantep fk - samsunspor,50 B+,"gaziantep fk - samsunspor güncel, gaziantep fk - samsunspor son dakika",
2025-09-28T12:01:06.901296,psg - auxerre,10 B+,"psg - auxerre güncel, psg - auxerre son dakika",
2025-09-28T12:01:07.402456,eyüpspor - göztepe,20 B+,"eyüpspor - göztepe son dakika, eyüpspor - göztepe güncel",
2025-09-28T12:01:07.903589,tofaş - fenerbahçe,20 B+,"tofaş - fenerbahçe güncel, tofaş - fenerbahçe son dakika",
2025-09-28T12:01:08.404192,crystal palace - liverpool,20 B+,"crystal palace - liverpool son dakika, crystal palace - liverpool güncel",
2025-09-28T12:01:08.905349,toronto - inter miami,5 B+,"toronto - inter miami son dakika, toronto - inter miami güncel",
2025-09-28T12:01:09.406403,crystal palace,5 B+,"crystal palace güncel, crystal palace son dakika",
2025-09-28T12:01:09.907539,ismail beşikçi,2 B+,"ismail beşikçi güncel, ismail beşikçi son dakika",
2025-09-28T12:01:10.408692,gökhan gönül,5 B+,"gökhan gönül güncel, gökhan gönül son dakika",
2025-09-28T12:01:10.909844,selena gomez,2 B+,"selena gomez son dakika, selena gomez güncel",
2025-09-28T12:01:11.411132,julian alvarez,100 B+,"julian alvarez son dakika, julian alvarez güncel",
2025-09-28T13:01:04.759066,atletico madrid - real madrid,200 B+,"atletico madrid - real madrid güncel, atletico madrid - real madrid son dakika",
2025-09-28T13:01:05.260152,cagliari - inter,20 B+,"cagliari - inter son dakika, cagliari - inter güncel",
2025-09-28T13:01:05.761306,juventus - atalanta,20 B+,"juventus - atalanta güncel, juventus - atalanta son dakika",
2025-09-28T13:01:06.262461,manchester city - burnley,20 B+,"manchester city - burnley son dakika, manchester city - burnley güncel",
2025-09-28T13:01:06.763564,psg - auxerre,10 B+,"psg - auxerre son dakika, psg - auxerre güncel",
2025-09-28T13:01:07.264702,crystal palace - liverpool,20 B+,"crystal palace - liverpool son dakika, crystal palace - liverpool güncel",
2025-09-28T13:01:07.765827,ismail beşikçi,2 B+,"ismail beşikçi son dakika, ismail beşikçi güncel",
2025-09-28T13:01:08.267101,crystal palace,10 B+,"crystal palace son dakika, crystal palace güncel",
2025-09-28T13:01:08.768314,toronto - inter miami,5 B+,"toronto - inter miami son dakika, toronto - inter miami güncel",
2025-09-28T13:01:09.269539,hmgs saat kaçta,2 B+,"hmgs saat kaçta son dakika, hmgs saat kaçta güncel",
2025-09-28T13:01:09.770698,gökhan gönül,5 B+,"gökhan gönül son dakika, gökhan gönül güncel",
2025-09-28T13:01:10.271985,yavuz bülent bakiler,1 B+,"yavuz bülent bakiler son dakika, yavuz bülent bakiler güncel",
2025-09-28T13:01:10.773131,sri lanka,1 B+,"sri lanka güncel, sri lanka son dakika",
2025-09-28T13:01:11.274283,selena gomez,2 B+,"selena gomez güncel, selena gomez son dakika",
2025-09-28T13:01:11.775438,julian alvarez,100 B+,"julian alvarez son dakika, julian alvarez güncel",
2025-09-28T14:01:04.904591,deprem,500 B+,"deprem son dakika, deprem güncel",
2025-09-28T14:01:05.405575,kandilli rasathanesi,200 B+,"kandilli rasathanesi son dakika, kandilli rasathanesi güncel",
2025-09-28T14:01:05.906611,istanbul deprem,200 B+,"istanbul deprem güncel, istanbul deprem son dakika",
2025-09-28T14:01:06.407646,atletico madrid - real madrid,200 B+,"atletico madrid - real madrid son dakika, atletico madrid - real madrid güncel",
2025-09-28T14:01:06.908548,cagliari - inter,20 B+,"cagliari - inter son dakika, cagliari - inter güncel",
2025-09-28T14:01:07.409643,yavuz bülent bakiler,5 B+,"yavuz bülent bakiler son dakika, yavuz bülent bakiler güncel",
2025-09-28T14:01:07.910807,juventus - atalanta,20 B+,"juventus - atalanta güncel, juventus - atalanta son dakika",
2025-09-28T14:01:08.412038,manchester city - burnley,20 B+,"manchester city - burnley güncel, manchester city - burnley son dakika",
2025-09-28T14:01:08.913147,balıkesir deprem,5 B+,"balıkesir deprem güncel, balıkesir deprem son dakika",
2025-09-28T14:01:09.414298,trendyol,50 B+,"trendyol güncel, trendyol son dakika",
2025-09-28T14:01:09.915065,earthquake,1 B+,"earthquake güncel, earthquake son dakika",
2025-09-28T14:01:10.415957,crystal palace,10 B+,"crystal palace güncel, crystal palace son dakika",
2025-09-28T14:01:10.917065,ismail beşikçi,2 B+,"ismail beşikçi güncel, ismail beşikçi son dakika",
2025-09-28T14:01:11.418032,toronto - inter miami,5 B+,"toronto - inter miami son dakika, toronto - inter miami güncel",
2025-09-28T14:01:11.919153,hmgs saat kaçta,2 B+,"hmgs saat kaçta son dakika, hmgs saat kaçta güncel",
2025-09-28T15:01:04.529601,atletico madrid - real madrid,200 B+,"atletico madrid - real madrid son dakika, atletico madrid - real madrid güncel",
2025-09-28T15:01:05.030704,deprem,500 B+,"deprem güncel, deprem son dakika",
2025-09-28T15:01:05.531781,yavuz bülent bakiler,10 B+,"yavuz bülent bakiler son dakika, yavuz bülent bakiler güncel",
2025-09-28T15:01:06.032991,son depremler,200 B+,"son depremler güncel, son depremler son dakika",
2025-09-28T15:01:06.533960,cagliari - inter,20 B+,"cagliari - inter güncel, cagliari - inter son dakika",
2025-09-28T15:01:07.035052,manchester city - burnley,20 B+,"manchester city - burnley son dakika, manchester city - burnley güncel",
2025-09-28T15:01:07.536060,crystal palace,10 B+,"crystal palace son dakika, crystal palace güncel",
2025-09-28T15:01:08.037187,hmgs sınavı,2 B+,"hmgs sınavı güncel, hmgs sınavı son dakika",
2025-09-28T15:01:08.538341,sassuolo - udinese,2 B+,"sassuolo - udinese güncel, sassuolo - udinese son dakika",
2025-09-28T15:01:09.039504,ismail beşikçi,2 B+,"ismail beşikçi güncel, ismail beşikçi son dakika",
2025-09-28T15:01:09.540216,selena gomez,2 B+,"selena gomez güncel, selena gomez son dakika",
2025-09-28T15:01:10.041300,julian alvarez,100 B+,"julian alvarez son dakika, julian alvarez güncel",
2025-09-28T15:01:10.542435,juventus - atalanta,20 B+,"juventus - atalanta son dakika, juventus - atalanta güncel",
2025-09-28T15:01:11.043576,gaziantep fk - samsunspor,50 B+,"gaziantep fk - samsunspor son dakika, gaziantep fk - samsunspor güncel",
2025-09-28T15:01:11.544217,groningen - feyenoord,500+,"groningen - feyenoord güncel, groningen - feyenoord son dakika",
2025-09-28T16:01:04.696648,atletico madrid - real madrid,200 B+,"atletico madrid - real madrid son dakika, atletico madrid - real madrid güncel",
2025-09-28T16:01:05.197671,kütahya deprem,500 B+,"kütahya deprem son dakika, kütahya deprem güncel",
2025-09-28T16:01:05.698771,yavuz bülent bakiler,20 B+,"yavuz bülent bakiler son dakika, yavuz bülent bakiler güncel",
2025-09-28T16:01:06.199798,cagliari - inter,20 B+,"cagliari - inter güncel, cagliari - inter son dakika",
2025-09-28T16:01:06.700982,juventus - atalanta,20 B+,"juventus - atalanta son dakika, juventus - atalanta güncel",
2025-09-28T16:01:07.202081,son depremler,200 B+,"son depremler son dakika, son depremler güncel",
2025-09-28T16:01:07.703197,manchester city - burnley,20 B+,"manchester city - burnley güncel, manchester city - burnley son dakika",
2025-09-28T16:01:08.204309,groningen - feyenoord,2 B+,"groningen - feyenoord son dakika, groningen - feyenoord güncel",
2025-09-28T16:01:08.705376,crystal palace,10 B+,"crystal palace son dakika, crystal palace güncel",
2025-09-28T16:01:09.206480,hmgs,5 B+,"hmgs güncel, hmgs son dakika",
2025-09-28T16:01:09.707596,ismail beşikçi,5 B+,"ismail beşikçi son dakika, ismail beşikçi güncel",
2025-09-28T16:01:10.208716,istanbulspor - boluspor,10 B+,"istanbulspor - boluspor son dakika, istanbulspor - boluspor güncel",
2025-09-28T16:01:10.709835,sassuolo - udinese,2 B+,"sassuolo - udinese güncel, sassuolo - udinese son dakika",
2025-09-28T16:01:11.211099,selena gomez,5 B+,"selena gomez güncel, selena gomez son dakika",
2025-09-28T16:01:11.712289,suvermez kapadokya spor - 12 bingölspor,500+,"suvermez kapadokya spor - 12 bingölspor güncel, maç suvermez kapadokya spor - 12 bingölspor, suvermez kapadokya spor - 12 bingölspor sonuç, suvermez kapadokya spor - 12 bingölspor son dakika, suvermez kapadokya spor - 12 bingölspor skor","lig suvermez kapadokya spor - 12 bingölspor haberleri, suvermez kapadokya spor - 12 bingölspor takım son dakika, suvermez kapadokya spor - 12 bingölspor lig son dakika, takım suvermez kapadokya spor - 12 bingölspor haberleri, suvermez kapadokya spor - 12 bingölspor haber son dakika"
2025-09-28T17:01:04.898165,yavuz bülent bakiler,20 B+,"yavuz bülent bakiler güncel, yavuz bülent bakiler son dakika",
2025-09-28T17:01:05.399132,kütahya deprem,500 B+,"kütahya deprem son dakika, kütahya deprem güncel",
2025-09-28T17:01:05.900160,konyaspor - başakşehir,10 B+,"konyaspor - başakşehir güncel, konyaspor - başakşehir son dakika",
2025-09-28T17:01:06.401287,rizespor - kasımpaşa,5 B+,"rizespor - kasımpaşa son dakika, rizespor - kasımpaşa güncel",
2025-09-28T17:01:06.902290,cagliari - inter,20 B+,"cagliari - inter son dakika, cagliari - inter güncel",
2025-09-28T17:01:07.403318,depremler son dakika deprem,200 B+,"depremler son dakika deprem son dakika, depremler son dakika deprem güncel",
2025-09-28T17:01:07.904432,groningen - feyenoord,2 B+,"groningen - feyenoord son dakika, groningen - feyenoord güncel",
2025-09-28T17:01:08.405543,istanbulspor - boluspor,10 B+,"istanbulspor - boluspor güncel, istanbulspor - boluspor son dakika",
2025-09-28T17:01:08.906628,aston villa - fulham,2 B+,"aston villa - fulham güncel, aston villa - fulham son dakika",
2025-09-28T17:01:09.407185,crystal palace,5 B+,"crystal palace son dakika, crystal palace güncel",
2025-09-28T17:01:09.908268,ismail beşikçi,5 B+,"ismail beşikçi güncel, ismail beşikçi son dakika",
2025-09-28T17:01:10.409414,roma - verona,1 B+,"roma - verona güncel, roma - verona son dakika",
2025-09-28T17:01:10.910525,selena gomez,5 B+,"selena gomez güncel, selena gomez son dakika",
2025-09-28T17:01:11.411605,hmgs,5 B+,"hmgs son dakika, hmgs güncel",
2025-09-28T17:01:11.912726,sassuolo - udinese,2 B+,"sassuolo - udinese güncel, sassuolo - udinese son dakika",
2025-09-28T18:01:05.118671,yavuz bülent bakiler,20 B+,"yavuz bülent bakiler güncel, yavuz bülent bakiler son dakika",
2025-09-28T18:01:05.619746,konyaspor - başakşehir,20 B+,"konyaspor - başakşehir güncel, konyaspor - başakşehir son dakika",
2025-09-28T18:01:06.119960,kütahya deprem,500 B+,"kütahya deprem güncel, kütahya deprem son dakika",
2025-09-28T18:01:06.620971,rizespor - kasımpaşa,10 B+,"rizespor - kasımpaşa güncel, rizespor - kasımpaşa son dakika",
2025-09-28T18:01:07.122121,cagliari - inter,20 B+,"cagliari - inter son dakika, cagliari - inter güncel",
2025-09-28T18:01:07.623284,depremler son dakika deprem,200 B+,"depremler son dakika deprem son dakika, depremler son dakika deprem güncel",
2025-09-28T18:01:08.124308,istanbulspor - boluspor,2 B+,"istanbulspor - boluspor güncel, istanbulspor - boluspor son dakika",
2025-09-28T18:01:08.625372,groningen - feyenoord,5 B+,"groningen - feyenoord son dakika, groningen - feyenoord güncel",
2025-09-28T18:01:09.126569,newcastle united - arsenal,2 B+,"newcastle united - arsenal son dakika, newcastle united - arsenal güncel",
2025-09-28T18:01:09.627722,aston villa - fulham,2 B+,"aston villa - fulham son dakika, aston villa - fulham güncel",
2025-09-28T18:01:10.128790,ismail beşikçi,5 B+,"ismail beşikçi son dakika, ismail beşikçi güncel",
2025-09-28T18:01:10.629351,selena gomez,5 B+,"selena gomez son dakika, selena gomez güncel",
2025-09-28T18:01:11.130508,aski su kesintisi,2 B+,"aski su kesintisi güncel, aski su kesintisi son dakika",
2025-09-28T18:01:11.631664,roma - verona,2 B+,"roma - verona güncel, roma - verona son dakika",
2025-09-28T18:01:12.132729,hmgs,5 B+,"hmgs son dakika, hmgs güncel",
2025-09-28T19:01:04.233859,konyaspor - başakşehir,50 B+,"konyaspor - başakşehir güncel, konyaspor - başakşehir son dakika",
2025-09-28T19:01:04.734994,yavuz bülent bakiler,50 B+,"yavuz bülent bakiler güncel, yavuz bülent bakiler son dakika",
2025-09-28T19:01:05.236124,rizespor - kasımpaşa,20 B+,"rizespor - kasımpaşa güncel, rizespor - kasımpaşa son dakika",
2025-09-28T19:01:05.737193,kütahya deprem,500 B+,"kütahya deprem güncel, kütahya deprem son dakika",
2025-09-28T19:01:06.238308,newcastle united - arsenal,5 B+,"newcastle united - arsenal son dakika, newcastle united - arsenal güncel",
2025-09-28T19:01:06.739283,turgay ciner,5 B+,"turgay ciner son dakika, turgay ciner güncel",
2025-09-28T19:01:07.240410,barcelona - real sociedad,5 B+,"barcelona - real sociedad son dakika, barcelona - real sociedad güncel",
2025-09-28T19:01:07.741466,cagliari - inter,20 B+,"cagliari - inter son dakika, cagliari - inter güncel",
2025-09-28T19:01:08.242614,serikspor - erzurumspor,2 B+,"serikspor - erzurumspor son dakika, serikspor - erzurumspor güncel",
2025-09-28T19:01:08.743771,istanbulspor - boluspor,5 B+,"istanbulspor - boluspor son dakika, istanbulspor - boluspor güncel",
2025-09-28T19:01:09.244964,depremler son dakika deprem,200 B+,"depremler son dakika deprem son dakika, depremler son dakika deprem güncel",
2025-09-28T19:01:09.746034,groningen - feyenoord,5 B+,"groningen - feyenoord güncel, groningen - feyenoord son dakika",
2025-09-28T19:01:10.247139,برشلونة ضد ريال سوسيداد,2 B+,"برشلونة ضد ريال سوسيداد son dakika, برشلونة ضد ريال سوسيداد güncel",
2025-09-28T19:01:10.748008,aski su kesintisi,2 B+,"aski su kesintisi son dakika, aski su kesintisi güncel",
2025-09-28T19:01:11.249197,altay - eskişehirspor,2 B+,"altay - eskişehirspor son dakika, altay - eskişehirspor güncel",
2025-09-28T20:01:04.872807,fenerbahçe - antalyaspor,100 B+,"fenerbahçe - antalyaspor son dakika, fenerbahçe - antalyaspor güncel",
2025-09-28T20:01:05.373903,yavuz bülent bakiler,50 B+,"yavuz bülent bakiler son dakika, yavuz bülent bakiler güncel",
2025-09-28T20:01:05.875107,konyaspor - başakşehir,50 B+,"konyaspor - başakşehir son dakika, konyaspor - başakşehir güncel",
2025-09-28T20:01:06.376274,rizespor - kasımpaşa,20 B+,"rizespor - kasımpaşa son dakika, rizespor - kasımpaşa güncel",
2025-09-28T20:01:06.877402,barcelona - real sociedad,20 B+,"barcelona - real sociedad son dakika, barcelona - real sociedad güncel",
2025-09-28T20:01:07.378529,kütahya deprem,1 Mn+,"kütahya deprem son dakika, kütahya deprem güncel",
2025-09-28T20:01:07.879680,turgay ciner,20 B+,"turgay ciner güncel, turgay ciner son dakika",
2025-09-28T20:01:08.380758,newcastle united - arsenal,20 B+,"newcastle united - arsenal güncel, newcastle united - arsenal son dakika",
2025-09-28T20:01:08.880940,kayserispor - gençlerbirliği,5 B+,"kayserispor - gençlerbirliği son dakika, kayserispor - gençlerbirliği güncel",
2025-09-28T20:01:09.382127,elazığspor - petrolspor,10 B+,"elazığspor - petrolspor güncel, elazığspor - petrolspor son dakika",
2025-09-28T20:01:09.883257,برشلونة ضد ريال سوسيداد,5 B+,"برشلونة ضد ريال سوسيداد son dakika, برشلونة ضد ريال سوسيداد güncel",
2025-09-28T20:01:10.384360,serikspor - erzurumspor,5 B+,"serikspor - erzurumspor güncel, serikspor - erzurumspor son dakika",
2025-09-28T20:01:10.885351,bursaspor,10 B+,"bursaspor son dakika, bursaspor güncel",
2025-09-28T20:01:11.386559,hatayspor - bandırmaspor,2 B+,"hatayspor - bandırmaspor son dakika, hatayspor - bandırmaspor güncel",
2025-09-28T20:01:11.887725,altay - eskişehirspor,5 B+,"altay - eskişehirspor son dakika, altay - eskişehirspor güncel",
2025-09-28T21:01:04.772895,fenerbahçe - antalyaspor,200 B+,"fenerbahçe - antalyaspor güncel, fenerbahçe - antalyaspor son dakika",
2025-09-28T21:01:05.274028,yavuz bülent bakiler,50 B+,"yavuz bülent bakiler güncel, yavuz bülent bakiler son dakika",
2025-09-28T21:01:05.775138,konyaspor - başakşehir,50 B+,"konyaspor - başakşehir son dakika, konyaspor - başakşehir güncel",
2025-09-28T21:01:06.276295,barcelona - real sociedad,20 B+,"barcelona - real sociedad güncel, barcelona - real sociedad son dakika",
2025-09-28T21:01:06.777416,kayserispor - gençlerbirliği,20 B+,"kayserispor - gençlerbirliği güncel, kayserispor - gençlerbirliği son dakika",
2025-09-28T21:01:07.278593,rizespor - kasımpaşa,20 B+,"rizespor - kasımpaşa güncel, rizespor - kasımpaşa son dakika",
2025-09-28T21:01:07.779664,kütahya deprem,1 Mn+,"kütahya deprem güncel, kütahya deprem son dakika",
2025-09-28T21:01:08.280712,newcastle united - arsenal,10 B+,"newcastle united - arsenal güncel, newcastle united - arsenal son dakika",
2025-09-28T21:01:08.781922,turgay ciner,20 B+,"turgay ciner güncel, turgay ciner son dakika",
2025-09-28T21:01:09.283026,elazığspor - petrolspor,10 B+,"elazığspor - petrolspor son dakika, elazığspor - petrolspor güncel",
2025-09-28T21:01:09.784187,برشلونة ضد ريال سوسيداد,10 B+,"برشلونة ضد ريال سوسيداد güncel, برشلونة ضد ريال سوسيداد son dakika",
2025-09-28T21:01:10.285222,bursaspor,10 B+,"bursaspor güncel, bursaspor son dakika",
2025-09-28T21:01:10.786346,serikspor - erzurumspor,10 B+,"serikspor - erzurumspor güncel, serikspor - erzurumspor son dakika",
2025-09-28T21:01:11.287449,arsenal,10 B+,"arsenal son dakika, arsenal güncel",
2025-09-28T21:01:11.788655,altay - eskişehirspor,5 B+,"altay - eskişehirspor son dakika, altay - eskişehirspor güncel",
2025-09-28T22:01:04.896895,fenerbahçe - antalyaspor,200 B+,"fenerbahçe - antalyaspor son dakika, fenerbahçe - antalyaspor güncel",
2025-09-28T22:01:05.398002,yavuz bülent bakiler,50 B+,"yavuz bülent bakiler güncel, yavuz bülent bakiler son dakika",
2025-09-28T22:01:05.899099,barcelona - real sociedad,20 B+,"barcelona - real sociedad son dakika, barcelona - real sociedad güncel",
2025-09-28T22:01:06.400089,kayserispor - gençlerbirliği,20 B+,"kayserispor - gençlerbirliği son dakika, kayserispor - gençlerbirliği güncel",
2025-09-28T22:01:06.901225,konyaspor - başakşehir,50 B+,"konyaspor - başakşehir son dakika, konyaspor - başakşehir güncel",
2025-09-28T22:01:07.402355,kütahya deprem,1 Mn+,"kütahya deprem güncel, kütahya deprem son dakika",
2025-09-28T22:01:07.903480,rizespor - kasımpaşa,20 B+,"rizespor - kasımpaşa son dakika, rizespor - kasımpaşa güncel",
2025-09-28T22:01:08.404073,turgay ciner,20 B+,"turgay ciner son dakika, turgay ciner güncel",
2025-09-28T22:01:08.905191,bursaspor,20 B+,"bursaspor son dakika, bursaspor güncel",
2025-09-28T22:01:09.406347,elazığspor - petrolspor,20 B+,"elazığspor - petrolspor güncel, elazığspor - petrolspor son dakika",
2025-09-28T22:01:09.907505,newcastle united - arsenal,10 B+,"newcastle united - arsenal son dakika, newcastle united - arsenal güncel",
2025-09-28T22:01:10.408654,برشلونة ضد ريال سوسيداد,10 B+,"برشلونة ضد ريال سوسيداد güncel, برشلونة ضد ريال سوسيداد son dakika",
2025-09-28T22:01:10.909778,serikspor - erzurumspor,10 B+,"serikspor - erzurumspor güncel, serikspor - erzurumspor son dakika",
2025-09-28T22:01:11.410995,altay - eskişehirspor,10 B+,"altay - eskişehirspor güncel, altay - eskişehirspor son dakika",
2025-09-28T22:01:11.912107,milan - napoli,2 B+,"milan - napoli son dakika, milan - napoli güncel",
2025-09-28T23:01:05.027176,fenerbahçe - antalyaspor,500 B+,"fenerbahçe - antalyaspor güncel, fenerbahçe - antalyaspor son dakika",
2025-09-28T23:01:05.528190,yavuz bülent bakiler,50 B+,"yavuz bülent bakiler güncel, yavuz bülent bakiler son dakika",
2025-09-28T23:01:06.029331,barcelona - real sociedad,50 B+,"barcelona - real sociedad son dakika, barcelona - real sociedad güncel",
2025-09-28T23:01:06.530228,kayserispor - gençlerbirliği,20 B+,"kayserispor - gençlerbirliği güncel, kayserispor - gençlerbirliği son dakika",
2025-09-28T23:01:07.031177,konyaspor - başakşehir,50 B+,"konyaspor - başakşehir son dakika, konyaspor - başakşehir güncel",
2025-09-28T23:01:07.532332,kütahya deprem,500 B+,"kütahya deprem güncel, kütahya deprem son dakika",
2025-09-28T23:01:08.033487,milan - napoli,10 B+,"milan - napoli son dakika, milan - napoli güncel",
2025-09-28T23:01:08.534634,turgay ciner,20 B+,"turgay ciner son dakika, turgay ciner güncel",
2025-09-28T23:01:09.035733,rizespor - kasımpaşa,20 B+,"rizespor - kasımpaşa son dakika, rizespor - kasımpaşa güncel",
2025-09-28T23:01:09.536976,newcastle united - arsenal,20 B+,"newcastle united - arsenal son dakika, newcastle united - arsenal güncel",
2025-09-28T23:01:10.038092,برشلونة ضد ريال سوسيداد,10 B+,"برشلونة ضد ريال سوسيداد güncel, برشلونة ضد ريال سوسيداد son dakika",
2025-09-28T23:01:10.539130,bursaspor,20 B+,"bursaspor güncel, bursaspor son dakika",
2025-09-28T23:01:11.040283,shakhtar donetsk,5 B+,"shakhtar donetsk güncel, shakhtar donetsk son dakika",
2025-09-28T23:01:11.541450,aski su kesintisi,10 B+,"aski su kesintisi güncel, aski su kesintisi son dakika",
2025-09-28T23:01:12.042609,elazığspor - petrolspor,20 B+,"elazığspor - petrolspor güncel, elazığspor - petrolspor son dakika",
2025-09-29T00:01:07.749804,fenerbahçe - antalyaspor,500 B+,"fenerbahçe - antalyaspor güncel, fenerbahçe - antalyaspor son dakika",
2025-09-29T00:01:08.250794,yavuz bülent bakiler,50 B+,"yavuz bülent bakiler güncel, yavuz bülent bakiler son dakika",
2025-09-29T00:01:08.751819,barcelona - real sociedad,50 B+,"barcelona - real sociedad son dakika, barcelona - real sociedad güncel",
2025-09-29T00:01:09.252895,konyaspor - başakşehir,50 B+,"konyaspor - başakşehir son dakika, konyaspor - başakşehir güncel",
2025-09-29T00:01:09.754005,kütahya deprem,500 B+,"kütahya deprem güncel, kütahya deprem son dakika",
2025-09-29T00:01:10.255176,kayserispor - gençlerbirliği,50 B+,"kayserispor - gençlerbirliği güncel, kayserispor - gençlerbirliği son dakika",
2025-09-29T00:01:10.756060,milan - napoli,10 B+,"milan - napoli son dakika, milan - napoli güncel",
2025-09-29T00:01:11.257145,turgay ciner,20 B+,"turgay ciner son dakika, turgay ciner güncel",
2025-09-29T00:01:11.758302,rizespor - kasımpaşa,20 B+,"rizespor - kasımpaşa son dakika, rizespor - kasımpaşa güncel",
2025-09-29T00:01:12.259461,shakhtar donetsk,10 B+,"shakhtar donetsk güncel, shakhtar donetsk son dakika",
2025-09-29T00:01:12.760629,newcastle united - arsenal,20 B+,"newcastle united - arsenal güncel, newcastle united - arsenal son dakika",
2025-09-29T00:01:13.261717,برشلونة ضد ريال سوسيداد,10 B+,"برشلونة ضد ريال سوسيداد güncel, برشلونة ضد ريال سوسيداد son dakika",
2025-09-29T00:01:13.762102,milan,5 B+,"milan güncel, milan son dakika",
2025-09-29T00:01:14.263169,الطقس غدًا,20 B+,"الطقس غدًا güncel, الطقس غدًا son dakika",
2025-09-29T00:01:14.764313,selena gomez,10 B+,"selena gomez güncel, selena gomez son dakika",
2025-09-29T01:01:05.022720,fenerbahçe - antalyaspor,500 B+,"fenerbahçe - antalyaspor son dakika, fenerbahçe - antalyaspor güncel",
2025-09-29T01:01:05.523735,yavuz bülent bakiler,50 B+,"yavuz bülent bakiler güncel, yavuz bülent bakiler son dakika",
2025-09-29T01:01:06.024910,barcelona - real sociedad,50 B+,"barcelona - real sociedad son dakika, barcelona - real sociedad güncel",
2025-09-29T01:01:06.525972,konyaspor - başakşehir,50 B+,"konyaspor - başakşehir son dakika, konyaspor - başakşehir güncel",
2025-09-29T01:01:07.027103,kütahya deprem,500 B+,"kütahya deprem son dakika, kütahya deprem güncel",
2025-09-29T01:01:07.528137,turgay ciner,20 B+,"turgay ciner güncel, turgay ciner son dakika",
2025-09-29T01:01:08.029278,milan - napoli,20 B+,"milan - napoli son dakika, milan - napoli güncel",
2025-09-29T01:01:08.530436,kayserispor - gençlerbirliği,50 B+,"kayserispor - gençlerbirliği son dakika, kayserispor - gençlerbirliği güncel",
2025-09-29T01:01:09.031507,sağlık bakanlığı personel alımı 2025,10 B+,"sağlık bakanlığı personel alımı 2025 son dakika, sağlık bakanlığı personel alımı 2025 güncel",
2025-09-29T01:01:09.532648,rizespor - kasımpaşa,20 B+,"rizespor - kasımpaşa güncel, rizespor - kasımpaşa son dakika",
2025-09-29T01:01:10.033801,shakhtar donetsk,10 B+,"shakhtar donetsk güncel, shakhtar donetsk son dakika",
2025-09-29T01:01:10.535082,ösym,20 B+,"ösym güncel, ösym son dakika",
2025-09-29T01:01:11.035767,resmi gazete,5 B+,"resmi gazete son dakika, resmi gazete güncel",
2025-09-29T01:01:11.537189,newcastle united - arsenal,20 B+,"newcastle united - arsenal son dakika, newcastle united - arsenal güncel",
2025-09-29T01:01:12.038363,milan,5 B+,"milan güncel, milan son dakika",
2025-09-29T02:01:04.721753,fenerbahçe - antalyaspor,500 B+,"fenerbahçe - antalyaspor güncel, fenerbahçe - antalyaspor son dakika",
2025-09-29T02:01:05.222714,yavuz bülent bakiler,50 B+,"yavuz bülent bakiler güncel, yavuz bülent bakiler son dakika",
2025-09-29T02:01:05.723741,barcelona - real sociedad,50 B+,"barcelona - real sociedad güncel, barcelona - real sociedad son dakika",
2025-09-29T02:01:06.224950,kütahya deprem,500 B+,"kütahya deprem güncel, kütahya deprem son dakika",
2025-09-29T02:01:06.725352,turgay ciner,20 B+,"turgay ciner güncel, turgay ciner son dakika",
2025-09-29T02:01:07.226511,kayserispor - gençlerbirliği,50 B+,"kayserispor - gençlerbirliği son dakika, kayserispor - gençlerbirliği güncel",
2025-09-29T02:01:07.727647,konyaspor - başakşehir,50 B+,"konyaspor - başakşehir güncel, konyaspor - başakşehir son dakika",
2025-09-29T02:01:08.228798,milan - napoli,20 B+,"milan - napoli güncel, milan - napoli son dakika",
2025-09-29T02:01:08.730063,sağlık bakanlığı personel alımı 2025,20 B+,"sağlık bakanlığı personel alımı 2025 güncel, sağlık bakanlığı personel alımı 2025 son dakika",
2025-09-29T02:01:09.231160,shakhtar donetsk,10 B+,"shakhtar donetsk güncel, shakhtar donetsk son dakika",
2025-09-29T02:01:09.732311,ösym,20 B+,"ösym güncel, ösym son dakika",
2025-09-29T02:01:10.233521,newcastle united - arsenal,20 B+,"newcastle united - arsenal güncel, newcastle united - arsenal son dakika",
2025-09-29T02:01:10.734684,milan,5 B+,"milan güncel, milan son dakika",
2025-09-29T02:01:11.235821,rizespor - kasımpaşa,20 B+,"rizespor - kasımpaşa son dakika, rizespor - kasımpaşa güncel",
2025-09-29T02:01:11.737165,real betis - osasuna,2 B+,"real betis - osasuna güncel, real betis - osasuna son dakika",
2025-09-29T03:01:04.655370,fenerbahçe - antalyaspor,500 B+,"fenerbahçe - antalyaspor son dakika, fenerbahçe - antalyaspor güncel",
2025-09-29T03:01:05.156400,yavuz bülent bakiler,50 B+,"yavuz bülent bakiler son dakika, yavuz bülent bakiler güncel",
2025-09-29T03:01:05.657520,kütahya deprem,500 B+,"kütahya deprem güncel, kütahya deprem son dakika",
2025-09-29T03:01:06.158630,barcelona - real sociedad,50 B+,"barcelona - real sociedad son dakika, barcelona - real sociedad güncel",
2025-09-29T03:01:06.659537,turgay ciner,20 B+,"turgay ciner güncel, turgay ciner son dakika",
2025-09-29T03:01:07.160679,kayserispor - gençlerbirliği,50 B+,"kayserispor - gençlerbirliği güncel, kayserispor - gençlerbirliği son dakika",
2025-09-29T03:01:07.661088,milan - napoli,20 B+,"milan - napoli son dakika, milan - napoli güncel",
2025-09-29T03:01:08.162212,shakhtar donetsk,10 B+,"shakhtar donetsk son dakika, shakhtar donetsk güncel",
2025-09-29T03:01:08.663341,sağlık bakanlığı personel alımı 2025,20 B+,"sağlık bakanlığı personel alımı 2025 güncel, sağlık bakanlığı personel alımı 2025 son dakika",
2025-09-29T03:01:09.164434,ösym,20 B+,"ösym güncel, ösym son dakika",
2025-09-29T03:01:09.665475,milan,10 B+,"milan güncel, milan son dakika",
2025-09-29T03:01:10.166624,kandilli,200 B+,"kandilli son dakika, kandilli güncel",
2025-09-29T03:01:10.667780,konyaspor - başakşehir,50 B+,"konyaspor - başakşehir güncel, konyaspor - başakşehir son dakika",
2025-09-29T03:01:11.168972,benny blanco,2 B+,"benny blanco son dakika, benny blanco güncel",
2025-09-29T03:01:11.670133,rizespor - kasımpaşa,20 B+,"rizespor - kasımpaşa son dakika, rizespor - kasımpaşa güncel",
2025-09-29T04:01:04.155854,fenerbahçe - antalyaspor,500 B+,"fenerbahçe - antalyaspor güncel, fenerbahçe - antalyaspor son dakika",
2025-09-29T04:01:04.656911,yavuz bülent bakiler,50 B+,"yavuz bülent bakiler güncel, yavuz bülent bakiler son dakika",
2025-09-29T04:01:05.158074,barcelona - real sociedad,50 B+,"barcelona - real sociedad son dakika, barcelona - real sociedad güncel",
2025-09-29T04:01:05.659231,konyaspor - başakşehir,50 B+,"konyaspor - başakşehir son dakika, konyaspor - başakşehir güncel",
2025-09-29T04:01:06.160296,kütahya deprem,500 B+,"kütahya deprem güncel, kütahya deprem son dakika",
2025-09-29T04:01:06.661433,turgay ciner,20 B+,"turgay ciner güncel, turgay ciner son dakika",
2025-09-29T04:01:07.162579,milan - napoli,20 B+,"milan - napoli güncel, milan - napoli son dakika",
2025-09-29T04:01:07.663634,sağlık bakanlığı personel alımı 2025,20 B+,"sağlık bakanlığı personel alımı 2025 güncel, sağlık bakanlığı personel alımı 2025 son dakika",
2025-09-29T04:01:08.164755,shakhtar donetsk,10 B+,"shakhtar donetsk güncel, shakhtar donetsk son dakika",
2025-09-29T04:01:08.665964,ösym,20 B+,"ösym son dakika, ösym güncel",
2025-09-29T04:01:09.167003,milan,5 B+,"milan güncel, milan son dakika",
2025-09-29T04:01:09.667899,aski su kesintisi,10 B+,"aski su kesintisi güncel, aski su kesintisi son dakika",
2025-09-29T04:01:10.169082,kayserispor - gençlerbirliği,50 B+,"kayserispor - gençlerbirliği güncel, kayserispor - gençlerbirliği son dakika",
2025-09-29T04:01:10.669903,rizespor - kasımpaşa,20 B+,"rizespor - kasımpaşa son dakika, rizespor - kasımpaşa güncel",
2025-09-29T04:01:11.171116,kandilli rasathanesi,200 B+,"kandilli rasathanesi son dakika, kandilli rasathanesi güncel",
2025-09-29T05:01:04.231676,fenerbahçe - antalyaspor,500 B+,"fenerbahçe - antalyaspor güncel, fenerbahçe - antalyaspor son dakika",
2025-09-29T05:01:04.732698,yavuz bülent bakiler,50 B+,"yavuz bülent bakiler son dakika, yavuz bülent bakiler güncel",
2025-09-29T05:01:05.233688,barcelona - real sociedad,50 B+,"barcelona - real sociedad son dakika, barcelona - real sociedad güncel",
2025-09-29T05:01:05.734745,turgay ciner,20 B+,"turgay ciner güncel, turgay ciner son dakika",
2025-09-29T05:01:06.235918,kayserispor - gençlerbirliği,50 B+,"kayserispor - gençlerbirliği güncel, kayserispor - gençlerbirliği son dakika",
2025-09-29T05:01:06.737131,milan - napoli,20 B+,"milan - napoli son dakika, milan - napoli güncel",
2025-09-29T05:01:07.238241,sağlık bakanlığı personel alımı 2025,20 B+,"sağlık bakanlığı personel alımı 2025 güncel, sağlık bakanlığı personel alımı 2025 son dakika",
2025-09-29T05:01:07.739337,simav,500 B+,"simav güncel, simav son dakika",
2025-09-29T05:01:08.240557,shakhtar donetsk,10 B+,"shakhtar donetsk güncel, shakhtar donetsk son dakika",
2025-09-29T05:01:08.741914,milan,5 B+,"milan son dakika, milan güncel",
2025-09-29T05:01:09.243109,ösym giriş,20 B+,"ösym giriş son dakika, ösym giriş güncel",
2025-09-29T05:01:09.744350,konyaspor - başakşehir,50 B+,"konyaspor - başakşehir son dakika, konyaspor - başakşehir güncel",
2025-09-29T05:01:10.245559,rizespor - kasımpaşa,20 B+,"rizespor - kasımpaşa son dakika, rizespor - kasımpaşa güncel",
2025-09-29T05:01:10.746670,kandilli rasathanesi,200 B+,"kandilli rasathanesi güncel, kandilli rasathanesi son dakika",
2025-09-29T05:01:11.247920,newcastle united - arsenal,20 B+,"newcastle united - arsenal güncel, newcastle united - arsenal son dakika",
2025-09-29T06:01:04.424375,fenerbahçe - antalyaspor,500 B+,"fenerbahçe - antalyaspor güncel, fenerbahçe - antalyaspor son dakika",
2025-09-29T06:01:04.925491,yavuz bülent bakiler,50 B+,"yavuz bülent bakiler güncel, yavuz bülent bakiler son dakika",
2025-09-29T06:01:05.426453,barcelona - real sociedad,50 B+,"barcelona - real sociedad son dakika, barcelona - real sociedad güncel",
2025-09-29T06:01:05.927597,konyaspor - başakşehir,50 B+,"konyaspor - başakşehir son dakika, konyaspor - başakşehir güncel",
2025-09-29T06:01:06.428230,milan - napoli,20 B+,"milan - napoli güncel, milan - napoli son dakika",
2025-09-29T06:01:06.929336,kayserispor - gençlerbirliği,50 B+,"kayserispor - gençlerbirliği güncel, kayserispor - gençlerbirliği son dakika",
2025-09-29T06:01:07.430437,turgay ciner,20 B+,"turgay ciner güncel, turgay ciner son dakika",
2025-09-29T06:01:07.931549,shakhtar donetsk,10 B+,"shakhtar donetsk güncel, shakhtar donetsk son dakika",
2025-09-29T06:01:08.432643,simav,500 B+,"simav güncel, simav son dakika",
2025-09-29T06:01:08.933792,sağlık bakanlığı personel alımı 2025,20 B+,"sağlık bakanlığı personel alımı 2025 son dakika, sağlık bakanlığı personel alımı 2025 güncel",
2025-09-29T06:01:09.434964,rizespor - kasımpaşa,20 B+,"rizespor - kasımpaşa son dakika, rizespor - kasımpaşa güncel",
2025-09-29T06:01:09.936117,ösym,20 B+,"ösym güncel, ösym son dakika",
2025-09-29T06:01:10.437048,milan,5 B+,"milan güncel, milan son dakika",
2025-09-29T06:01:10.938059,kudüs,5 B+,"kudüs güncel, kudüs son dakika",
2025-09-29T06:01:11.439156,real betis - osasuna,2 B+,"real betis - osasuna güncel, real betis - osasuna son dakika",
2025-09-29T07:01:05.461312,fenerbahçe - antalyaspor,500 B+,"fenerbahçe - antalyaspor son dakika, fenerbahçe - antalyaspor güncel",
2025-09-29T07:01:05.962470,yavuz bülent bakiler,50 B+,"yavuz bülent bakiler güncel, yavuz bülent bakiler son dakika",
2025-09-29T07:01:06.463574,barcelona - real sociedad,50 B+,"barcelona - real sociedad son dakika, barcelona - real sociedad güncel",
2025-09-29T07:01:06.964729,hava durumu,100 B+,"hava durumu son dakika, hava durumu güncel",
2025-09-29T07:01:07.465840,milan - napoli,20 B+,"milan - napoli güncel, milan - napoli son dakika",
2025-09-29T07:01:07.967089,kayserispor - gençlerbirliği,50 B+,"kayserispor - gençlerbirliği son dakika, kayserispor - gençlerbirliği güncel",
2025-09-29T07:01:08.468216,konyaspor - başakşehir,50 B+,"konyaspor - başakşehir son dakika, konyaspor - başakşehir güncel",
2025-09-29T07:01:08.969210,simav,500 B+,"simav güncel, simav son dakika",
2025-09-29T07:01:09.470365,turgay ciner,20 B+,"turgay ciner son dakika, turgay ciner güncel",
2025-09-29T07:01:09.971297,sağlık bakanlığı personel alımı 2025,20 B+,"sağlık bakanlığı personel alımı 2025 güncel, sağlık bakanlığı personel alımı 2025 son dakika",
2025-09-29T07:01:10.472205,shakhtar donetsk,10 B+,"shakhtar donetsk son dakika, shakhtar donetsk güncel",
2025-09-29T07:01:10.973243,rizespor - kasımpaşa,20 B+,"rizespor - kasımpaşa güncel, rizespor - kasımpaşa son dakika",
2025-09-29T07:01:11.474171,ösym,20 B+,"ösym güncel, ösym son dakika",
2025-09-29T07:01:11.975110,milan,5 B+,"milan son dakika, milan güncel",
2025-09-29T07:01:12.476173,kudüs,5 B+,"kudüs son dakika, kudüs güncel",
2025-09-29T08:01:04.939074,fenerbahçe - antalyaspor,500 B+,"fenerbahçe - antalyaspor güncel, fenerbahçe - antalyaspor son dakika",
2025-09-29T08:01:05.440126,hava durumu,200 B+,"hava durumu güncel, hava durumu son dakika",
2025-09-29T08:01:05.941123,yavuz bülent bakiler,100 B+,"yavuz bülent bakiler güncel, yavuz bülent bakiler son dakika",
2025-09-29T08:01:06.442151,barcelona - real sociedad,50 B+,"barcelona - real sociedad son dakika, barcelona - real sociedad güncel",
2025-09-29T08:01:06.943280,konyaspor - başakşehir,50 B+,"konyaspor - başakşehir son dakika, konyaspor - başakşehir güncel",
2025-09-29T08:01:07.444238,milan - napoli,20 B+,"milan - napoli güncel, milan - napoli son dakika",
2025-09-29T08:01:07.945284,turgay ciner,20 B+,"turgay ciner son dakika, turgay ciner güncel",
2025-09-29T08:01:08.446184,kayserispor - gençlerbirliği,50 B+,"kayserispor - gençlerbirliği güncel, kayserispor - gençlerbirliği son dakika",
2025-09-29T08:01:08.947365,sağlık bakanlığı personel alımı 2025,20 B+,"sağlık bakanlığı personel alımı 2025 son dakika, sağlık bakanlığı personel alımı 2025 güncel",
2025-09-29T08:01:09.448400,simav,500 B+,"simav son dakika, simav güncel",
2025-09-29T08:01:09.949541,shakhtar donetsk,20 B+,"shakhtar donetsk son dakika, shakhtar donetsk güncel",
2025-09-29T08:01:10.450744,ösym,20 B+,"ösym son dakika, ösym güncel",
2025-09-29T08:01:10.951938,rizespor - kasımpaşa,20 B+,"rizespor - kasımpaşa güncel, rizespor - kasımpaşa son dakika",
2025-09-29T08:01:11.453106,milan,10 B+,"milan son dakika, milan güncel",
2025-09-29T08:01:11.954277,newcastle united - arsenal,20 B+,"newcastle united - arsenal güncel, newcastle united - arsenal son dakika",
2025-09-29T09:01:04.262041,fenerbahçe - antalyaspor,500 B+,"fenerbahçe - antalyaspor son dakika, fenerbahçe - antalyaspor güncel",
2025-09-29T09:01:04.763084,yavuz bülent bakiler,100 B+,"yavuz bülent bakiler son dakika, yavuz bülent bakiler güncel",
2025-09-29T09:01:05.264236,hava durumu,200 B+,"hava durumu son dakika, hava durumu güncel",
2025-09-29T09:01:05.765302,barcelona - real sociedad,50 B+,"barcelona - real sociedad güncel, barcelona - real sociedad son dakika",
2025-09-29T09:01:06.266459,sağlık bakanlığı personel alımı 2025,20 B+,"sağlık bakanlığı personel alımı 2025 güncel, sağlık bakanlığı personel alımı 2025 son dakika",
2025-09-29T09:01:06.767543,konyaspor - başakşehir,50 B+,"konyaspor - başakşehir son dakika, konyaspor - başakşehir güncel",
2025-09-29T09:01:07.268702,turgay ciner,20 B+,"turgay ciner güncel, turgay ciner son dakika",
2025-09-29T09:01:07.769839,kayserispor - gençlerbirliği,50 B+,"kayserispor - gençlerbirliği son dakika, kayserispor - gençlerbirliği güncel",
2025-09-29T09:01:08.271215,milan - napoli,20 B+,"milan - napoli son dakika, milan - napoli güncel",
2025-09-29T09:01:08.772296,ösym,20 B+,"ösym son dakika, ösym güncel",
2025-09-29T09:01:09.273453,shakhtar donetsk,20 B+,"shakhtar donetsk güncel, shakhtar donetsk son dakika",
2025-09-29T09:01:09.774576,simav,500 B+,"simav son dakika, simav güncel",
2025-09-29T09:01:10.275740,rizespor - kasımpaşa,20 B+,"rizespor - kasımpaşa güncel, rizespor - kasımpaşa son dakika",
2025-09-29T09:01:10.776899,milan,10 B+,"milan son dakika, milan güncel",
2025-09-29T09:01:11.278111,kudüs,5 B+,"kudüs son dakika, kudüs güncel",
2025-09-29T10:01:04.034246,fenerbahçe - antalyaspor,500 B+,"fenerbahçe - antalyaspor güncel, fenerbahçe - antalyaspor son dakika",
2025-09-29T10:01:04.535369,yavuz bülent bakiler,100 B+,"yavuz bülent bakiler güncel, yavuz bülent bakiler son dakika",
2025-09-29T10:01:05.036537,sağlık bakanlığı personel alımı 2025,50 B+,"sağlık bakanlığı personel alımı 2025 son dakika, sağlık bakanlığı personel alımı 2025 güncel",
2025-09-29T10:01:05.537698,barcelona - real sociedad,50 B+,"barcelona - real sociedad son dakika, barcelona - real sociedad güncel",
2025-09-29T10:01:06.038810,turgay ciner,20 B+,"turgay ciner güncel, turgay ciner son dakika",
2025-09-29T10:01:06.540033,ösym,20 B+,"ösym son dakika, ösym güncel",
2025-09-29T10:01:07.041206,konyaspor - başakşehir,50 B+,"konyaspor - başakşehir son dakika, konyaspor - başakşehir güncel",
2025-09-29T10:01:07.542294,kayserispor - gençlerbirliği,50 B+,"kayserispor - gençlerbirliği son dakika, kayserispor - gençlerbirliği güncel",
2025-09-29T10:01:08.043443,hava durumu,200 B+,"hava durumu son dakika, hava durumu güncel",
2025-09-29T10:01:08.544599,milan - napoli,20 B+,"milan - napoli güncel, milan - napoli son dakika",
2025-09-29T10:01:09.045829,shakhtar donetsk,20 B+,"shakhtar donetsk son dakika, shakhtar donetsk güncel",
2025-09-29T10:01:09.547098,simav,500 B+,"simav güncel, simav son dakika",
2025-09-29T10:01:10.048268,ösym giriş,10 B+,"ösym giriş güncel, ösym giriş son dakika",
2025-09-29T10:01:10.549331,kudüs,10 B+,"kudüs son dakika, kudüs güncel",
2025-09-29T10:01:11.050557,ata aöf,2 B+,"ata aöf güncel, ata aöf son dakika",
2025-09-29T11:01:04.437100,fenerbahçe - antalyaspor,500 B+,"fenerbahçe - antalyaspor güncel, fenerbahçe - antalyaspor son dakika",
2025-09-29T11:01:04.938168,yavuz bülent bakiler,100 B+,"yavuz bülent bakiler son dakika, yavuz bülent bakiler güncel",
2025-09-29T11:01:05.439331,sağlık bakanlığı personel alımı 2025,50 B+,"sağlık bakanlığı personel alımı 2025 güncel, sağlık bakanlığı personel alımı 2025 son dakika",
2025-09-29T11:01:05.940506,ösym,50 B+,"ösym güncel, ösym son dakika",
2025-09-29T11:01:06.441612,barcelona - real sociedad,50 B+,"barcelona - real sociedad son dakika, barcelona - real sociedad güncel",
2025-09-29T11:01:06.942726,turgay ciner,20 B+,"turgay ciner güncel, turgay ciner son dakika",
2025-09-29T11:01:07.443837,kayserispor - gençlerbirliği,50 B+,"kayserispor - gençlerbirliği güncel, kayserispor - gençlerbirliği son dakika",
2025-09-29T11:01:07.945096,shakhtar donetsk,20 B+,"shakhtar donetsk güncel, shakhtar donetsk son dakika",
2025-09-29T11:01:08.446263,milan - napoli,20 B+,"milan - napoli güncel, milan - napoli son dakika",
2025-09-29T11:01:08.947415,simav,500 B+,"simav güncel, simav son dakika",
2025-09-29T11:01:09.448349,hava durumu,200 B+,"hava durumu güncel, hava durumu son dakika",
2025-09-29T11:01:09.949475,kudüs,10 B+,"kudüs son dakika, kudüs güncel",
2025-09-29T11:01:10.450518,ata aöf,2 B+,"ata aöf güncel, ata aöf son dakika",
2025-09-29T11:01:10.951581,atv canlı yayın izle 2025,2 B+,"atv canlı yayın izle 2025 güncel, atv canlı yayın izle 2025 son dakika",
2025-09-29T11:01:11.452658,konyaspor - başakşehir,50 B+,"konyaspor - başakşehir son dakika, konyaspor - başakşehir güncel",
2025-09-29T12:01:05.460345,fenerbahçe - antalyaspor,500 B+,"fenerbahçe - antalyaspor son dakika, fenerbahçe - antalyaspor güncel",
2025-09-29T12:01:05.961288,ösym,100 B+,"ösym güncel, ösym son dakika",
2025-09-29T12:01:06.462366,yavuz bülent bakiler,100 B+,"yavuz bülent bakiler son dakika, yavuz bülent bakiler güncel",
2025-09-29T12:01:06.963526,barcelona - real sociedad,50 B+,"barcelona - real sociedad güncel, barcelona - real sociedad son dakika",
2025-09-29T12:01:07.464560,turgay ciner,20 B+,"turgay ciner güncel, turgay ciner son dakika",
2025-09-29T12:01:07.965675,ösym giriş,20 B+,"ösym giriş son dakika, ösym giriş güncel",
2025-09-29T12:01:08.466821,shakhtar donetsk,20 B+,"shakhtar donetsk güncel, shakhtar donetsk son dakika",
2025-09-29T12:01:08.967988,milan - napoli,20 B+,"milan - napoli güncel, milan - napoli son dakika",
2025-09-29T12:01:09.469116,simav,500 B+,"simav güncel, simav son dakika",
2025-09-29T12:01:09.970270,kudüs,10 B+,"kudüs son dakika, kudüs güncel",
2025-09-29T12:01:10.471143,hava durumu,200 B+,"hava durumu güncel, hava durumu son dakika",
2025-09-29T12:01:10.972119,ösym ais,10 B+,"ösym ais güncel, ösym ais son dakika",
2025-09-29T12:01:11.472712,ata aöf,5 B+,"ata aöf güncel, ata aöf son dakika",
2025-09-29T12:01:11.973657,güllü neden boşandı,2 B+,"güllü neden boşandı son dakika, güllü neden boşandı güncel",
2025-09-29T12:01:12.474510,aski su kesintisi,10 B+,"aski su kesintisi güncel, aski su kesintisi son dakika",
2025-09-29T13:01:05.125539,fenerbahçe - antalyaspor,500 B+,"fenerbahçe - antalyaspor son dakika, fenerbahçe - antalyaspor güncel",
2025-09-29T13:01:05.626597,sağlık bakanlığı personel alımı 2025,200 B+,"sağlık bakanlığı personel alımı 2025 güncel, sağlık bakanlığı personel alımı 2025 son dakika",
2025-09-29T13:01:06.126975,barcelona - real sociedad,50 B+,"barcelona - real sociedad son dakika, barcelona - real sociedad güncel",
2025-09-29T13:01:06.628124,ösym giriş,20 B+,"ösym giriş güncel, ösym giriş son dakika",
2025-09-29T13:01:07.129241,turgay ciner,50 B+,"turgay ciner güncel, turgay ciner son dakika",
2025-09-29T13:01:07.630400,konyaspor - başakşehir,50 B+,"konyaspor - başakşehir son dakika, konyaspor - başakşehir güncel",
2025-09-29T13:01:08.131342,shakhtar donetsk,20 B+,"shakhtar donetsk güncel, shakhtar donetsk son dakika",
2025-09-29T13:01:08.632470,kudüs,10 B+,"kudüs son dakika, kudüs güncel",
2025-09-29T13:01:09.133522,ösym ais,10 B+,"ösym ais son dakika, ösym ais güncel",
2025-09-29T13:01:09.634652,hava durumu,200 B+,"hava durumu güncel, hava durumu son dakika",
2025-09-29T13:01:10.135810,ata aöf,5 B+,"ata aöf güncel, ata aöf son dakika",
2025-09-29T13:01:10.636820,kütahya simav depremi,500 B+,"kütahya simav depremi güncel, kütahya simav depremi son dakika",
2025-09-29T13:01:11.138093,aski su kesintisi,10 B+,"aski su kesintisi güncel, aski su kesintisi son dakika",
2025-09-29T13:01:11.639275,yavuz bülent bakiler şiirleri,20 B+,"yavuz bülent bakiler şiirleri son dakika, yavuz bülent bakiler şiirleri güncel",
2025-09-29T13:01:12.140334,işkur e şube,2 B+,"işkur e şube güncel, işkur e şube son dakika",
2025-09-29T14:01:05.008213,fenerbahçe - antalyaspor,500 B+,"fenerbahçe - antalyaspor güncel, fenerbahçe - antalyaspor son dakika",
2025-09-29T14:01:05.509024,sağlık bakanlığı personel alımı 2025,200 B+,"sağlık bakanlığı personel alımı 2025 son dakika, sağlık bakanlığı personel alımı 2025 güncel",
2025-09-29T14:01:06.010066,barcelona - real sociedad,50 B+,"barcelona - real sociedad son dakika, barcelona - real sociedad güncel",
2025-09-29T14:01:06.511139,ösym giriş,20 B+,"ösym giriş son dakika, ösym giriş güncel",
2025-09-29T14:01:07.012253,turgay ciner,50 B+,"turgay ciner son dakika, turgay ciner güncel",
2025-09-29T14:01:07.513336,shakhtar donetsk,20 B+,"shakhtar donetsk güncel, shakhtar donetsk son dakika",
2025-09-29T14:01:08.014447,kudüs,10 B+,"kudüs güncel, kudüs son dakika",
2025-09-29T14:01:08.515333,ösym ais,10 B+,"ösym ais son dakika, ösym ais güncel",
2025-09-29T14:01:09.016450,ata aöf,5 B+,"ata aöf son dakika, ata aöf güncel",
2025-09-29T14:01:09.517590,aski su kesintisi,10 B+,"aski su kesintisi güncel, aski su kesintisi son dakika",
2025-09-29T14:01:10.018704,hava durumu,200 B+,"hava durumu güncel, hava durumu son dakika",
2025-09-29T14:01:10.519825,kütahya simav depremi,10 B+,"kütahya simav depremi son dakika, kütahya simav depremi güncel",
2025-09-29T14:01:11.021030,işkur e şube,2 B+,"işkur e şube son dakika, işkur e şube güncel",
2025-09-29T14:01:11.522150,kudus,1 B+,"kudus güncel, kudus son dakika",
2025-09-29T14:01:12.023278,konyaspor - başakşehir,50 B+,"konyaspor - başakşehir son dakika, konyaspor - başakşehir güncel",
2025-09-29T15:01:03.960367,fenerbahçe - antalyaspor,500 B+,"fenerbahçe - antalyaspor son dakika, fenerbahçe - antalyaspor güncel",
2025-09-29T15:01:04.461349,sağlık bakanlığı personel alımı 2025,200 B+,"sağlık bakanlığı personel alımı 2025 güncel, sağlık bakanlığı personel alımı 2025 son dakika",
2025-09-29T15:01:04.962451,barcelona - real sociedad,50 B+,"barcelona - real sociedad güncel, barcelona - real sociedad son dakika",
2025-09-29T15:01:05.463496,ösym giriş,20 B+,"ösym giriş son dakika, ösym giriş güncel",
2025-09-29T15:01:05.964466,turgay ciner,50 B+,"turgay ciner son dakika, turgay ciner güncel",
2025-09-29T15:01:06.465532,shakhtar donetsk,20 B+,"shakhtar donetsk son dakika, shakhtar donetsk güncel",
2025-09-29T15:01:06.966697,kudüs,20 B+,"kudüs son dakika, kudüs güncel",
2025-09-29T15:01:07.467712,keçiörengücü - pendikspor,2 B+,"keçiörengücü - pendikspor güncel, keçiörengücü - pendikspor son dakika",
2025-09-29T15:01:07.969008,ösym ais,10 B+,"ösym ais son dakika, ösym ais güncel",
2025-09-29T15:01:08.470154,ata aöf,5 B+,"ata aöf güncel, ata aöf son dakika",
2025-09-29T15:01:08.971111,aski su kesintisi,10 B+,"aski su kesintisi son dakika, aski su kesintisi güncel",
2025-09-29T15:01:09.472044,hava durumu,200 B+,"hava durumu son dakika, hava durumu güncel",
2025-09-29T15:01:09.972956,kütahya simav depremi,10 B+,"kütahya simav depremi son dakika, kütahya simav depremi güncel",
2025-09-29T15:01:10.473984,halk,2 B+,"halk son dakika, halk güncel",
2025-09-29T15:01:10.975028,işkur e şube,2 B+,"işkur e şube güncel, işkur e şube son dakika",
2025-09-29T16:01:04.386943,fenerbahçe - antalyaspor,500 B+,"fenerbahçe - antalyaspor son dakika, fenerbahçe - antalyaspor güncel",
2025-09-29T16:01:04.888111,sağlık bakanlığı personel alımı 2025,200 B+,"sağlık bakanlığı personel alımı 2025 güncel, sağlık bakanlığı personel alımı 2025 son dakika",
2025-09-29T16:01:05.389271,barcelona - real sociedad,50 B+,"barcelona - real sociedad son dakika, barcelona - real sociedad güncel",
2025-09-29T16:01:05.890425,turgay ciner,50 B+,"turgay ciner son dakika, turgay ciner güncel",
2025-09-29T16:01:06.391586,ösym giriş,20 B+,"ösym giriş son dakika, ösym giriş güncel",
2025-09-29T16:01:06.892749,kudüs,20 B+,"kudüs güncel, kudüs son dakika",
2025-09-29T16:01:07.393780,shakhtar donetsk,20 B+,"shakhtar donetsk güncel, shakhtar donetsk son dakika",
2025-09-29T16:01:07.894949,keçiörengücü - pendikspor,5 B+,"keçiörengücü - pendikspor son dakika, keçiörengücü - pendikspor güncel",
2025-09-29T16:01:08.395692,ata aöf,5 B+,"ata aöf son dakika, ata aöf güncel",
2025-09-29T16:01:08.896802,aski,5 B+,"aski güncel, aski son dakika",
2025-09-29T16:01:09.397801,kütahya simav depremi,10 B+,"kütahya simav depremi güncel, kütahya simav depremi son dakika",
2025-09-29T16:01:09.899064,hava durumu,200 B+,"hava durumu son dakika, hava durumu güncel",
2025-09-29T16:01:10.400197,kudus,1 B+,"kudus son dakika, kudus güncel",
2025-09-29T16:01:10.901346,halk,5 B+,"halk güncel, halk son dakika",
2025-09-29T16:01:11.402399,işkur e şube,2 B+,"işkur e şube son dakika, işkur e şube güncel",
2025-09-29T17:01:04.656795,fenerbahçe - antalyaspor,500 B+,"fenerbahçe - antalyaspor son dakika, fenerbahçe - antalyaspor güncel",
2025-09-29T17:01:05.157566,sağlık bakanlığı personel alımı 2025,200 B+,"sağlık bakanlığı personel alımı 2025 son dakika, sağlık bakanlığı personel alımı 2025 güncel",
2025-09-29T17:01:05.658575,vanspor - amed,10 B+,"vanspor - amed güncel, vanspor - amed son dakika",
2025-09-29T17:01:06.159727,barcelona - real sociedad,50 B+,"barcelona - real sociedad son dakika, barcelona - real sociedad güncel",
2025-09-29T17:01:06.660179,ösym giriş,20 B+,"ösym giriş son dakika, ösym giriş güncel",
2025-09-29T17:01:07.161237,turgay ciner,50 B+,"turgay ciner güncel, turgay ciner son dakika",
2025-09-29T17:01:07.662187,kudüs,20 B+,"kudüs güncel, kudüs son dakika",
2025-09-29T17:01:08.163195,keçiörengücü - pendikspor,5 B+,"keçiörengücü - pendikspor son dakika, keçiörengücü - pendikspor güncel",
2025-09-29T17:01:08.664315,milan - napoli,20 B+,"milan - napoli son dakika, milan - napoli güncel",
2025-09-29T17:01:09.165469,ata aöf,5 B+,"ata aöf güncel, ata aöf son dakika",
2025-09-29T17:01:09.666212,ukrayna ligi,20 B+,"ukrayna ligi güncel, ukrayna ligi son dakika",
2025-09-29T17:01:10.167377,kütahya simav depremi,10 B+,"kütahya simav depremi güncel, kütahya simav depremi son dakika",
2025-09-29T17:01:10.668498,nasaf - el hilal,1 B+,"nasaf - el hilal son dakika, nasaf - el hilal güncel",
2025-09-29T17:01:11.169626,kudus,2 B+,"kudus güncel, kudus son dakika",
2025-09-29T17:01:11.670562,halk,5 B+,"halk güncel, halk son dakika",
2025-09-29T18:01:05.067141,fenerbahçe - antalyaspor,500 B+,"fenerbahçe - antalyaspor güncel, fenerbahçe - antalyaspor son dakika",
2025-09-29T18:01:05.568143,sağlık bakanlığı personel alımı 2025,200 B+,"sağlık bakanlığı personel alımı 2025 son dakika, sağlık bakanlığı personel alımı 2025 güncel",
2025-09-29T18:01:06.069230,vanspor - amed,20 B+,"vanspor - amed güncel, vanspor - amed son dakika",
2025-09-29T18:01:06.570374,barcelona - real sociedad,50 B+,"barcelona - real sociedad güncel, barcelona - real sociedad son dakika",
2025-09-29T18:01:07.071496,kudüs,20 B+,"kudüs güncel, kudüs son dakika",
2025-09-29T18:01:07.572649,turgay ciner,50 B+,"turgay ciner güncel, turgay ciner son dakika",
2025-09-29T18:01:08.073784,ösym giriş,20 B+,"ösym giriş güncel, ösym giriş son dakika",
2025-09-29T18:01:08.575059,trt spor,20 B+,"maç trt spor, trt spor skor, trt spor sonuç, trt spor güncel, trt spor maç","lig trt spor haberleri, takım trt spor haberleri, trt spor lig son dakika, trt spor haber son dakika, haber trt spor haberleri"
2025-09-29T18:01:09.076224,milan - napoli,20 B+,"milan - napoli son dakika, milan - napoli güncel",
2025-09-29T18:01:09.577376,nasaf - el hilal,2 B+,"nasaf - el hilal güncel, nasaf - el hilal son dakika",
2025-09-29T18:01:10.078548,keçiörengücü - pendikspor,5 B+,"keçiörengücü - pendikspor güncel, keçiörengücü - pendikspor son dakika",
2025-09-29T18:01:10.579641,ukrayna ligi,20 B+,"ukrayna ligi son dakika, ukrayna ligi güncel",
2025-09-29T18:01:11.080808,ata aöf,10 B+,"ata aöf son dakika, ata aöf güncel",
2025-09-29T18:01:11.582094,kudus,2 B+,"kudus güncel, kudus son dakika",
2025-09-29T18:01:12.083248,hakan safi,1 B+,"hakan safi son dakika, hakan safi güncel",
2025-09-29T19:01:04.956979,sağlık bakanlığı personel alımı 2025,200 B+,"sağlık bakanlığı personel alımı 2025 güncel, sağlık bakanlığı personel alımı 2025 son dakika",
2025-09-29T19:01:05.457993,vanspor - amed,50 B+,"vanspor - amed güncel, vanspor - amed son dakika",
2025-09-29T19:01:05.958931,kudüs,20 B+,"kudüs güncel, kudüs son dakika",
2025-09-29T19:01:06.460133,ösym giriş,50 B+,"ösym giriş güncel, ösym giriş son dakika",
2025-09-29T19:01:06.961293,nasaf - el hilal,2 B+,"nasaf - el hilal güncel, nasaf - el hilal son dakika",
2025-09-29T19:01:07.462429,keçiörengücü - pendikspor,5 B+,"keçiörengücü - pendikspor güncel, keçiörengücü - pendikspor son dakika",
2025-09-29T19:01:07.963568,ata aöf,10 B+,"ata aöf güncel, ata aöf son dakika",
2025-09-29T19:01:08.464616,kudus,2 B+,"kudus güncel, kudus son dakika",
2025-09-29T19:01:08.965769,نسف قرشي ضد الهلال,1 B+,"نسف قرشي ضد الهلال son dakika, نسف قرشي ضد الهلال güncel",
2025-09-29T19:01:09.466984,bige önal,1 B+,"bige önal güncel, bige önal son dakika",
2025-09-29T19:01:09.968154,işkur e şube,5 B+,"işkur e şube güncel, işkur e şube son dakika",
2025-09-29T19:01:10.469297,hakan safi,2 B+,"hakan safi güncel, hakan safi son dakika",
2025-09-29T19:01:10.970448,hava durumu,200 B+,"hava durumu güncel, hava durumu son dakika",
2025-09-29T19:01:11.471427,özgür çelik mazbata,500+,"özgür çelik mazbata son dakika, özgür çelik mazbata güncel",
2025-09-29T19:01:11.972194,shakhtar donetsk,20 B+,"shakhtar donetsk son dakika, shakhtar donetsk güncel",
2025-09-29T20:01:04.570169,beşiktaş - kocaelispor,50 B+,"beşiktaş - kocaelispor son dakika, beşiktaş - kocaelispor güncel",
2025-09-29T20:01:05.071286,sağlık bakanlığı personel alımı 2025,200 B+,"sağlık bakanlığı personel alımı 2025 güncel, sağlık bakanlığı personel alımı 2025 son dakika",
2025-09-29T20:01:05.572396,vanspor - amed,100 B+,"vanspor - amed son dakika, vanspor - amed güncel",
2025-09-29T20:01:06.073526,kudüs,20 B+,"kudüs son dakika, kudüs güncel",
2025-09-29T20:01:06.574693,ösym giriş,50 B+,"ösym giriş güncel, ösym giriş son dakika",
2025-09-29T20:01:07.075829,sakaryaspor - sivasspor,5 B+,"sakaryaspor - sivasspor güncel, sakaryaspor - sivasspor son dakika",
2025-09-29T20:01:07.577084,adana demirspor - sarıyer,2 B+,"adana demirspor - sarıyer son dakika, adana demirspor - sarıyer güncel",
2025-09-29T20:01:08.078070,nasaf - el hilal,5 B+,"nasaf - el hilal güncel, nasaf - el hilal son dakika",
2025-09-29T20:01:08.579130,ata aöf,10 B+,"ata aöf güncel, ata aöf son dakika",
2025-09-29T20:01:09.080282,kudus,2 B+,"kudus güncel, kudus son dakika",
2025-09-29T20:01:09.581434,altın kan,2 B+,"altın kan son dakika, altın kan güncel",
2025-09-29T20:01:10.082569,keçiörengücü - pendikspor,5 B+,"keçiörengücü - pendikspor güncel, keçiörengücü - pendikspor son dakika",
2025-09-29T20:01:10.583721,bige önal,1 B+,"bige önal son dakika, bige önal güncel",
2025-09-29T20:01:11.084953,hakan safi,2 B+,"hakan safi son dakika, hakan safi güncel",
2025-09-29T20:01:11.585942,نسف قرشي ضد الهلال,1 B+,"نسف قرشي ضد الهلال güncel, نسف قرشي ضد الهلال son dakika",
2025-09-29T21:01:05.294153,beşiktaş - kocaelispor,200 B+,"beşiktaş - kocaelispor son dakika, beşiktaş - kocaelispor güncel",
2025-09-29T21:01:05.795154,sağlık bakanlığı personel alımı 2025,200 B+,"sağlık bakanlığı personel alımı 2025 güncel, sağlık bakanlığı personel alımı 2025 son dakika",
2025-09-29T21:01:06.296105,vanspor - amed,100 B+,"vanspor - amed güncel, vanspor - amed son dakika",
2025-09-29T21:01:06.797226,kudüs,20 B+,"kudüs son dakika, kudüs güncel",
2025-09-29T21:01:07.298254,ösym giriş,50 B+,"ösym giriş güncel, ösym giriş son dakika",
2025-09-29T21:01:07.799420,sakaryaspor - sivasspor,10 B+,"sakaryaspor - sivasspor güncel, sakaryaspor - sivasspor son dakika",
2025-09-29T21:01:08.300401,işkur,50 B+,"işkur son dakika, işkur güncel",
2025-09-29T21:01:08.801441,adana demirspor - sarıyer,5 B+,"adana demirspor - sarıyer güncel, adana demirspor - sarıyer son dakika",
2025-09-29T21:01:09.302450,kudus,2 B+,"kudus son dakika, kudus güncel",
2025-09-29T21:01:09.803539,ata aöf,10 B+,"ata aöf güncel, ata aöf son dakika",
2025-09-29T21:01:10.304705,kanal d canlı yayın,5 B+,"kanal d canlı yayın son dakika, kanal d canlı yayın güncel",
2025-09-29T21:01:10.805793,nasaf - el hilal,5 B+,"nasaf - el hilal son dakika, nasaf - el hilal güncel",
2025-09-29T21:01:11.306965,rafa silva,1 B+,"rafa silva güncel, rafa silva son dakika",
2025-09-29T21:01:11.808157,pazartesi dizileri,2 B+,"pazartesi dizileri güncel, pazartesi dizileri son dakika",
2025-09-29T21:01:12.309319,parma,1 B+,"parma güncel, parma son dakika",
2025-09-29T22:01:05.095099,beşiktaş - kocaelispor,500 B+,"beşiktaş - kocaelispor güncel, beşiktaş - kocaelispor son dakika",
2025-09-29T22:01:05.596095,sağlık bakanlığı personel alımı 2025,200 B+,"sağlık bakanlığı personel alımı 2025 güncel, sağlık bakanlığı personel alımı 2025 son dakika",
2025-09-29T22:01:06.096717,vanspor - amed,100 B+,"vanspor - amed son dakika, vanspor - amed güncel",
2025-09-29T22:01:06.597776,ösym giriş,50 B+,"ösym giriş son dakika, ösym giriş güncel",
2025-09-29T22:01:07.098898,sakaryaspor - sivasspor,10 B+,"sakaryaspor - sivasspor güncel, sakaryaspor - sivasspor son dakika",
2025-09-29T22:01:07.600120,adana demirspor - sarıyer,10 B+,"adana demirspor - sarıyer son dakika, adana demirspor - sarıyer güncel",
2025-09-29T22:01:08.101270,tayfur bingöl,5 B+,"tayfur bingöl güncel, tayfur bingöl son dakika",
2025-09-29T22:01:08.602432,kudus,5 B+,"kudus güncel, kudus son dakika",
2025-09-29T22:01:09.103592,jota silva,5 B+,"jota silva güncel, jota silva son dakika",
2025-09-29T22:01:09.604763,kanal d canlı yayın,10 B+,"kanal d canlı yayın son dakika, kanal d canlı yayın güncel",
2025-09-29T22:01:10.105812,uzak şehir canlı,5 B+,"uzak şehir canlı güncel, uzak şehir canlı son dakika",
2025-09-29T22:01:10.606214,ata aöf,10 B+,"ata aöf güncel, ata aöf son dakika",
2025-09-29T22:01:11.107248,الطقس غدًا,5 B+,"الطقس غدًا güncel, الطقس غدًا son dakika",
2025-09-29T22:01:11.608406,genoa - lazio,1 B+,"genoa - lazio son dakika, genoa - lazio güncel",
2025-09-29T22:01:12.109497,adalet bakanlığı promosyon son dakika,1 B+,"adalet bakanlığı promosyon son dakika güncel, adalet bakanlığı promosyon son dakika son dakika",
2025-09-29T23:01:06.204380,beşiktaş - kocaelispor,500 B+,"beşiktaş - kocaelispor son dakika, beşiktaş - kocaelispor güncel",
2025-09-29T23:01:06.705621,ösym,200 B+,"ösym güncel, ösym son dakika",
2025-09-29T23:01:07.206806,vanspor - amed,100 B+,"vanspor - amed güncel, vanspor - amed son dakika",
2025-09-29T23:01:07.708092,ösym giriş,50 B+,"ösym giriş güncel, ösym giriş son dakika",
2025-09-29T23:01:08.209280,sakaryaspor - sivasspor,20 B+,"sakaryaspor - sivasspor güncel, sakaryaspor - sivasspor son dakika",
2025-09-29T23:01:08.710227,işkur,50 B+,"işkur güncel, işkur son dakika",
2025-09-29T23:01:09.211363,adana demirspor - sarıyer,10 B+,"adana demirspor - sarıyer son dakika, adana demirspor - sarıyer güncel",
2025-09-29T23:01:09.712483,kudus,5 B+,"kudus güncel, kudus son dakika",
2025-09-29T23:01:10.213595,everton - west ham united,5 B+,"everton - west ham united son dakika, everton - west ham united güncel",
2025-09-29T23:01:10.714723,ata aöf,10 B+,"ata aöf son dakika, ata aöf güncel",
2025-09-29T23:01:11.215686,uzak şehir canlı,5 B+,"uzak şehir canlı güncel, uzak şehir canlı son dakika",
2025-09-29T23:01:11.716763,genoa - lazio,2 B+,"genoa - lazio güncel, genoa - lazio son dakika",
2025-09-29T23:01:12.217957,jota silva,5 B+,"jota silva güncel, jota silva son dakika",
2025-09-29T23:01:12.719136,kanal d canlı yayın,10 B+,"kanal d canlı yayın son dakika, kanal d canlı yayın güncel",
2025-09-29T23:01:13.220275,porto,2 B+,"porto güncel, porto son dakika",
2025-09-30T00:01:06.853641,beşiktaş - kocaelispor,500 B+,"beşiktaş - kocaelispor güncel, beşiktaş - kocaelispor son dakika",
2025-09-30T00:01:07.354846,ösym,200 B+,"ösym güncel, ösym son dakika",
2025-09-30T00:01:07.856168,ösym giriş,50 B+,"ösym giriş güncel, ösym giriş son dakika",
2025-09-30T00:01:08.357228,vanspor - amed,100 B+,"vanspor - amed son dakika, vanspor - amed güncel",
2025-09-30T00:01:08.858356,işkur,50 B+,"işkur güncel, işkur son dakika",
2025-09-30T00:01:09.359436,sakaryaspor - sivasspor,20 B+,"sakaryaspor - sivasspor güncel, sakaryaspor - sivasspor son dakika",
2025-09-30T00:01:09.859989,adana demirspor - sarıyer,10 B+,"adana demirspor - sarıyer güncel, adana demirspor - sarıyer son dakika",
2025-09-30T00:01:10.361112,kudus,5 B+,"kudus son dakika, kudus güncel",
2025-09-30T00:01:10.862074,everton,5 B+,"everton son dakika, everton güncel",
2025-09-30T00:01:11.363230,uzak şehir 31 bölüm izle,10 B+,"uzak şehir 31 bölüm izle son dakika, uzak şehir 31 bölüm izle güncel",
2025-09-30T00:01:11.864351,porto,5 B+,"porto güncel, porto son dakika",
2025-09-30T00:01:12.365447,tayfur bingöl,5 B+,"tayfur bingöl güncel, tayfur bingöl son dakika",
2025-09-30T00:01:12.866482,ata aöf,10 B+,"ata aöf güncel, ata aöf son dakika",
2025-09-30T00:01:13.367592,genoa - lazio,2 B+,"genoa - lazio güncel, genoa - lazio son dakika",
2025-09-30T00:01:13.868745,lazio,2 B+,"lazio güncel, lazio son dakika",
2025-09-30T01:01:04.865695,beşiktaş - kocaelispor,500 B+,"beşiktaş - kocaelispor güncel, beşiktaş - kocaelispor son dakika",
2025-09-30T01:01:05.366716,vanspor - amed,100 B+,"vanspor - amed son dakika, vanspor - amed güncel",
2025-09-30T01:01:05.867795,uzak şehir 31 bölüm izle,10 B+,"uzak şehir 31 bölüm izle güncel, uzak şehir 31 bölüm izle son dakika",
2025-09-30T01:01:06.368967,sakaryaspor - sivasspor,20 B+,"sakaryaspor - sivasspor son dakika, sakaryaspor - sivasspor güncel",
2025-09-30T01:01:06.870176,adana demirspor - sarıyer,10 B+,"adana demirspor - sarıyer güncel, adana demirspor - sarıyer son dakika",
2025-09-30T01:01:07.371263,everton,5 B+,"everton son dakika, everton güncel",
2025-09-30T01:01:07.872420,kudus,5 B+,"kudus güncel, kudus son dakika",
2025-09-30T01:01:08.373531,kpss 2025/ 5 tercih kılavuzu,20 B+,"kpss 2025/ 5 tercih kılavuzu son dakika, kpss 2025/ 5 tercih kılavuzu güncel",
2025-09-30T01:01:08.874727,porto,5 B+,"porto son dakika, porto güncel",
2025-09-30T01:01:09.375959,tayfur bingöl,5 B+,"tayfur bingöl güncel, tayfur bingöl son dakika",
2025-09-30T01:01:09.876637,genoa - lazio,2 B+,"genoa - lazio son dakika, genoa - lazio güncel",
2025-09-30T01:01:10.377762,asgari ücret,2 B+,"asgari ücret son dakika, asgari ücret güncel",
2025-09-30T01:01:10.878819,kanald canli izle,10 B+,"kanald canli izle güncel, kanald canli izle son dakika",
2025-09-30T01:01:11.380043,adalet bakanlığı promosyon son dakika,2 B+,"adalet bakanlığı promosyon son dakika güncel, adalet bakanlığı promosyon son dakika son dakika",
2025-09-30T01:01:11.881200,hakan safi,2 B+,"hakan safi son dakika, hakan safi güncel",
2025-09-30T02:01:05.546187,beşiktaş - kocaelispor,500 B+,"beşiktaş - kocaelispor son dakika, beşiktaş - kocaelispor güncel",
2025-09-30T02:01:06.047329,uzak şehir 31 bölüm izle,20 B+,"uzak şehir 31 bölüm izle güncel, uzak şehir 31 bölüm izle son dakika",
2025-09-30T02:01:06.548391,sakaryaspor - sivasspor,20 B+,"sakaryaspor - sivasspor son dakika, sakaryaspor - sivasspor güncel",
2025-09-30T02:01:07.049568,adana demirspor - sarıyer,10 B+,"adana demirspor - sarıyer güncel, adana demirspor - sarıyer son dakika",
2025-09-30T02:01:07.550741,kudus,5 B+,"kudus son dakika, kudus güncel",
2025-09-30T02:01:08.051982,tayfur bingöl,5 B+,"tayfur bingöl son dakika, tayfur bingöl güncel",
2025-09-30T02:01:08.553136,asgari ücret,2 B+,"asgari ücret güncel, asgari ücret son dakika",
2025-09-30T02:01:09.054263,everton,5 B+,"everton güncel, everton son dakika",
2025-09-30T02:01:09.555421,arouca - porto,5 B+,"arouca - porto güncel, arouca - porto son dakika",
2025-09-30T02:01:10.056515,genoa - lazio,2 B+,"genoa - lazio güncel, genoa - lazio son dakika",
2025-09-30T02:01:10.557674,vanspor - amed,100 B+,"vanspor - amed son dakika, vanspor - amed güncel",
2025-09-30T02:01:11.058834,işkur gençlik programı,5 B+,"işkur gençlik programı güncel, işkur gençlik programı son dakika",
2025-09-30T02:01:11.560113,adalet bakanlığı promosyon son dakika,2 B+,"adalet bakanlığı promosyon son dakika güncel, adalet bakanlığı promosyon son dakika son dakika",
2025-09-30T02:01:12.061279,xiaomi 17 pro max fiyat,2 B+,"xiaomi 17 pro max fiyat güncel, xiaomi 17 pro max fiyat son dakika",
2025-09-30T02:01:12.562452,güllü'nün asistanı deniz,2 B+,"güllü'nün asistanı deniz son dakika, güllü'nün asistanı deniz güncel",
2025-09-30T03:01:05.332699,beşiktaş - kocaelispor,500 B+,"beşiktaş - kocaelispor güncel, beşiktaş - kocaelispor son dakika",
2025-09-30T03:01:05.833920,uzak şehir 31 bölüm izle,20 B+,"uzak şehir 31 bölüm izle son dakika, uzak şehir 31 bölüm izle güncel",
2025-09-30T03:01:06.335026,tayfur bingöl,5 B+,"tayfur bingöl güncel, tayfur bingöl son dakika",
2025-09-30T03:01:06.835974,asgari ücret,5 B+,"asgari ücret son dakika, asgari ücret güncel",
2025-09-30T03:01:07.337106,kudus,5 B+,"kudus son dakika, kudus güncel",
2025-09-30T03:01:07.838387,vanspor - amed,100 B+,"vanspor - amed güncel, vanspor - amed son dakika",
2025-09-30T03:01:08.339513,işkur gençlik programı,5 B+,"işkur gençlik programı güncel, işkur gençlik programı son dakika",
2025-09-30T03:01:08.840672,arouca - porto,5 B+,"arouca - porto son dakika, arouca - porto güncel",
2025-09-30T03:01:09.341907,güllü'nün asistanı deniz,2 B+,"güllü'nün asistanı deniz güncel, güllü'nün asistanı deniz son dakika",
2025-09-30T03:01:09.843117,genoa - lazio,2 B+,"genoa - lazio güncel, genoa - lazio son dakika",
2025-09-30T03:01:10.344255,hakan safi,2 B+,"hakan safi güncel, hakan safi son dakika",
2025-09-30T03:01:10.845195,sakaryaspor - sivasspor,20 B+,"sakaryaspor - sivasspor güncel, sakaryaspor - sivasspor son dakika",
2025-09-30T03:01:11.346296,xiaomi 17 pro max fiyat,2 B+,"xiaomi 17 pro max fiyat son dakika, xiaomi 17 pro max fiyat güncel",
2025-09-30T03:01:11.847421,adana demirspor - sarıyer,10 B+,"adana demirspor - sarıyer son dakika, adana demirspor - sarıyer güncel",
2025-09-30T03:01:12.348584,everton,5 B+,"everton son dakika, everton güncel",
2025-09-30T04:01:04.372304,beşiktaş - kocaelispor,500 B+,"beşiktaş - kocaelispor son dakika, beşiktaş - kocaelispor güncel",
2025-09-30T04:01:04.873281,uzak şehir 31 bölüm izle,20 B+,"uzak şehir 31 bölüm izle son dakika, uzak şehir 31 bölüm izle güncel",
2025-09-30T04:01:05.373980,sakaryaspor - sivasspor,20 B+,"sakaryaspor - sivasspor son dakika, sakaryaspor - sivasspor güncel",
2025-09-30T04:01:05.874903,asgari ücret,5 B+,"asgari ücret son dakika, asgari ücret güncel",
2025-09-30T04:01:06.376051,tayfur bingöl,5 B+,"tayfur bingöl güncel, tayfur bingöl son dakika",
2025-09-30T04:01:06.877010,vanspor - amed,100 B+,"vanspor - amed son dakika, vanspor - amed güncel",
2025-09-30T04:01:07.377985,hakan safi,2 B+,"hakan safi güncel, hakan safi son dakika",
2025-09-30T04:01:07.878238,güllü'nün asistanı deniz,2 B+,"güllü'nün asistanı deniz son dakika, güllü'nün asistanı deniz güncel",
2025-09-30T04:01:08.379379,xiaomi 17 pro max fiyat,2 B+,"xiaomi 17 pro max fiyat güncel, xiaomi 17 pro max fiyat son dakika",
2025-09-30T04:01:08.880243,adana demirspor - sarıyer,10 B+,"adana demirspor - sarıyer güncel, adana demirspor - sarıyer son dakika",
2025-09-30T04:01:09.381392,kudus,5 B+,"kudus güncel, kudus son dakika",
2025-09-30T04:01:09.882502,sowix,500+,"sowix güncel, sowix son dakika",
2025-09-30T04:01:10.383667,everton,5 B+,"everton güncel, everton son dakika",
2025-09-30T04:01:10.884575,hava durumu,200 B+,"hava durumu son dakika, hava durumu güncel",
2025-09-30T04:01:11.385697,kpss sağlık bakanliği personel alımı,20 B+,"kpss sağlık bakanliği personel alımı son dakika, kpss sağlık bakanliği personel alımı güncel",
2025-09-30T05:01:03.942073,beşiktaş - kocaelispor,500 B+,"beşiktaş - kocaelispor güncel, beşiktaş - kocaelispor son dakika",
2025-09-30T05:01:04.443145,uzak şehir 31 bölüm izle,20 B+,"uzak şehir 31 bölüm izle son dakika, uzak şehir 31 bölüm izle güncel",
2025-09-30T05:01:04.944248,sakaryaspor - sivasspor,20 B+,"sakaryaspor - sivasspor güncel, sakaryaspor - sivasspor son dakika",
2025-09-30T05:01:05.444730,adana demirspor - sarıyer,10 B+,"adana demirspor - sarıyer güncel, adana demirspor - sarıyer son dakika",
2025-09-30T05:01:05.945917,tayfur bingöl,5 B+,"tayfur bingöl son dakika, tayfur bingöl güncel",
2025-09-30T05:01:06.447024,asgari ücret,5 B+,"asgari ücret son dakika, asgari ücret güncel",
2025-09-30T05:01:06.948141,vanspor - amed,100 B+,"vanspor - amed son dakika, vanspor - amed güncel",
2025-09-30T05:01:07.449158,hakan safi,2 B+,"hakan safi güncel, hakan safi son dakika",
2025-09-30T05:01:07.950245,güllü'nün asistanı deniz,2 B+,"güllü'nün asistanı deniz son dakika, güllü'nün asistanı deniz güncel",
2025-09-30T05:01:08.451289,xiaomi 17 pro max fiyat,2 B+,"xiaomi 17 pro max fiyat son dakika, xiaomi 17 pro max fiyat güncel",
2025-09-30T05:01:08.952437,kudus,5 B+,"kudus son dakika, kudus güncel",
2025-09-30T05:01:09.453505,sowix,500+,"sowix güncel, sowix son dakika",
2025-09-30T05:01:09.954556,hava durumu,200 B+,"hava durumu son dakika, hava durumu güncel",
2025-09-30T05:01:10.455687,everton,5 B+,"everton son dakika, everton güncel",
2025-09-30T05:01:10.956915,işkur sağlık bakanlığı,20 B+,"işkur sağlık bakanlığı son dakika, işkur sağlık bakanlığı güncel",
2025-09-30T06:01:04.938690,beşiktaş - kocaelispor,500 B+,"beşiktaş - kocaelispor son dakika, beşiktaş - kocaelispor güncel",
2025-09-30T06:01:05.439696,sakaryaspor - sivasspor,20 B+,"sakaryaspor - sivasspor son dakika, sakaryaspor - sivasspor güncel",
2025-09-30T06:01:05.940922,adana demirspor - sarıyer,10 B+,"adana demirspor - sarıyer son dakika, adana demirspor - sarıyer güncel",
2025-09-30T06:01:06.442031,uzak şehir 31 bölüm izle,20 B+,"uzak şehir 31 bölüm izle güncel, uzak şehir 31 bölüm izle son dakika",
2025-09-30T06:01:06.943138,kudus,5 B+,"kudus güncel, kudus son dakika",
2025-09-30T06:01:07.444196,tayfur bingöl,5 B+,"tayfur bingöl güncel, tayfur bingöl son dakika",
2025-09-30T06:01:07.945259,asgari ücret,5 B+,"asgari ücret güncel, asgari ücret son dakika",
2025-09-30T06:01:08.446369,vanspor - amed,100 B+,"vanspor - amed güncel, vanspor - amed son dakika",
2025-09-30T06:01:08.947539,genoa - lazio,2 B+,"genoa - lazio güncel, genoa - lazio son dakika",
2025-09-30T06:01:09.448706,güllü'nün asistanı deniz,2 B+,"güllü'nün asistanı deniz güncel, güllü'nün asistanı deniz son dakika",
2025-09-30T06:01:09.949755,sowix,1 B+,"sowix son dakika, sowix güncel",
2025-09-30T06:01:10.450959,hava durumu,200 B+,"hava durumu güncel, hava durumu son dakika",
2025-09-30T06:01:10.952106,kpss sağlık bakanliği personel alımı,20 B+,"kpss sağlık bakanliği personel alımı son dakika, kpss sağlık bakanliği personel alımı güncel",
2025-09-30T06:01:11.453239,everton,5 B+,"everton son dakika, everton güncel",
2025-09-30T06:01:11.954204,hakan safi,2 B+,"hakan safi güncel, hakan safi son dakika",
2025-09-30T07:01:05.120910,beşiktaş - kocaelispor,500 B+,"beşiktaş - kocaelispor son dakika, beşiktaş - kocaelispor güncel",
2025-09-30T07:01:05.622051,hava durumu,50 B+,"hava durumu son dakika, hava durumu güncel",
2025-09-30T07:01:06.123159,sakaryaspor - sivasspor,20 B+,"sakaryaspor - sivasspor son dakika, sakaryaspor - sivasspor güncel",
2025-09-30T07:01:06.624319,adana demirspor - sarıyer,10 B+,"adana demirspor - sarıyer güncel, adana demirspor - sarıyer son dakika",
2025-09-30T07:01:07.125426,kudus,5 B+,"kudus son dakika, kudus güncel",
2025-09-30T07:01:07.626587,vanspor - amed,100 B+,"vanspor - amed güncel, vanspor - amed son dakika",
2025-09-30T07:01:08.127176,uzak şehir 31 bölüm izle,20 B+,"uzak şehir 31 bölüm izle güncel, uzak şehir 31 bölüm izle son dakika",
2025-09-30T07:01:08.628285,nasaf - el hilal,5 B+,"nasaf - el hilal son dakika, nasaf - el hilal güncel",
2025-09-30T07:01:09.129367,arouca - porto,5 B+,"arouca - porto son dakika, arouca - porto güncel",
2025-09-30T07:01:09.630517,everton,5 B+,"everton son dakika, everton güncel",
2025-09-30T07:01:10.131682,genoa - lazio,2 B+,"genoa - lazio son dakika, genoa - lazio güncel",
2025-09-30T07:01:10.633038,tayfur bingöl,5 B+,"tayfur bingöl son dakika, tayfur bingöl güncel",
2025-09-30T07:01:11.134210,hakan safi,2 B+,"hakan safi güncel, hakan safi son dakika",
2025-09-30T07:01:11.635362,sowix,1 B+,"sowix son dakika, sowix güncel",
2025-09-30T07:01:12.136517,lazio,2 B+,"lazio güncel, lazio son dakika",
2025-09-30T08:01:03.994411,beşiktaş - kocaelispor,500 B+,"beşiktaş - kocaelispor son dakika, beşiktaş - kocaelispor güncel",
2025-09-30T08:01:04.495114,hava durumu,100 B+,"hava durumu güncel, hava durumu son dakika",
2025-09-30T08:01:04.995961,vanspor - amed,100 B+,"vanspor - amed son dakika, vanspor - amed güncel",
2025-09-30T08:01:05.496905,sakaryaspor - sivasspor,20 B+,"sakaryaspor - sivasspor son dakika, sakaryaspor - sivasspor güncel",
2025-09-30T08:01:05.997828,uzak şehir 31 bölüm izle,20 B+,"uzak şehir 31 bölüm izle son dakika, uzak şehir 31 bölüm izle güncel",
2025-09-30T08:01:06.498254,adana demirspor - sarıyer,10 B+,"adana demirspor - sarıyer son dakika, adana demirspor - sarıyer güncel",
2025-09-30T08:01:06.999183,kudus,5 B+,"kudus güncel, kudus son dakika",
2025-09-30T08:01:07.500267,tayfur bingöl,5 B+,"tayfur bingöl son dakika, tayfur bingöl güncel",
2025-09-30T08:01:08.001369,nasaf - el hilal,5 B+,"nasaf - el hilal son dakika, nasaf - el hilal güncel",
2025-09-30T08:01:08.502380,everton,10 B+,"everton son dakika, everton güncel",
2025-09-30T08:01:09.003459,genoa - lazio,2 B+,"genoa - lazio son dakika, genoa - lazio güncel",
2025-09-30T08:01:09.504550,arouca - porto,5 B+,"arouca - porto güncel, arouca - porto son dakika",
2025-09-30T08:01:10.005648,gaziantep hava durumu,2 B+,"gaziantep hava durumu son dakika, gaziantep hava durumu güncel",
2025-09-30T08:01:10.506743,hakan safi,2 B+,"hakan safi güncel, hakan safi son dakika",
2025-09-30T08:01:11.007837,sowix,1 B+,"sowix güncel, sowix son dakika",
2025-09-30T09:01:04.815490,beşiktaş - kocaelispor,500 B+,"beşiktaş - kocaelispor güncel, beşiktaş - kocaelispor son dakika",
2025-09-30T09:01:05.316260,uzak şehir 31 bölüm izle,20 B+,"uzak şehir 31 bölüm izle son dakika, uzak şehir 31 bölüm izle güncel",
2025-09-30T09:01:05.817401,hava durumu,200 B+,"hava durumu son dakika, hava durumu güncel",
2025-09-30T09:01:06.318561,sakaryaspor - sivasspor,20 B+,"sakaryaspor - sivasspor son dakika, sakaryaspor - sivasspor güncel",
2025-09-30T09:01:06.819706,kudus,5 B+,"kudus son dakika, kudus güncel",
2025-09-30T09:01:07.320829,adana demirspor - sarıyer,10 B+,"adana demirspor - sarıyer son dakika, adana demirspor - sarıyer güncel",
2025-09-30T09:01:07.822008,tayfur bingöl,5 B+,"tayfur bingöl güncel, tayfur bingöl son dakika",
2025-09-30T09:01:08.322816,nasaf - el hilal,5 B+,"nasaf - el hilal güncel, nasaf - el hilal son dakika",
2025-09-30T09:01:08.824107,genoa - lazio,2 B+,"genoa - lazio güncel, genoa - lazio son dakika",
2025-09-30T09:01:09.325281,arouca - porto,5 B+,"arouca - porto son dakika, arouca - porto güncel",
2025-09-30T09:01:09.826405,hakan safi,2 B+,"hakan safi güncel, hakan safi son dakika",
2025-09-30T09:01:10.327507,işkur gençlik programı,2 B+,"işkur gençlik programı son dakika, işkur gençlik programı güncel",
2025-09-30T09:01:10.828602,gaziantep hava durumu,2 B+,"gaziantep hava durumu güncel, gaziantep hava durumu son dakika",
2025-09-30T09:01:11.329560,xiaomi 17 pro max fiyat,2 B+,"xiaomi 17 pro max fiyat güncel, xiaomi 17 pro max fiyat son dakika",
2025-09-30T09:01:11.830682,malatya hava durumu,1 B+,"malatya hava durumu güncel, malatya hava durumu son dakika",
2025-09-30T10:01:05.899908,beşiktaş - kocaelispor,500 B+,"beşiktaş - kocaelispor son dakika, beşiktaş - kocaelispor güncel",
2025-09-30T10:01:06.401063,uzak şehir 31 bölüm izle,20 B+,"uzak şehir 31 bölüm izle son dakika, uzak şehir 31 bölüm izle güncel",
2025-09-30T10:01:06.901998,sakaryaspor - sivasspor,20 B+,"sakaryaspor - sivasspor son dakika, sakaryaspor - sivasspor güncel",
2025-09-30T10:01:07.403027,hava durumu,200 B+,"hava durumu güncel, hava durumu son dakika",
2025-09-30T10:01:07.903793,tayfur bingöl,5 B+,"tayfur bingöl güncel, tayfur bingöl son dakika",
2025-09-30T10:01:08.405008,adana demirspor - sarıyer,10 B+,"adana demirspor - sarıyer güncel, adana demirspor - sarıyer son dakika",
2025-09-30T10:01:08.906173,nasaf - el hilal,5 B+,"nasaf - el hilal güncel, nasaf - el hilal son dakika",
2025-09-30T10:01:09.407326,genoa - lazio,2 B+,"genoa - lazio güncel, genoa - lazio son dakika",
2025-09-30T10:01:09.908497,işkur gençlik programı,5 B+,"işkur gençlik programı son dakika, işkur gençlik programı güncel",
2025-09-30T10:01:10.409444,hakan safi,2 B+,"hakan safi güncel, hakan safi son dakika",
2025-09-30T10:01:10.910186,xiaomi 17 pro max fiyat,2 B+,"xiaomi 17 pro max fiyat son dakika, xiaomi 17 pro max fiyat güncel",
2025-09-30T10:01:11.411261,vanspor - amed,100 B+,"vanspor - amed güncel, vanspor - amed son dakika",
2025-09-30T10:01:11.912353,asgari ücret zammı,5 B+,"asgari ücret zammı son dakika, asgari ücret zammı güncel",
2025-09-30T10:01:12.413509,toki,5 B+,"toki son dakika, toki güncel",
2025-09-30T10:01:12.914735,arouca - porto,5 B+,"arouca - porto güncel, arouca - porto son dakika",
2025-09-30T11:01:05.096541,beşiktaş - kocaelispor,500 B+,"beşiktaş - kocaelispor son dakika, beşiktaş - kocaelispor güncel",
2025-09-30T11:01:05.597677,uzak şehir 31 bölüm izle,20 B+,"uzak şehir 31 bölüm izle güncel, uzak şehir 31 bölüm izle son dakika",
2025-09-30T11:01:06.098790,sakaryaspor - sivasspor,20 B+,"sakaryaspor - sivasspor son dakika, sakaryaspor - sivasspor güncel",
2025-09-30T11:01:06.600033,tayfur bingöl,5 B+,"tayfur bingöl son dakika, tayfur bingöl güncel",
2025-09-30T11:01:07.101200,adana demirspor - sarıyer,10 B+,"adana demirspor - sarıyer son dakika, adana demirspor - sarıyer güncel",
2025-09-30T11:01:07.601958,hava durumu,200 B+,"hava durumu son dakika, hava durumu güncel",
2025-09-30T11:01:08.103131,işkur gençlik programı,5 B+,"işkur gençlik programı son dakika, işkur gençlik programı güncel",
2025-09-30T11:01:08.604296,tüpraş temettü,2 B+,"tüpraş temettü son dakika, tüpraş temettü güncel",
2025-09-30T11:01:09.105457,nasaf - el hilal,5 B+,"nasaf - el hilal son dakika, nasaf - el hilal güncel",
2025-09-30T11:01:09.606605,toki,5 B+,"toki son dakika, toki güncel",
2025-09-30T11:01:10.107756,hakan safi,2 B+,"hakan safi son dakika, hakan safi güncel",
2025-09-30T11:01:10.609038,asgari ücret zammı,5 B+,"asgari ücret zammı son dakika, asgari ücret zammı güncel",
2025-09-30T11:01:11.110207,atv canlı yayın izle 2025,1 B+,"atv canlı yayın izle 2025 güncel, atv canlı yayın izle 2025 son dakika",
2025-09-30T11:01:11.611359,vanspor - amed,100 B+,"vanspor - amed son dakika, vanspor - amed güncel",
2025-09-30T11:01:12.112458,xiaomi 17 pro max fiyat,2 B+,"xiaomi 17 pro max fiyat son dakika, xiaomi 17 pro max fiyat güncel",
2025-09-30T12:01:04.203591,beşiktaş - kocaelispor,500 B+,"beşiktaş - kocaelispor son dakika, beşiktaş - kocaelispor güncel",
2025-09-30T12:01:04.704701,uzak şehir 31 bölüm izle,20 B+,"uzak şehir 31 bölüm izle güncel, uzak şehir 31 bölüm izle son dakika",
2025-09-30T12:01:05.205741,tayfur bingöl,5 B+,"tayfur bingöl son dakika, tayfur bingöl güncel",
2025-09-30T12:01:05.706785,işkur gençlik programı,5 B+,"işkur gençlik programı güncel, işkur gençlik programı son dakika",
2025-09-30T12:01:06.207993,hava durumu,200 B+,"hava durumu son dakika, hava durumu güncel",
2025-09-30T12:01:06.709117,toki,5 B+,"toki güncel, toki son dakika",
2025-09-30T12:01:07.210255,asgari ücret zammı,5 B+,"asgari ücret zammı güncel, asgari ücret zammı son dakika",
2025-09-30T12:01:07.711387,tüpraş temettü,2 B+,"tüpraş temettü güncel, tüpraş temettü son dakika",
2025-09-30T12:01:08.212518,vanspor - amed,100 B+,"vanspor - amed son dakika, vanspor - amed güncel",
2025-09-30T12:01:08.713643,yds başvuru,500+,"yds başvuru güncel, yds başvuru son dakika",
2025-09-30T12:01:09.214766,we soda ciner,500+,"we soda ciner güncel, we soda ciner son dakika",
2025-09-30T12:01:09.715975,sağlık bakanlığı sürekli işçi alımı,5 B+,"sağlık bakanlığı sürekli işçi alımı güncel, sağlık bakanlığı sürekli işçi alımı son dakika",
2025-09-30T12:01:10.217121,sakaryaspor - sivasspor,20 B+,"sakaryaspor - sivasspor son dakika, sakaryaspor - sivasspor güncel",
2025-09-30T12:01:10.718253,aski su kesintileri,2 B+,"aski su kesintileri son dakika, aski su kesintileri güncel",
2025-09-30T12:01:11.219365,euroleague,2 B+,"euroleague son dakika, euroleague güncel",
2025-09-30T13:01:04.218987,beşiktaş - kocaelispor,500 B+,"beşiktaş - kocaelispor son dakika, beşiktaş - kocaelispor güncel",
2025-09-30T13:01:04.720023,uzak şehir 31 bölüm izle,50 B+,"uzak şehir 31 bölüm izle güncel, uzak şehir 31 bölüm izle son dakika",
2025-09-30T13:01:05.221069,tayfur bingöl,5 B+,"tayfur bingöl güncel, tayfur bingöl son dakika",
2025-09-30T13:01:05.722159,işkur gençlik programı,5 B+,"işkur gençlik programı güncel, işkur gençlik programı son dakika",
2025-09-30T13:01:06.223198,toki,10 B+,"toki güncel, toki son dakika",
2025-09-30T13:01:06.724344,asgari ücret zammı,5 B+,"asgari ücret zammı güncel, asgari ücret zammı son dakika",
2025-09-30T13:01:07.225504,hava durumu,200 B+,"hava durumu son dakika, hava durumu güncel",
2025-09-30T13:01:07.726657,tüpraş temettü,2 B+,"tüpraş temettü son dakika, tüpraş temettü güncel",
2025-09-30T13:01:08.227820,xiaomi 17 pro max fiyat,2 B+,"xiaomi 17 pro max fiyat güncel, xiaomi 17 pro max fiyat son dakika",
2025-09-30T13:01:08.729100,we soda ciner,1 B+,"we soda ciner güncel, we soda ciner son dakika",
2025-09-30T13:01:09.230258,yds başvuru,1 B+,"yds başvuru güncel, yds başvuru son dakika",
2025-09-30T13:01:09.731416,vanspor - amed,100 B+,"vanspor - amed güncel, vanspor - amed son dakika",
2025-09-30T13:01:10.232586,sağlık bakanlığı sürekli işçi alımı,5 B+,"sağlık bakanlığı sürekli işçi alımı son dakika, sağlık bakanlığı sürekli işçi alımı güncel",
2025-09-30T13:01:10.733651,euroleague,2 B+,"euroleague son dakika, euroleague güncel",
2025-09-30T13:01:11.234661,sakaryaspor - sivasspor,20 B+,"sakaryaspor - sivasspor güncel, sakaryaspor - sivasspor son dakika",
2025-09-30T14:01:04.123433,beşiktaş - kocaelispor,500 B+,"beşiktaş - kocaelispor güncel, beşiktaş - kocaelispor son dakika",
2025-09-30T14:01:04.624200,uzak şehir 31 bölüm izle,50 B+,"uzak şehir 31 bölüm izle son dakika, uzak şehir 31 bölüm izle güncel",
2025-09-30T14:01:05.125114,toki,10 B+,"toki son dakika, toki güncel",
2025-09-30T14:01:05.626206,tayfur bingöl,10 B+,"tayfur bingöl güncel, tayfur bingöl son dakika",
2025-09-30T14:01:06.127362,işkur gençlik programı,5 B+,"işkur gençlik programı güncel, işkur gençlik programı son dakika",
2025-09-30T14:01:06.628242,asgari ücret zammı,5 B+,"asgari ücret zammı güncel, asgari ücret zammı son dakika",
2025-09-30T14:01:07.129421,hava durumu,200 B+,"hava durumu güncel, hava durumu son dakika",
2025-09-30T14:01:07.630475,sağlık bakanlığı sürekli işçi alımı,5 B+,"sağlık bakanlığı sürekli işçi alımı son dakika, sağlık bakanlığı sürekli işçi alımı güncel",
2025-09-30T14:01:08.131621,yds başvuru,1 B+,"yds başvuru son dakika, yds başvuru güncel",
2025-09-30T14:01:08.632786,tüpraş temettü,2 B+,"tüpraş temettü son dakika, tüpraş temettü güncel",
2025-09-30T14:01:09.134046,xiaomi 17 pro max fiyat,2 B+,"xiaomi 17 pro max fiyat son dakika, xiaomi 17 pro max fiyat güncel",
2025-09-30T14:01:09.635190,vanspor - amed,100 B+,"vanspor - amed son dakika, vanspor - amed güncel",
2025-09-30T14:01:10.136399,euroleague,2 B+,"euroleague güncel, euroleague son dakika",
2025-09-30T14:01:10.637451,şehit,1 B+,"şehit son dakika, şehit güncel",
2025-09-30T14:01:11.138060,ciner grubu,1 B+,"ciner grubu son dakika, ciner grubu güncel",
2025-09-30T15:01:04.912420,beşiktaş - kocaelispor,500 B+,"beşiktaş - kocaelispor son dakika, beşiktaş - kocaelispor güncel",
2025-09-30T15:01:05.413457,uzak şehir 31 bölüm izle,50 B+,"uzak şehir 31 bölüm izle güncel, uzak şehir 31 bölüm izle son dakika",
2025-09-30T15:01:05.914500,tayfur bingöl,10 B+,"tayfur bingöl güncel, tayfur bingöl son dakika",
2025-09-30T15:01:06.415500,toki,10 B+,"toki güncel, toki son dakika",
2025-09-30T15:01:06.916434,asgari ücret zammı,5 B+,"asgari ücret zammı güncel, asgari ücret zammı son dakika",
2025-09-30T15:01:07.417229,işkur gençlik programı,5 B+,"işkur gençlik programı güncel, işkur gençlik programı son dakika",
2025-09-30T15:01:07.918393,hava durumu,200 B+,"hava durumu son dakika, hava durumu güncel",
2025-09-30T15:01:08.419445,tüpraş temettü,2 B+,"tüpraş temettü son dakika, tüpraş temettü güncel",
2025-09-30T15:01:08.920596,sağlık bakanlığı sürekli işçi alımı,5 B+,"sağlık bakanlığı sürekli işçi alımı güncel, sağlık bakanlığı sürekli işçi alımı son dakika",
2025-09-30T15:01:09.421636,euroleague,2 B+,"euroleague güncel, euroleague son dakika",
2025-09-30T15:01:09.922792,yds başvuru,1 B+,"yds başvuru güncel, yds başvuru son dakika",
2025-09-30T15:01:10.423978,şehit,1 B+,"şehit son dakika, şehit güncel",
2025-09-30T15:01:10.924722,vanspor - amed,100 B+,"vanspor - amed güncel, vanspor - amed son dakika",
2025-09-30T15:01:11.425328,30 eylül ne günü,500+,"30 eylül ne günü güncel, 30 eylül ne günü son dakika",
2025-09-30T15:01:11.926382,sakaryaspor - sivasspor,20 B+,"sakaryaspor - sivasspor güncel, sakaryaspor - sivasspor son dakika",
2025-09-30T16:01:05.452219,beşiktaş - kocaelispor,500 B+,"beşiktaş - kocaelispor güncel, beşiktaş - kocaelispor son dakika",
2025-09-30T16:01:05.953393,uzak şehir 31 bölüm izle,50 B+,"uzak şehir 31 bölüm izle güncel, uzak şehir 31 bölüm izle son dakika",
2025-09-30T16:01:06.454561,tayfur bingöl,10 B+,"tayfur bingöl güncel, tayfur bingöl son dakika",
2025-09-30T16:01:06.955615,toki 500 bin sosyal konut projesi,10 B+,"toki 500 bin sosyal konut projesi güncel, toki 500 bin sosyal konut projesi son dakika",
2025-09-30T16:01:07.456743,asgari ücret zammı,5 B+,"asgari ücret zammı son dakika, asgari ücret zammı güncel",
2025-09-30T16:01:07.957793,işkur gençlik programı,5 B+,"işkur gençlik programı son dakika, işkur gençlik programı güncel",
2025-09-30T16:01:08.458984,sağlık bakanlığı sürekli işçi alımı,5 B+,"sağlık bakanlığı sürekli işçi alımı güncel, sağlık bakanlığı sürekli işçi alımı son dakika",
2025-09-30T16:01:08.960160,tüpraş temettü,2 B+,"tüpraş temettü güncel, tüpraş temettü son dakika",
2025-09-30T16:01:09.461331,hava durumu,200 B+,"hava durumu son dakika, hava durumu güncel",
2025-09-30T16:01:09.962486,euroleague,2 B+,"euroleague son dakika, euroleague güncel",
2025-09-30T16:01:10.463585,hayrabolu,500+,"hayrabolu güncel, hayrabolu son dakika",
2025-09-30T16:01:10.964690,iddia,1 B+,"iddia son dakika, iddia güncel",
2025-09-30T16:01:11.465796,vanspor - amed,100 B+,"vanspor - amed son dakika, vanspor - amed güncel",
2025-09-30T16:01:11.967027,şehit,500+,"şehit son dakika, şehit güncel",
2025-09-30T16:01:12.468191,aski su kesintileri,1 B+,"aski su kesintileri son dakika, aski su kesintileri güncel",
2025-09-30T17:01:04.407688,beşiktaş - kocaelispor,500 B+,"beşiktaş - kocaelispor son dakika, beşiktaş - kocaelispor güncel",
2025-09-30T17:01:04.908803,gs liverpool,50 B+,"gs liverpool güncel, gs liverpool son dakika",
2025-09-30T17:01:05.409948,uzak şehir 31 bölüm izle,50 B+,"uzak şehir 31 bölüm izle güncel, uzak şehir 31 bölüm izle son dakika",
2025-09-30T17:01:05.911115,tayfur bingöl,10 B+,"tayfur bingöl güncel, tayfur bingöl son dakika",
2025-09-30T17:01:06.412130,asgari ücret zammı,10 B+,"asgari ücret zammı güncel, asgari ücret zammı son dakika",
2025-09-30T17:01:06.913333,toki,10 B+,"toki güncel, toki son dakika",
2025-09-30T17:01:07.414074,işkur gençlik programı,5 B+,"işkur gençlik programı güncel, işkur gençlik programı son dakika",
2025-09-30T17:01:07.915208,sarı kodlu uyarı,200 B+,"sarı kodlu uyarı güncel, sarı kodlu uyarı son dakika",
2025-09-30T17:01:08.416347,sağlık bakanlığı sürekli işçi alımı,5 B+,"sağlık bakanlığı sürekli işçi alımı güncel, sağlık bakanlığı sürekli işçi alımı son dakika",
2025-09-30T17:01:08.917491,engelli emeklilik,500+,"engelli emeklilik güncel, engelli emeklilik son dakika",
2025-09-30T17:01:09.418573,euroleague,2 B+,"euroleague son dakika, euroleague güncel",
2025-09-30T17:01:09.919732,tüpraş temettü,2 B+,"tüpraş temettü son dakika, tüpraş temettü güncel",
2025-09-30T17:01:10.420901,iddia,1 B+,"iddia güncel, iddia son dakika",
2025-09-30T17:01:10.922039,şehit,1 B+,"şehit son dakika, şehit güncel",
2025-09-30T17:01:11.422926,aski su kesintileri,1 B+,"aski su kesintileri güncel, aski su kesintileri son dakika",
2025-09-30T18:01:05.065112,beşiktaş - kocaelispor,500 B+,"beşiktaş - kocaelispor güncel, beşiktaş - kocaelispor son dakika",
2025-09-30T18:01:05.566137,gs liverpool,50 B+,"gs liverpool güncel, gs liverpool son dakika",
2025-09-30T18:01:06.067239,uzak şehir 31 bölüm izle,50 B+,"uzak şehir 31 bölüm izle güncel, uzak şehir 31 bölüm izle son dakika",
2025-09-30T18:01:06.568389,asgari ücret zammı,10 B+,"asgari ücret zammı son dakika, asgari ücret zammı güncel",
2025-09-30T18:01:07.069516,tayfur bingöl,10 B+,"tayfur bingöl güncel, tayfur bingöl son dakika",
2025-09-30T18:01:07.570683,toki 500 bin sosyal konut projesi,20 B+,"toki 500 bin sosyal konut projesi son dakika, toki 500 bin sosyal konut projesi güncel",
2025-09-30T18:01:08.071767,işkur gençlik programı,5 B+,"işkur gençlik programı güncel, işkur gençlik programı son dakika",
2025-09-30T18:01:08.572821,hüseyin günay,2 B+,"hüseyin günay son dakika, hüseyin günay güncel",
2025-09-30T18:01:09.074120,sarı kodlu uyarı,200 B+,"sarı kodlu uyarı son dakika, sarı kodlu uyarı güncel",
2025-09-30T18:01:09.575279,yds başvuru,2 B+,"yds başvuru son dakika, yds başvuru güncel",
2025-09-30T18:01:10.076423,sağlık bakanlığı sürekli işçi alımı,5 B+,"sağlık bakanlığı sürekli işçi alımı güncel, sağlık bakanlığı sürekli işçi alımı son dakika",
2025-09-30T18:01:10.577519,euroleague,2 B+,"euroleague son dakika, euroleague güncel",
2025-09-30T18:01:11.078668,iddia,2 B+,"iddia son dakika, iddia güncel",
2025-09-30T18:01:11.579826,tüpraş temettü,2 B+,"tüpraş temettü son dakika, tüpraş temettü güncel",
2025-09-30T18:01:12.081127,fc kairat almaty vs real madrid timeline,500+,"fc kairat almaty vs real madrid timeline son dakika, fc kairat almaty vs real madrid timeline güncel",
2025-09-30T19:01:06.605653,gs liverpool,50 B+,"gs liverpool güncel, gs liverpool son dakika",
2025-09-30T19:01:07.106703,uzak şehir 31 bölüm izle,50 B+,"uzak şehir 31 bölüm izle son dakika, uzak şehir 31 bölüm izle güncel",
2025-09-30T19:01:07.607830,asgari ücret zammı,10 B+,"asgari ücret zammı son dakika, asgari ücret zammı güncel",
2025-09-30T19:01:08.109038,tayfur bingöl,10 B+,"tayfur bingöl son dakika, tayfur bingöl güncel",
2025-09-30T19:01:08.610006,toki 500 bin sosyal konut projesi,20 B+,"toki 500 bin sosyal konut projesi son dakika, toki 500 bin sosyal konut projesi güncel",
2025-09-30T19:01:09.111127,hüseyin günay,2 B+,"hüseyin günay son dakika, hüseyin günay güncel",
2025-09-30T19:01:09.611796,işkur gençlik programı,5 B+,"işkur gençlik programı son dakika, işkur gençlik programı güncel",
2025-09-30T19:01:10.112951,sarı kodlu uyarı,200 B+,"sarı kodlu uyarı son dakika, sarı kodlu uyarı güncel",
2025-09-30T19:01:10.613356,sağlık bakanlığı sürekli işçi alımı,5 B+,"sağlık bakanlığı sürekli işçi alımı güncel, sağlık bakanlığı sürekli işçi alımı son dakika",
2025-09-30T19:01:11.114512,engelli emeklilik,1 B+,"engelli emeklilik güncel, engelli emeklilik son dakika",
2025-09-30T19:01:11.615161,buski,1 B+,"buski güncel, buski son dakika",
2025-09-30T19:01:12.116204,iddia,2 B+,"iddia son dakika, iddia güncel",
2025-09-30T19:01:12.617126,tüik,1 B+,"tüik güncel, tüik son dakika",
2025-09-30T19:01:13.118314,yds başvuru,2 B+,"yds başvuru son dakika, yds başvuru güncel",
2025-09-30T19:01:13.619220,beşiktaş,200 B+,"beşiktaş güncel, beşiktaş son dakika",
2025-09-30T20:01:10.460794,kairat - real madrid,50 B+,"kairat - real madrid son dakika, kairat - real madrid güncel",
2025-09-30T20:01:10.961809,gs liverpool,100 B+,"gs liverpool güncel, gs liverpool son dakika",
2025-09-30T20:01:11.462970,uzak şehir 31 bölüm izle,50 B+,"uzak şehir 31 bölüm izle güncel, uzak şehir 31 bölüm izle son dakika",
2025-09-30T20:01:11.964041,كيرات ضد الريال,5 B+,"كيرات ضد الريال son dakika, كيرات ضد الريال güncel",
2025-09-30T20:01:12.465183,atalanta - club brugge,2 B+,"atalanta - club brugge son dakika, atalanta - club brugge güncel",
2025-09-30T20:01:12.966248,asgari ücret zammı,10 B+,"asgari ücret zammı güncel, asgari ücret zammı son dakika",
2025-09-30T20:01:13.467360,toki 500 bin sosyal konut projesi,20 B+,"toki 500 bin sosyal konut projesi son dakika, toki 500 bin sosyal konut projesi güncel",
2025-09-30T20:01:13.968512,hüseyin günay,2 B+,"hüseyin günay son dakika, hüseyin günay güncel",
2025-09-30T20:01:14.469660,buski,2 B+,"buski güncel, buski son dakika",
2025-09-30T20:01:14.971055,sarı kodlu uyarı,200 B+,"sarı kodlu uyarı güncel, sarı kodlu uyarı son dakika",
2025-09-30T20:01:15.472093,iptv,5 B+,"iptv güncel, iptv son dakika",
2025-09-30T20:01:15.973011,yds başvuru,2 B+,"yds başvuru son dakika, yds başvuru güncel",
2025-09-30T20:01:16.474125,sağlık bakanlığı sürekli işçi alımı,5 B+,"sağlık bakanlığı sürekli işçi alımı son dakika, sağlık bakanlığı sürekli işçi alımı güncel",
2025-09-30T20:01:16.975158,engelli emeklilik,2 B+,"engelli emeklilik güncel, engelli emeklilik son dakika",
2025-09-30T20:01:17.476259,kairat vs real madrid,1 B+,"kairat vs real madrid son dakika, kairat vs real madrid güncel",
2025-09-30T21:01:04.708122,kairat - real madrid,100 B+,"kairat - real madrid güncel, kairat - real madrid son dakika",
2025-09-30T21:01:05.209356,كيرات ضد الريال,10 B+,"كيرات ضد الريال güncel, كيرات ضد الريال son dakika",
2025-09-30T21:01:05.710453,atalanta - club brugge,10 B+,"atalanta - club brugge son dakika, atalanta - club brugge güncel",
2025-09-30T21:01:06.211339,real madrid,20 B+,"real madrid son dakika, real madrid güncel",
2025-09-30T21:01:06.712441,uzak şehir 32 bölüm fragmanı,20 B+,"uzak şehir 32 bölüm fragmanı son dakika, uzak şehir 32 bölüm fragmanı güncel",
2025-09-30T21:01:07.213624,hüseyin günay,5 B+,"hüseyin günay son dakika, hüseyin günay güncel",
2025-09-30T21:01:07.714745,asgari ücret zammı,10 B+,"asgari ücret zammı güncel, asgari ücret zammı son dakika",
2025-09-30T21:01:08.215929,toki 500 bin sosyal konut projesi,20 B+,"toki 500 bin sosyal konut projesi son dakika, toki 500 bin sosyal konut projesi güncel",
2025-09-30T21:01:08.717109,gediz elektrik kesintisi,2 B+,"gediz elektrik kesintisi son dakika, gediz elektrik kesintisi güncel",
2025-09-30T21:01:09.218132,anadolu efes - makkabi tel aviv,2 B+,"anadolu efes - makkabi tel aviv güncel, anadolu efes - makkabi tel aviv son dakika",
2025-09-30T21:01:09.719064,sarı kodlu uyarı,200 B+,"sarı kodlu uyarı güncel, sarı kodlu uyarı son dakika",
2025-09-30T21:01:10.220220,buski,5 B+,"buski güncel, buski son dakika",
2025-09-30T21:01:10.721358,кайрат – реал мадрид,2 B+,"кайрат – реал мадрид son dakika, кайрат – реал мадрид güncel",
2025-09-30T21:01:11.222504,yds başvuru,2 B+,"yds başvuru güncel, yds başvuru son dakika",
2025-09-30T21:01:11.723603,real madrid cf,2 B+,"real madrid cf güncel, real madrid cf son dakika",
2025-09-30T22:01:04.942622,kairat - real madrid,200 B+,"kairat - real madrid son dakika, kairat - real madrid güncel",
2025-09-30T22:01:05.443386,real madrid,50 B+,"real madrid güncel, real madrid son dakika",
2025-09-30T22:01:05.944507,chelsea - benfica,10 B+,"chelsea - benfica son dakika, chelsea - benfica güncel",
2025-09-30T22:01:06.445677,atletico madrid - eintracht frankfurt,5 B+,"atletico madrid - eintracht frankfurt son dakika, atletico madrid - eintracht frankfurt güncel",
2025-09-30T22:01:06.946799,كيرات ضد الريال,10 B+,"كيرات ضد الريال son dakika, كيرات ضد الريال güncel",
2025-09-30T22:01:07.447911,atalanta - club brugge,10 B+,"atalanta - club brugge güncel, atalanta - club brugge son dakika",
2025-09-30T22:01:07.949062,uzak şehir 32 bölüm fragmanı,20 B+,"uzak şehir 32 bölüm fragmanı güncel, uzak şehir 32 bölüm fragmanı son dakika",
2025-09-30T22:01:08.450211,atalanta,5 B+,"atalanta son dakika, atalanta güncel",
2025-09-30T22:01:08.951181,hüseyin günay,5 B+,"hüseyin günay güncel, hüseyin günay son dakika",
2025-09-30T22:01:09.452049,real madrid cf,10 B+,"real madrid cf güncel, real madrid cf son dakika",
2025-09-30T22:01:09.953159,anadolu efes - makkabi tel aviv,5 B+,"anadolu efes - makkabi tel aviv güncel, anadolu efes - makkabi tel aviv son dakika",
2025-09-30T22:01:10.454100,toki 500 bin sosyal konut projesi,5 B+,"toki 500 bin sosyal konut projesi son dakika, toki 500 bin sosyal konut projesi güncel",
2025-09-30T22:01:10.955223,asgari ücret zammı,5 B+,"asgari ücret zammı son dakika, asgari ücret zammı güncel",
2025-09-30T22:01:11.456354,kairat vs real madrid,5 B+,"kairat vs real madrid son dakika, kairat vs real madrid güncel",
2025-09-30T22:01:11.957506,trt 1 yayın akışı,10 B+,"trt 1 yayın akışı güncel, trt 1 yayın akışı son dakika",
2025-09-30T23:01:05.498052,trt1 canlı,1 Mn+,"trt1 canlı güncel, trt1 canlı son dakika",
2025-09-30T23:01:05.998887,kairat - real madrid,200 B+,"kairat - real madrid son dakika, kairat - real madrid güncel",
2025-09-30T23:01:06.499686,atletico madrid - eintracht frankfurt,20 B+,"atletico madrid - eintracht frankfurt güncel, atletico madrid - eintracht frankfurt son dakika",
2025-09-30T23:01:07.000817,chelsea - benfica,20 B+,"chelsea - benfica güncel, chelsea - benfica son dakika",
2025-09-30T23:01:07.502056,trt 1 yayın akışı,20 B+,"trt 1 yayın akışı son dakika, trt 1 yayın akışı güncel",
2025-09-30T23:01:08.003147,selçuksports,20 B+,"selçuksports son dakika, selçuksports güncel",
2025-09-30T23:01:08.504243,pafos - bayern münih,10 B+,"pafos - bayern münih güncel, pafos - bayern münih son dakika",
2025-09-30T23:01:09.005343,inter - slavia prag,5 B+,"inter - slavia prag son dakika, inter - slavia prag güncel",
2025-09-30T23:01:09.506455,كيرات ضد الريال,20 B+,"كيرات ضد الريال son dakika, كيرات ضد الريال güncel",
2025-09-30T23:01:10.007371,show tv canlı yayın,10 B+,"show tv canlı yayın güncel, show tv canlı yayın son dakika",
2025-09-30T23:01:10.508457,uzak şehir 32 bölüm fragmanı,20 B+,"uzak şehir 32 bölüm fragmanı son dakika, uzak şehir 32 bölüm fragmanı güncel",
2025-09-30T23:01:11.009558,victor osimhen,5 B+,"victor osimhen güncel, victor osimhen son dakika",
2025-09-30T23:01:11.510668,anadolu efes - makkabi tel aviv,10 B+,"anadolu efes - makkabi tel aviv son dakika, anadolu efes - makkabi tel aviv güncel",
2025-09-30T23:01:12.011779,atalanta - club brugge,20 B+,"atalanta - club brugge son dakika, atalanta - club brugge güncel",
2025-09-30T23:01:12.512942,van dijk,5 B+,"van dijk son dakika, van dijk güncel",
2025-10-01T00:01:06.972719,trt1 canlı,2 Mn+,"trt1 canlı güncel, trt1 canlı son dakika",
2025-10-01T00:01:07.473293,kairat - real madrid,200 B+,"kairat - real madrid son dakika, kairat - real madrid güncel",
2025-10-01T00:01:07.974184,atletico madrid - eintracht frankfurt,20 B+,"atletico madrid - eintracht frankfurt güncel, atletico madrid - eintracht frankfurt son dakika",
2025-10-01T00:01:08.475106,chelsea - benfica,20 B+,"chelsea - benfica son dakika, chelsea - benfica güncel",
2025-10-01T00:01:08.976029,salah,10 B+,"salah son dakika, salah güncel",
2025-10-01T00:01:09.477080,inter - slavia prag,10 B+,"inter - slavia prag güncel, inter - slavia prag son dakika",
2025-10-01T00:01:09.978081,pafos - bayern münih,10 B+,"pafos - bayern münih son dakika, pafos - bayern münih güncel",
2025-10-01T00:01:10.479064,trt 1 yayın akışı,50 B+,"trt 1 yayın akışı son dakika, trt 1 yayın akışı güncel",
2025-10-01T00:01:10.979997,chelsea,10 B+,"chelsea güncel, chelsea son dakika",
2025-10-01T00:01:11.480968,osimhen,10 B+,"osimhen son dakika, osimhen güncel",
2025-10-01T00:01:11.981330,isak,5 B+,"isak güncel, isak son dakika",
2025-10-01T00:01:12.482220,hüseyin günay,10 B+,"hüseyin günay güncel, hüseyin günay son dakika",
2025-10-01T00:01:12.983287,szoboszlai,5 B+,"szoboszlai güncel, szoboszlai son dakika",
2025-10-01T00:01:13.484213,alisson,5 B+,"alisson son dakika, alisson güncel",
2025-10-01T00:01:13.985296,marsilya - ajax,5 B+,"marsilya - ajax son dakika, marsilya - ajax güncel",
2025-10-01T01:01:04.911037,kairat - real madrid,200 B+,"kairat - real madrid son dakika, kairat - real madrid güncel",
2025-10-01T01:01:05.412092,chelsea - benfica,50 B+,"chelsea - benfica son dakika, chelsea - benfica güncel",
2025-10-01T01:01:05.913252,atletico madrid - eintracht frankfurt,20 B+,"atletico madrid - eintracht frankfurt son dakika, atletico madrid - eintracht frankfurt güncel",
2025-10-01T01:01:06.414265,chelsea,20 B+,"chelsea güncel, chelsea son dakika",
2025-10-01T01:01:06.915171,inter - slavia prag,20 B+,"inter - slavia prag güncel, inter - slavia prag son dakika",
2025-10-01T01:01:07.416118,atletico madrid,20 B+,"atletico madrid son dakika, atletico madrid güncel",
2025-10-01T01:01:07.917309,bodø/glimt - tottenham,10 B+,"bodø/glimt - tottenham güncel, bodø/glimt - tottenham son dakika",
2025-10-01T01:01:08.418473,pafos - bayern münih,20 B+,"pafos - bayern münih güncel, pafos - bayern münih son dakika",
2025-10-01T01:01:08.919553,salah,20 B+,"salah güncel, salah son dakika",
2025-10-01T01:01:09.420483,hüseyin günay,10 B+,"hüseyin günay son dakika, hüseyin günay güncel",
2025-10-01T01:01:09.921671,trt spor,20 B+,"maç trt spor, sonuç trt spor, trt spor son dakika, trt spor maç, skor trt spor","haber trt spor haberleri, trt spor lig son dakika, lig trt spor haberleri, trt spor haber son dakika, takım trt spor haberleri"
2025-10-01T01:01:10.422467,bahar 52 bölüm izle,20 B+,"bahar 52 bölüm izle güncel, bahar 52 bölüm izle son dakika",
2025-10-01T01:01:10.923659,marsilya - ajax,5 B+,"marsilya - ajax son dakika, marsilya - ajax güncel",
2025-10-01T01:01:11.424365,mamardashvili,10 B+,"mamardashvili son dakika, mamardashvili güncel",
2025-10-01T01:01:11.925507,toki 500 bin sosyal konut projesi,5 B+,"toki 500 bin sosyal konut projesi son dakika, toki 500 bin sosyal konut projesi güncel",
2025-10-01T02:01:04.803343,liverpool,2 Mn+,"liverpool güncel, liverpool son dakika",
2025-10-01T02:01:05.304401,kairat - real madrid,200 B+,"kairat - real madrid son dakika, kairat - real madrid güncel",
2025-10-01T02:01:05.805554,chelsea - benfica,50 B+,"chelsea - benfica son dakika, chelsea - benfica güncel",
2025-10-01T02:01:06.306649,atletico madrid - eintracht frankfurt,20 B+,"atletico madrid - eintracht frankfurt son dakika, atletico madrid - eintracht frankfurt güncel",
2025-10-01T02:01:06.807770,chelsea,20 B+,"chelsea son dakika, chelsea güncel",
2025-10-01T02:01:07.308937,bahar 52 bölüm izle,20 B+,"bahar 52 bölüm izle güncel, bahar 52 bölüm izle son dakika",
2025-10-01T02:01:07.809579,hüseyin günay,10 B+,"hüseyin günay güncel, hüseyin günay son dakika",
2025-10-01T02:01:08.310750,salah,20 B+,"salah güncel, salah son dakika",
2025-10-01T02:01:08.812012,inter - slavia prag,10 B+,"inter - slavia prag güncel, inter - slavia prag son dakika",
2025-10-01T02:01:09.313137,bodo glimt,20 B+,"bodo glimt güncel, bodo glimt son dakika",
2025-10-01T02:01:09.814301,van dijk,10 B+,"van dijk güncel, van dijk son dakika",
2025-10-01T02:01:10.315386,atletico madrid,20 B+,"atletico madrid güncel, atletico madrid son dakika",
2025-10-01T02:01:10.816544,pafos - bayern münih,20 B+,"pafos - bayern münih güncel, pafos - bayern münih son dakika",
2025-10-01T02:01:11.317705,asgari ücret zammı,5 B+,"asgari ücret zammı güncel, asgari ücret zammı son dakika",
2025-10-01T02:01:11.818950,toki 500 bin sosyal konut projesi,5 B+,"toki 500 bin sosyal konut projesi güncel, toki 500 bin sosyal konut projesi son dakika",
2025-10-01T03:01:05.180431,kairat - real madrid,200 B+,"kairat - real madrid güncel, kairat - real madrid son dakika",
2025-10-01T03:01:05.681207,şampiyonlar ligi puan durumu,2 Mn+,"şampiyonlar ligi puan durumu son dakika, şampiyonlar ligi puan durumu güncel",
2025-10-01T03:01:06.182289,chelsea - benfica,50 B+,"chelsea - benfica güncel, chelsea - benfica son dakika",
2025-10-01T03:01:06.683419,atletico madrid - eintracht frankfurt,50 B+,"atletico madrid - eintracht frankfurt güncel, atletico madrid - eintracht frankfurt son dakika",
2025-10-01T03:01:07.184245,chelsea,20 B+,"chelsea güncel, chelsea son dakika",
2025-10-01T03:01:07.685099,bahar 52 bölüm izle,50 B+,"bahar 52 bölüm izle güncel, bahar 52 bölüm izle son dakika",
2025-10-01T03:01:08.185989,hüseyin günay,10 B+,"hüseyin günay son dakika, hüseyin günay güncel",
2025-10-01T03:01:08.687060,salah,20 B+,"salah güncel, salah son dakika",
2025-10-01T03:01:09.188130,inter - slavia prag,10 B+,"inter - slavia prag son dakika, inter - slavia prag güncel",
2025-10-01T03:01:09.689200,bodo glimt,20 B+,"bodo glimt son dakika, bodo glimt güncel",
2025-10-01T03:01:10.190284,asgari ücret zammı,5 B+,"asgari ücret zammı güncel, asgari ücret zammı son dakika",
2025-10-01T03:01:10.691370,atletico madrid,20 B+,"atletico madrid son dakika, atletico madrid güncel",
2025-10-01T03:01:11.192470,pafos - bayern münih,20 B+,"pafos - bayern münih güncel, pafos - bayern münih son dakika",
2025-10-01T03:01:11.693382,toki 500 bin sosyal konut projesi,5 B+,"toki 500 bin sosyal konut projesi son dakika, toki 500 bin sosyal konut projesi güncel",
2025-10-01T03:01:12.194069,van dijk,10 B+,"van dijk son dakika, van dijk güncel",
2025-10-01T04:01:04.762607,kairat - real madrid,200 B+,"kairat - real madrid güncel, kairat - real madrid son dakika",
2025-10-01T04:01:05.263569,chelsea - benfica,50 B+,"chelsea - benfica son dakika, chelsea - benfica güncel",
2025-10-01T04:01:05.764667,atletico madrid - eintracht frankfurt,50 B+,"atletico madrid - eintracht frankfurt son dakika, atletico madrid - eintracht frankfurt güncel",
2025-10-01T04:01:06.265801,chelsea,20 B+,"chelsea güncel, chelsea son dakika",
2025-10-01T04:01:06.767075,hüseyin günay,10 B+,"hüseyin günay son dakika, hüseyin günay güncel",
2025-10-01T04:01:07.268194,bahar 52 bölüm izle,50 B+,"bahar 52 bölüm izle güncel, bahar 52 bölüm izle son dakika",
2025-10-01T04:01:07.769388,salah,20 B+,"salah güncel, salah son dakika",
2025-10-01T04:01:08.270511,inter - slavia prag,10 B+,"inter - slavia prag güncel, inter - slavia prag son dakika",
2025-10-01T04:01:08.771566,toki 500 bin sosyal konut projesi,5 B+,"toki 500 bin sosyal konut projesi güncel, toki 500 bin sosyal konut projesi son dakika",
2025-10-01T04:01:09.272717,bodo glimt,20 B+,"bodo glimt son dakika, bodo glimt güncel",
2025-10-01T04:01:09.773951,asgari ücret zammı,5 B+,"asgari ücret zammı güncel, asgari ücret zammı son dakika",
2025-10-01T04:01:10.275113,van dijk,10 B+,"van dijk güncel, van dijk son dakika",
2025-10-01T04:01:10.776267,wirtz,5 B+,"wirtz son dakika, wirtz güncel",
2025-10-01T04:01:11.277357,inter miami - chicago fire,1 B+,"inter miami - chicago fire son dakika, inter miami - chicago fire güncel",
2025-10-01T04:01:11.778514,nice,2 B+,"nice son dakika, nice güncel",
2025-10-01T05:01:04.680811,kairat - real madrid,200 B+,"kairat - real madrid güncel, kairat - real madrid son dakika",
2025-10-01T05:01:05.181961,chelsea - benfica,50 B+,"chelsea - benfica güncel, chelsea - benfica son dakika",
2025-10-01T05:01:05.682951,atletico madrid - eintracht frankfurt,50 B+,"atletico madrid - eintracht frankfurt güncel, atletico madrid - eintracht frankfurt son dakika",
2025-10-01T05:01:06.184178,hüseyin günay,10 B+,"hüseyin günay güncel, hüseyin günay son dakika",
2025-10-01T05:01:06.685209,inter - slavia prag,10 B+,"inter - slavia prag son dakika, inter - slavia prag güncel",
2025-10-01T05:01:07.186262,chelsea,20 B+,"chelsea son dakika, chelsea güncel",
2025-10-01T05:01:07.687331,bahar 52 bölüm izle,50 B+,"bahar 52 bölüm izle güncel, bahar 52 bölüm izle son dakika",
2025-10-01T05:01:08.188404,salah,20 B+,"salah güncel, salah son dakika",
2025-10-01T05:01:08.689317,bodo glimt,10 B+,"bodo glimt güncel, bodo glimt son dakika",
2025-10-01T05:01:09.190370,pafos - bayern münih,20 B+,"pafos - bayern münih güncel, pafos - bayern münih son dakika",
2025-10-01T05:01:09.691452,van dijk,10 B+,"van dijk son dakika, van dijk güncel",
2025-10-01T05:01:10.192545,champions league,20 B+,"champions league güncel, champions league son dakika",
2025-10-01T05:01:10.693625,inter miami - chicago fire,2 B+,"inter miami - chicago fire güncel, inter miami - chicago fire son dakika",
2025-10-01T05:01:11.194720,nice,2 B+,"nice son dakika, nice güncel",
2025-10-01T05:01:11.695827,demet akalın,2 B+,"demet akalın güncel, demet akalın son dakika",
2025-10-01T06:01:04.965254,kairat - real madrid,200 B+,"kairat - real madrid son dakika, kairat - real madrid güncel",
2025-10-01T06:01:05.466291,chelsea - benfica,50 B+,"chelsea - benfica son dakika, chelsea - benfica güncel",
2025-10-01T06:01:05.967399,atletico madrid - eintracht frankfurt,50 B+,"atletico madrid - eintracht frankfurt güncel, atletico madrid - eintracht frankfurt son dakika",
2025-10-01T06:01:06.468555,inter - slavia prag,10 B+,"inter - slavia prag güncel, inter - slavia prag son dakika",
2025-10-01T06:01:06.969727,hüseyin günay,10 B+,"hüseyin günay güncel, hüseyin günay son dakika",
2025-10-01T06:01:07.470785,chelsea,20 B+,"chelsea son dakika, chelsea güncel",
2025-10-01T06:01:07.971582,pafos - bayern münih,20 B+,"pafos - bayern münih son dakika, pafos - bayern münih güncel",
2025-10-01T06:01:08.472502,bodø/glimt - tottenham,20 B+,"bodø/glimt - tottenham son dakika, bodø/glimt - tottenham güncel",
2025-10-01T06:01:08.973391,toki 500 bin sosyal konut projesi,5 B+,"toki 500 bin sosyal konut projesi son dakika, toki 500 bin sosyal konut projesi güncel",
2025-10-01T06:01:09.474179,bahar 52 bölüm izle,50 B+,"bahar 52 bölüm izle güncel, bahar 52 bölüm izle son dakika",
2025-10-01T06:01:09.975210,asgari ücret zammı,5 B+,"asgari ücret zammı güncel, asgari ücret zammı son dakika",
2025-10-01T06:01:10.476119,salah,20 B+,"salah son dakika, salah güncel",
2025-10-01T06:01:10.977101,van dijk,10 B+,"van dijk güncel, van dijk son dakika",
2025-10-01T06:01:11.478122,inter miami - chicago fire,2 B+,"inter miami - chicago fire güncel, inter miami - chicago fire son dakika",
2025-10-01T06:01:11.979078,liverpool fc,20 B+,"liverpool fc son dakika, liverpool fc güncel",
2025-10-01T07:01:05.193097,kairat - real madrid,200 B+,"kairat - real madrid güncel, kairat - real madrid son dakika",
2025-10-01T07:01:05.694047,chelsea - benfica,50 B+,"chelsea - benfica güncel, chelsea - benfica son dakika",
2025-10-01T07:01:06.195145,atletico madrid - eintracht frankfurt,50 B+,"atletico madrid - eintracht frankfurt son dakika, atletico madrid - eintracht frankfurt güncel",
2025-10-01T07:01:06.696249,liverpool,100 B+,"liverpool güncel, liverpool son dakika",
2025-10-01T07:01:07.197371,inter - slavia prag,10 B+,"inter - slavia prag son dakika, inter - slavia prag güncel",
2025-10-01T07:01:07.698324,hüseyin günay,10 B+,"hüseyin günay güncel, hüseyin günay son dakika",
2025-10-01T07:01:08.199442,pafos - bayern münih,20 B+,"pafos - bayern münih güncel, pafos - bayern münih son dakika",
2025-10-01T07:01:08.700569,bodø/glimt - tottenham,20 B+,"bodø/glimt - tottenham güncel, bodø/glimt - tottenham son dakika",
2025-10-01T07:01:09.201530,muhammed salah,20 B+,"muhammed salah son dakika, muhammed salah güncel",
2025-10-01T07:01:09.702618,toki 500 bin sosyal konut projesi,5 B+,"toki 500 bin sosyal konut projesi güncel, toki 500 bin sosyal konut projesi son dakika",
2025-10-01T07:01:10.203750,bahar 52 bölüm izle,50 B+,"bahar 52 bölüm izle güncel, bahar 52 bölüm izle son dakika",
2025-10-01T07:01:10.704950,inter miami - chicago fire,2 B+,"inter miami - chicago fire güncel, inter miami - chicago fire son dakika",
2025-10-01T07:01:11.206130,asgari ücret zammı,5 B+,"asgari ücret zammı güncel, asgari ücret zammı son dakika",
2025-10-01T07:01:11.707243,van dijk,10 B+,"van dijk son dakika, van dijk güncel",
2025-10-01T07:01:12.208364,marsilya - ajax,10 B+,"marsilya - ajax son dakika, marsilya - ajax güncel",
2025-10-01T08:01:04.469821,kairat - real madrid,200 B+,"kairat - real madrid son dakika, kairat - real madrid güncel",
2025-10-01T08:01:04.970973,chelsea - benfica,50 B+,"chelsea - benfica son dakika, chelsea - benfica güncel",
2025-10-01T08:01:05.471995,atletico madrid - eintracht frankfurt,50 B+,"atletico madrid - eintracht frankfurt güncel, atletico madrid - eintracht frankfurt son dakika",
2025-10-01T08:01:05.972972,liverpool fc,50 B+,"liverpool fc son dakika, liverpool fc güncel",
2025-10-01T08:01:06.474064,inter - slavia prag,10 B+,"inter - slavia prag son dakika, inter - slavia prag güncel",
2025-10-01T08:01:06.975031,hüseyin günay,10 B+,"hüseyin günay güncel, hüseyin günay son dakika",
2025-10-01T08:01:07.476010,bodø/glimt - tottenham,20 B+,"bodø/glimt - tottenham güncel, bodø/glimt - tottenham son dakika",
2025-10-01T08:01:07.977013,pafos - bayern münih,20 B+,"pafos - bayern münih güncel, pafos - bayern münih son dakika",
2025-10-01T08:01:08.478107,muhammed salah,20 B+,"muhammed salah son dakika, muhammed salah güncel",
2025-10-01T08:01:08.979153,bahar 52 bölüm izle,50 B+,"bahar 52 bölüm izle güncel, bahar 52 bölüm izle son dakika",
2025-10-01T08:01:09.480251,inter miami - chicago fire,5 B+,"inter miami - chicago fire güncel, inter miami - chicago fire son dakika",
2025-10-01T08:01:09.981323,toki 500 bin sosyal konut projesi,5 B+,"toki 500 bin sosyal konut projesi son dakika, toki 500 bin sosyal konut projesi güncel",
2025-10-01T08:01:10.482196,van dijk,10 B+,"van dijk güncel, van dijk son dakika",
2025-10-01T08:01:10.983107,atletico madrid,20 B+,"atletico madrid son dakika, atletico madrid güncel",
2025-10-01T08:01:11.484187,marsilya - ajax,10 B+,"marsilya - ajax son dakika, marsilya - ajax güncel",
2025-10-01T09:01:04.831332,kairat - real madrid,200 B+,"kairat - real madrid güncel, kairat - real madrid son dakika",
2025-10-01T09:01:05.332410,chelsea - benfica,50 B+,"chelsea - benfica son dakika, chelsea - benfica güncel",
2025-10-01T09:01:05.833386,atletico madrid - eintracht frankfurt,50 B+,"atletico madrid - eintracht frankfurt son dakika, atletico madrid - eintracht frankfurt güncel",
2025-10-01T09:01:06.334411,hüseyin günay,10 B+,"hüseyin günay güncel, hüseyin günay son dakika",
2025-10-01T09:01:06.835356,bahar 52 bölüm izle,50 B+,"bahar 52 bölüm izle güncel, bahar 52 bölüm izle son dakika",
2025-10-01T09:01:07.336497,liverpool fc,50 B+,"liverpool fc güncel, liverpool fc son dakika",
2025-10-01T09:01:07.837646,salah,20 B+,"salah son dakika, salah güncel",
2025-10-01T09:01:08.338721,inter - slavia prag,20 B+,"inter - slavia prag son dakika, inter - slavia prag güncel",
2025-10-01T09:01:08.839938,bodo glimt,20 B+,"bodo glimt güncel, bodo glimt son dakika",
2025-10-01T09:01:09.341063,toki 500 bin sosyal konut projesi,5 B+,"toki 500 bin sosyal konut projesi güncel, toki 500 bin sosyal konut projesi son dakika",
2025-10-01T09:01:09.842049,pafos - bayern münih,20 B+,"pafos - bayern münih son dakika, pafos - bayern münih güncel",
2025-10-01T09:01:10.343117,inter miami - chicago fire,5 B+,"inter miami - chicago fire güncel, inter miami - chicago fire son dakika",
2025-10-01T09:01:10.844222,van dijk,10 B+,"van dijk güncel, van dijk son dakika",
2025-10-01T09:01:11.345325,atletico madrid,20 B+,"atletico madrid son dakika, atletico madrid güncel",
2025-10-01T09:01:11.846427,uefa şampiyonlar ligi puan durumları,20 B+,"uefa şampiyonlar ligi puan durumları son dakika, uefa şampiyonlar ligi puan durumları güncel",
2025-10-01T10:01:05.809291,kairat - real madrid,200 B+,"kairat - real madrid son dakika, kairat - real madrid güncel",
2025-10-01T10:01:06.310431,şampiyonlar ligi puan durumu,2 Mn+,"şampiyonlar ligi puan durumu güncel, şampiyonlar ligi puan durumu son dakika",
2025-10-01T10:01:06.811542,chelsea - benfica,50 B+,"chelsea - benfica son dakika, chelsea - benfica güncel",
2025-10-01T10:01:07.312652,atletico madrid - eintracht frankfurt,50 B+,"atletico madrid - eintracht frankfurt güncel, atletico madrid - eintracht frankfurt son dakika",
2025-10-01T10:01:07.813719,hüseyin günay,20 B+,"hüseyin günay güncel, hüseyin günay son dakika",
2025-10-01T10:01:08.314953,bahar 52 bölüm izle,50 B+,"bahar 52 bölüm izle güncel, bahar 52 bölüm izle son dakika",
2025-10-01T10:01:08.816162,bodo glimt,20 B+,"bodo glimt son dakika, bodo glimt güncel",
2025-10-01T10:01:09.317375,salah,20 B+,"salah güncel, salah son dakika",
2025-10-01T10:01:09.818514,toki 500 bin sosyal konut projesi,5 B+,"toki 500 bin sosyal konut projesi güncel, toki 500 bin sosyal konut projesi son dakika",
2025-10-01T10:01:10.319611,inter - slavia prag,20 B+,"inter - slavia prag güncel, inter - slavia prag son dakika",
2025-10-01T10:01:10.820672,van dijk,10 B+,"van dijk güncel, van dijk son dakika",
2025-10-01T10:01:11.321612,pafos - bayern münih,20 B+,"pafos - bayern münih güncel, pafos - bayern münih son dakika",
2025-10-01T10:01:11.822552,inter miami - chicago fire,5 B+,"inter miami - chicago fire güncel, inter miami - chicago fire son dakika",
2025-10-01T10:01:12.323574,sumud filosu,5 B+,"sumud filosu son dakika, sumud filosu güncel",
2025-10-01T10:01:12.824789,nice,5 B+,"nice güncel, nice son dakika",
2025-10-01T11:01:05.610433,kairat - real madrid,200 B+,"kairat - real madrid son dakika, kairat - real madrid güncel",
2025-10-01T11:01:06.111464,şampiyonlar ligi puan durumu,2 Mn+,"şampiyonlar ligi puan durumu güncel, şampiyonlar ligi puan durumu son dakika",
2025-10-01T11:01:06.612005,chelsea - benfica,100 B+,"chelsea - benfica güncel, chelsea - benfica son dakika",
2025-10-01T11:01:07.113095,atletico madrid - eintracht frankfurt,50 B+,"atletico madrid - eintracht frankfurt güncel, atletico madrid - eintracht frankfurt son dakika",
2025-10-01T11:01:07.614225,bahar 52 bölüm izle,50 B+,"bahar 52 bölüm izle son dakika, bahar 52 bölüm izle güncel",
2025-10-01T11:01:08.115377,hüseyin günay,20 B+,"hüseyin günay güncel, hüseyin günay son dakika",
2025-10-01T11:01:08.616542,kıskanmak 3. bölüm,5 B+,"kıskanmak 3. bölüm son dakika, kıskanmak 3. bölüm güncel",
2025-10-01T11:01:09.117709,salah,20 B+,"salah son dakika, salah güncel",
2025-10-01T11:01:09.618935,bodo glimt,20 B+,"bodo glimt güncel, bodo glimt son dakika",
2025-10-01T11:01:10.120088,toki 500 bin sosyal konut projesi,10 B+,"toki 500 bin sosyal konut projesi son dakika, toki 500 bin sosyal konut projesi güncel",
2025-10-01T11:01:10.621251,inter - slavia prag,20 B+,"inter - slavia prag güncel, inter - slavia prag son dakika",
2025-10-01T11:01:11.122419,pafos - bayern münih,20 B+,"pafos - bayern münih son dakika, pafos - bayern münih güncel",
2025-10-01T11:01:11.623577,van dijk,10 B+,"van dijk güncel, van dijk son dakika",
2025-10-01T11:01:12.124707,inter miami - chicago fire,5 B+,"inter miami - chicago fire son dakika, inter miami - chicago fire güncel",
2025-10-01T11:01:12.625937,sumud filosu,5 B+,"sumud filosu son dakika, sumud filosu güncel",
2025-10-01T12:01:05.525299,kairat - real madrid,200 B+,"kairat - real madrid son dakika, kairat - real madrid güncel",
2025-10-01T12:01:06.026428,şampiyonlar ligi puan durumu,2 Mn+,"şampiyonlar ligi puan durumu güncel, şampiyonlar ligi puan durumu son dakika",
2025-10-01T12:01:06.527553,chelsea - benfica,50 B+,"chelsea - benfica son dakika, chelsea - benfica güncel",
2025-10-01T12:01:07.028700,atletico madrid - eintracht frankfurt,50 B+,"atletico madrid - eintracht frankfurt son dakika, atletico madrid - eintracht frankfurt güncel",
2025-10-01T12:01:07.529900,hüseyin günay,20 B+,"hüseyin günay güncel, hüseyin günay son dakika",
2025-10-01T12:01:08.031103,bahar 52 bölüm izle,50 B+,"bahar 52 bölüm izle son dakika, bahar 52 bölüm izle güncel",
2025-10-01T12:01:08.532263,kıskanmak 3. bölüm,5 B+,"kıskanmak 3. bölüm son dakika, kıskanmak 3. bölüm güncel",
2025-10-01T12:01:09.033410,salah,20 B+,"salah son dakika, salah güncel",
2025-10-01T12:01:09.534569,bodo glimt,20 B+,"bodo glimt son dakika, bodo glimt güncel",
2025-10-01T12:01:10.035723,inter - slavia prag,10 B+,"inter - slavia prag son dakika, inter - slavia prag güncel",
2025-10-01T12:01:10.536636,van dijk,10 B+,"van dijk güncel, van dijk son dakika",
2025-10-01T12:01:11.037788,sumud filosu,10 B+,"sumud filosu güncel, sumud filosu son dakika",
2025-10-01T12:01:11.538930,inter miami - chicago fire,5 B+,"inter miami - chicago fire güncel, inter miami - chicago fire son dakika",
2025-10-01T12:01:12.040122,nice,5 B+,"nice güncel, nice son dakika",
2025-10-01T12:01:12.541211,szoboszlai,50 B+,"szoboszlai güncel, szoboszlai son dakika",
2025-10-01T13:01:06.182983,kairat - real madrid,200 B+,"kairat - real madrid son dakika, kairat - real madrid güncel",
2025-10-01T13:01:06.684016,şampiyonlar ligi puan durumu,2 Mn+,"şampiyonlar ligi puan durumu güncel, şampiyonlar ligi puan durumu son dakika",
2025-10-01T13:01:07.185031,chelsea - benfica,100 B+,"chelsea - benfica son dakika, chelsea - benfica güncel",
2025-10-01T13:01:07.686097,atletico madrid - eintracht frankfurt,50 B+,"atletico madrid - eintracht frankfurt güncel, atletico madrid - eintracht frankfurt son dakika",
2025-10-01T13:01:08.187143,hüseyin günay,20 B+,"hüseyin günay güncel, hüseyin günay son dakika",
2025-10-01T13:01:08.688210,kıskanmak 3. bölüm,10 B+,"kıskanmak 3. bölüm güncel, kıskanmak 3. bölüm son dakika",
2025-10-01T13:01:09.189253,bahar 52 bölüm izle,50 B+,"bahar 52 bölüm izle son dakika, bahar 52 bölüm izle güncel",
2025-10-01T13:01:09.690331,salah,20 B+,"salah güncel, salah son dakika",
2025-10-01T13:01:10.191408,bodo glimt,20 B+,"bodo glimt güncel, bodo glimt son dakika",
2025-10-01T13:01:10.692460,van dijk,10 B+,"van dijk güncel, van dijk son dakika",
2025-10-01T13:01:11.193447,sumud filosu,10 B+,"sumud filosu güncel, sumud filosu son dakika",
2025-10-01T13:01:11.694370,inter - slavia prag,10 B+,"inter - slavia prag son dakika, inter - slavia prag güncel",
2025-10-01T13:01:12.195427,inter miami - chicago fire,5 B+,"inter miami - chicago fire güncel, inter miami - chicago fire son dakika",
2025-10-01T13:01:12.696516,nice,10 B+,"nice son dakika, nice güncel",
2025-10-01T13:01:13.197623,1 ekim ne günü,2 B+,"1 ekim ne günü güncel, 1 ekim ne günü son dakika",
2025-10-01T14:01:04.695931,kairat - real madrid,200 B+,"kairat - real madrid güncel, kairat - real madrid son dakika",
2025-10-01T14:01:05.196951,şampiyonlar ligi puan durumu,2 Mn+,"şampiyonlar ligi puan durumu son dakika, şampiyonlar ligi puan durumu güncel",
2025-10-01T14:01:05.698036,chelsea - benfica,50 B+,"chelsea - benfica son dakika, chelsea - benfica güncel",
2025-10-01T14:01:06.199006,kıskanmak 3. bölüm,10 B+,"kıskanmak 3. bölüm güncel, kıskanmak 3. bölüm son dakika",
2025-10-01T14:01:06.700140,hüseyin günay,20 B+,"hüseyin günay güncel, hüseyin günay son dakika",
2025-10-01T14:01:07.201264,bahar 52 bölüm izle,50 B+,"bahar 52 bölüm izle güncel, bahar 52 bölüm izle son dakika",
2025-10-01T14:01:07.702383,atletico madrid - eintracht frankfurt,50 B+,"atletico madrid - eintracht frankfurt güncel, atletico madrid - eintracht frankfurt son dakika",
2025-10-01T14:01:08.203509,salah,20 B+,"salah son dakika, salah güncel",
2025-10-01T14:01:08.704622,sumud filosu,10 B+,"sumud filosu güncel, sumud filosu son dakika",
2025-10-01T14:01:09.205743,bodo glimt,20 B+,"bodo glimt son dakika, bodo glimt güncel",
2025-10-01T14:01:09.706953,van dijk,10 B+,"van dijk son dakika, van dijk güncel",
2025-10-01T14:01:10.208114,nice,10 B+,"nice son dakika, nice güncel",
2025-10-01T14:01:10.709293,inter miami - chicago fire,10 B+,"inter miami - chicago fire son dakika, inter miami - chicago fire güncel",
2025-10-01T14:01:11.210486,1 ekim ne günü,2 B+,"1 ekim ne günü son dakika, 1 ekim ne günü güncel",
2025-10-01T14:01:11.711644,ökkeş şendiller,2 B+,"ökkeş şendiller son dakika, ökkeş şendiller güncel",
2025-10-01T15:01:04.290767,kairat - real madrid,200 B+,"kairat - real madrid son dakika, kairat - real madrid güncel",
2025-10-01T15:01:04.792202,şampiyonlar ligi puan durumu,2 Mn+,"şampiyonlar ligi puan durumu güncel, şampiyonlar ligi puan durumu son dakika",
2025-10-01T15:01:05.293373,chelsea - benfica,100 B+,"chelsea - benfica son dakika, chelsea - benfica güncel",
2025-10-01T15:01:05.794601,kıskanmak 3. bölüm,10 B+,"kıskanmak 3. bölüm güncel, kıskanmak 3. bölüm son dakika",
2025-10-01T15:01:06.295659,hüseyin günay,20 B+,"hüseyin günay güncel, hüseyin günay son dakika",
2025-10-01T15:01:06.796986,atletico madrid - eintracht frankfurt,50 B+,"atletico madrid - eintracht frankfurt güncel, atletico madrid - eintracht frankfurt son dakika",
2025-10-01T15:01:07.298178,bahar 52 bölüm izle,50 B+,"bahar 52 bölüm izle güncel, bahar 52 bölüm izle son dakika",
2025-10-01T15:01:07.799324,sumud filosu,10 B+,"sumud filosu güncel, sumud filosu son dakika",
2025-10-01T15:01:08.300493,salah,20 B+,"salah son dakika, salah güncel",
2025-10-01T15:01:08.801680,van dijk,10 B+,"van dijk güncel, van dijk son dakika",
2025-10-01T15:01:09.303006,bodo glimt,20 B+,"bodo glimt güncel, bodo glimt son dakika",
2025-10-01T15:01:09.804139,nice,10 B+,"nice güncel, nice son dakika",
2025-10-01T15:01:10.305311,1 ekim ne günü,2 B+,"1 ekim ne günü güncel, 1 ekim ne günü son dakika",
2025-10-01T15:01:10.806475,ökkeş şendiller,2 B+,"ökkeş şendiller son dakika, ökkeş şendiller güncel",
2025-10-01T15:01:11.307649,ekim ayı kira artış oranı 2025,2 B+,"ekim ayı kira artış oranı 2025 son dakika, ekim ayı kira artış oranı 2025 güncel",
2025-10-01T16:01:04.794042,kairat - real madrid,200 B+,"kairat - real madrid güncel, kairat - real madrid son dakika",
2025-10-01T16:01:05.295059,şampiyonlar ligi puan durumu,2 Mn+,"şampiyonlar ligi puan durumu son dakika, şampiyonlar ligi puan durumu güncel",
2025-10-01T16:01:05.796140,chelsea - benfica,50 B+,"chelsea - benfica güncel, chelsea - benfica son dakika",
2025-10-01T16:01:06.297099,kıskanmak 3. bölüm,10 B+,"kıskanmak 3. bölüm güncel, kıskanmak 3. bölüm son dakika",
2025-10-01T16:01:06.798206,ayşe barım,5 B+,"ayşe barım güncel, ayşe barım son dakika",
2025-10-01T16:01:07.299369,bahar 52 bölüm izle,50 B+,"bahar 52 bölüm izle güncel, bahar 52 bölüm izle son dakika",
2025-10-01T16:01:07.800528,sumud filosu,20 B+,"sumud filosu son dakika, sumud filosu güncel",
2025-10-01T16:01:08.301696,nice,20 B+,"nice son dakika, nice güncel",
2025-10-01T16:01:08.802913,van dijk,10 B+,"van dijk güncel, van dijk son dakika",
2025-10-01T16:01:09.303996,salah,20 B+,"salah güncel, salah son dakika",
2025-10-01T16:01:09.805142,bodo glimt,20 B+,"bodo glimt son dakika, bodo glimt güncel",
2025-10-01T16:01:10.306197,1 ekim ne günü,5 B+,"1 ekim ne günü son dakika, 1 ekim ne günü güncel",
2025-10-01T16:01:10.807373,inter miami - chicago fire,5 B+,"inter miami - chicago fire son dakika, inter miami - chicago fire güncel",
2025-10-01T16:01:11.308526,ökkeş şendiller,2 B+,"ökkeş şendiller güncel, ökkeş şendiller son dakika",
2025-10-01T16:01:11.809600,ekim ayı kira artış oranı 2025,2 B+,"ekim ayı kira artış oranı 2025 güncel, ekim ayı kira artış oranı 2025 son dakika",
2025-10-01T17:01:04.568630,kairat - real madrid,200 B+,"kairat - real madrid son dakika, kairat - real madrid güncel",
2025-10-01T17:01:05.069978,şampiyonlar ligi puan durumu,2 Mn+,"şampiyonlar ligi puan durumu son dakika, şampiyonlar ligi puan durumu güncel",
2025-10-01T17:01:05.571152,chelsea - benfica,50 B+,"chelsea - benfica son dakika, chelsea - benfica güncel",
2025-10-01T17:01:06.072321,kıskanmak 3. bölüm,10 B+,"kıskanmak 3. bölüm güncel, kıskanmak 3. bölüm son dakika",
2025-10-01T17:01:06.573480,ayşe barım,10 B+,"ayşe barım son dakika, ayşe barım güncel",
2025-10-01T17:01:07.074635,atletico madrid - eintracht frankfurt,50 B+,"atletico madrid - eintracht frankfurt son dakika, atletico madrid - eintracht frankfurt güncel",
2025-10-01T17:01:07.575814,sumud filosu,20 B+,"sumud filosu son dakika, sumud filosu güncel",
2025-10-01T17:01:08.077094,bahar 52 bölüm izle,50 B+,"bahar 52 bölüm izle son dakika, bahar 52 bölüm izle güncel",
2025-10-01T17:01:08.578284,nice,20 B+,"nice son dakika, nice güncel",
2025-10-01T17:01:09.079434,van dijk,10 B+,"van dijk güncel, van dijk son dakika",
2025-10-01T17:01:09.580570,bodo glimt,20 B+,"bodo glimt güncel, bodo glimt son dakika",
2025-10-01T17:01:10.081728,1 ekim ne günü,5 B+,"1 ekim ne günü son dakika, 1 ekim ne günü güncel",
2025-10-01T17:01:10.582949,szoboszlai,50 B+,"szoboszlai güncel, szoboszlai son dakika",
2025-10-01T17:01:11.084100,ökkeş şendiller,2 B+,"ökkeş şendiller son dakika, ökkeş şendiller güncel",
2025-10-01T17:01:11.585266,inter miami - chicago fire,10 B+,"inter miami - chicago fire güncel, inter miami - chicago fire son dakika",
2025-10-01T18:01:04.859657,kairat - real madrid,200 B+,"kairat - real madrid güncel, kairat - real madrid son dakika",
2025-10-01T18:01:05.360796,şampiyonlar ligi puan durumu,2 Mn+,"şampiyonlar ligi puan durumu güncel, şampiyonlar ligi puan durumu son dakika",
2025-10-01T18:01:05.860998,kıskanmak 3. bölüm,20 B+,"kıskanmak 3. bölüm güncel, kıskanmak 3. bölüm son dakika",
2025-10-01T18:01:06.362031,chelsea - benfica,50 B+,"chelsea - benfica son dakika, chelsea - benfica güncel",
2025-10-01T18:01:06.863083,atletico madrid - eintracht frankfurt,50 B+,"atletico madrid - eintracht frankfurt güncel, atletico madrid - eintracht frankfurt son dakika",
2025-10-01T18:01:07.364229,sumud filosu,20 B+,"sumud filosu son dakika, sumud filosu güncel",
2025-10-01T18:01:07.865391,ayşe barım,10 B+,"ayşe barım güncel, ayşe barım son dakika",
2025-10-01T18:01:08.366450,bahar 52 bölüm izle,50 B+,"bahar 52 bölüm izle son dakika, bahar 52 bölüm izle güncel",
2025-10-01T18:01:08.867578,nice,20 B+,"nice son dakika, nice güncel",
2025-10-01T18:01:09.368613,van dijk,10 B+,"van dijk güncel, van dijk son dakika",
2025-10-01T18:01:09.869695,bodo glimt,20 B+,"bodo glimt güncel, bodo glimt son dakika",
2025-10-01T18:01:10.370213,1 ekim ne günü,5 B+,"1 ekim ne günü güncel, 1 ekim ne günü son dakika",
2025-10-01T18:01:10.871270,nefes kredisi,2 B+,"nefes kredisi son dakika, nefes kredisi güncel",
2025-10-01T18:01:11.372402,szoboszlai,50 B+,"szoboszlai son dakika, szoboszlai güncel",
2025-10-01T18:01:11.873258,ökkeş şendiller,2 B+,"ökkeş şendiller son dakika, ökkeş şendiller güncel",
2025-10-01T19:01:05.462391,şampiyonlar ligi puan durumu,2 Mn+,"şampiyonlar ligi puan durumu son dakika, şampiyonlar ligi puan durumu güncel",
2025-10-01T19:01:05.963443,chelsea - benfica,100 B+,"chelsea - benfica son dakika, chelsea - benfica güncel",
2025-10-01T19:01:06.464476,sumud filosu,20 B+,"sumud filosu güncel, sumud filosu son dakika",
2025-10-01T19:01:06.965632,kıskanmak 3. bölüm,20 B+,"kıskanmak 3. bölüm güncel, kıskanmak 3. bölüm son dakika",
2025-10-01T19:01:07.466768,ayşe barım,20 B+,"ayşe barım son dakika, ayşe barım güncel",
2025-10-01T19:01:07.967827,bahar 52 bölüm izle,50 B+,"bahar 52 bölüm izle son dakika, bahar 52 bölüm izle güncel",
2025-10-01T19:01:08.468976,nice,10 B+,"nice güncel, nice son dakika",
2025-10-01T19:01:08.969959,van dijk,10 B+,"van dijk son dakika, van dijk güncel",
2025-10-01T19:01:09.471057,bodo glimt,20 B+,"bodo glimt son dakika, bodo glimt güncel",
2025-10-01T19:01:09.972016,nefes kredisi,5 B+,"nefes kredisi son dakika, nefes kredisi güncel",
2025-10-01T19:01:10.473096,ökkeş şendiller,2 B+,"ökkeş şendiller güncel, ökkeş şendiller son dakika",
2025-10-01T19:01:10.974069,1 ekim ne günü,5 B+,"1 ekim ne günü son dakika, 1 ekim ne günü güncel",
2025-10-01T19:01:11.475074,szoboszlai,50 B+,"szoboszlai güncel, szoboszlai son dakika",
2025-10-01T19:01:11.976060,global sumud flotilla,2 B+,"global sumud flotilla güncel, global sumud flotilla son dakika",
2025-10-01T19:01:12.477002,ekim ayı kira artış oranı 2025,5 B+,"ekim ayı kira artış oranı 2025 son dakika, ekim ayı kira artış oranı 2025 güncel",
2025-10-01T20:01:04.056552,şampiyonlar ligi puan durumu,2 Mn+,"şampiyonlar ligi puan durumu güncel, şampiyonlar ligi puan durumu son dakika",
2025-10-01T20:01:04.557519,chelsea - benfica,50 B+,"chelsea - benfica son dakika, chelsea - benfica güncel",
2025-10-01T20:01:05.058531,sumud filosu,20 B+,"sumud filosu güncel, sumud filosu son dakika",
2025-10-01T20:01:05.559656,ayşe barım,20 B+,"ayşe barım güncel, ayşe barım son dakika",
2025-10-01T20:01:06.060793,bahar 52 bölüm izle,50 B+,"bahar 52 bölüm izle güncel, bahar 52 bölüm izle son dakika",
2025-10-01T20:01:06.561985,kıskanmak 3. bölüm,20 B+,"kıskanmak 3. bölüm güncel, kıskanmak 3. bölüm son dakika",
2025-10-01T20:01:07.063105,nice,20 B+,"nice güncel, nice son dakika",
2025-10-01T20:01:07.564192,van dijk,10 B+,"van dijk güncel, van dijk son dakika",
2025-10-01T20:01:08.065355,union saint-gilloise - newcastle united,2 B+,"union saint-gilloise - newcastle united güncel, union saint-gilloise - newcastle united son dakika",
2025-10-01T20:01:08.566507,bodo glimt,20 B+,"bodo glimt son dakika, bodo glimt güncel",
2025-10-01T20:01:09.067447,ökkeş şendiller,5 B+,"ökkeş şendiller son dakika, ökkeş şendiller güncel",
2025-10-01T20:01:09.568745,1 ekim ne günü,20 B+,"1 ekim ne günü güncel, 1 ekim ne günü son dakika",
2025-10-01T20:01:10.069976,nefes kredisi,5 B+,"nefes kredisi son dakika, nefes kredisi güncel",
2025-10-01T20:01:10.571137,global sumud flotilla,2 B+,"global sumud flotilla son dakika, global sumud flotilla güncel",
2025-10-01T20:01:11.072266,szoboszlai,20 B+,"szoboszlai son dakika, szoboszlai güncel",
2025-10-01T21:01:04.641563,sumud filosu,20 B+,"sumud filosu son dakika, sumud filosu güncel",
2025-10-01T21:01:05.142532,şampiyonlar ligi puan durumu,2 Mn+,"şampiyonlar ligi puan durumu son dakika, şampiyonlar ligi puan durumu güncel",
2025-10-01T21:01:05.643062,fenerbahçe - paris,10 B+,"fenerbahçe - paris güncel, fenerbahçe - paris son dakika",
2025-10-01T21:01:06.144180,chelsea - benfica,50 B+,"chelsea - benfica son dakika, chelsea - benfica güncel",
2025-10-01T21:01:06.645236,ayşe barım,20 B+,"ayşe barım güncel, ayşe barım son dakika",
2025-10-01T21:01:07.146380,union saint-gilloise - newcastle united,10 B+,"union saint-gilloise - newcastle united güncel, union saint-gilloise - newcastle united son dakika",
2025-10-01T21:01:07.647468,kıskanmak 3. bölüm,20 B+,"kıskanmak 3. bölüm güncel, kıskanmak 3. bölüm son dakika",
2025-10-01T21:01:08.148524,bahar 52 bölüm izle,50 B+,"bahar 52 bölüm izle son dakika, bahar 52 bölüm izle güncel",
2025-10-01T21:01:08.649595,nice,20 B+,"nice son dakika, nice güncel",
2025-10-01T21:01:09.150745,van dijk,10 B+,"van dijk güncel, van dijk son dakika",
2025-10-01T21:01:09.651967,global sumud flotilla,10 B+,"global sumud flotilla güncel, global sumud flotilla son dakika",
2025-10-01T21:01:10.153123,ökkeş şendiller,5 B+,"ökkeş şendiller son dakika, ökkeş şendiller güncel",
2025-10-01T21:01:10.654251,barcelona - psg,2 B+,"barcelona - psg güncel, barcelona - psg son dakika",
2025-10-01T21:01:11.155169,1 ekim ne günü,20 B+,"1 ekim ne günü güncel, 1 ekim ne günü son dakika",
2025-10-01T21:01:11.656240,bodo glimt,20 B+,"bodo glimt son dakika, bodo glimt güncel",
2025-10-01T22:01:06.409570,barcelona - psg,20 B+,"barcelona - psg güncel, barcelona - psg son dakika",
2025-10-01T22:01:06.910638,sumud filosu,50 B+,"sumud filosu son dakika, sumud filosu güncel",
2025-10-01T22:01:07.411840,şampiyonlar ligi puan durumu,1 Mn+,"şampiyonlar ligi puan durumu son dakika, şampiyonlar ligi puan durumu güncel",
2025-10-01T22:01:07.913105,fenerbahçe - paris,20 B+,"fenerbahçe - paris son dakika, fenerbahçe - paris güncel",
2025-10-01T22:01:08.414236,kanal d canlı,50 B+,"kanal d canlı güncel, kanal d canlı son dakika",
2025-10-01T22:01:08.915026,ayşe barım,20 B+,"ayşe barım güncel, ayşe barım son dakika",
2025-10-01T22:01:09.416159,union saint-gilloise - newcastle united,20 B+,"union saint-gilloise - newcastle united güncel, union saint-gilloise - newcastle united son dakika",
2025-10-01T22:01:09.917217,kıskanmak 3. bölüm,20 B+,"kıskanmak 3. bölüm güncel, kıskanmak 3. bölüm son dakika",
2025-10-01T22:01:10.418351,barcelona psg maci hangi kanalda,10 B+,"barcelona psg maci hangi kanalda güncel, barcelona psg maci hangi kanalda son dakika",
2025-10-01T22:01:10.919488,villarreal - juventus,5 B+,"villarreal - juventus son dakika, villarreal - juventus güncel",
2025-10-01T22:01:11.420392,monaco - manchester city,5 B+,"monaco - manchester city son dakika, monaco - manchester city güncel",
2025-10-01T22:01:11.921500,برشلونة ضد بي اس جي,5 B+,"برشلونة ضد بي اس جي son dakika, برشلونة ضد بي اس جي güncel",
2025-10-01T22:01:12.422574,nice,20 B+,"nice son dakika, nice güncel",
2025-10-01T22:01:12.923724,bodo glimt,20 B+,"bodo glimt son dakika, bodo glimt güncel",
2025-10-01T22:01:13.424775,global sumud flotilla,5 B+,"global sumud flotilla güncel, global sumud flotilla son dakika",
2025-10-01T23:01:04.169763,barcelona - psg,100 B+,"barcelona - psg son dakika, barcelona - psg güncel",
2025-10-01T23:01:04.670754,sumud filosu,50 B+,"sumud filosu son dakika, sumud filosu güncel",
2025-10-01T23:01:05.171905,fenerbahçe - paris,20 B+,"fenerbahçe - paris güncel, fenerbahçe - paris son dakika",
2025-10-01T23:01:05.672770,şampiyonlar ligi puan durumu,200 B+,"şampiyonlar ligi puan durumu son dakika, şampiyonlar ligi puan durumu güncel",
2025-10-01T23:01:06.173814,barcelona,20 B+,"barcelona güncel, barcelona son dakika",
2025-10-01T23:01:06.675005,monaco - manchester city,10 B+,"monaco - manchester city güncel, monaco - manchester city son dakika",
2025-10-01T23:01:07.176121,villarreal - juventus,10 B+,"villarreal - juventus son dakika, villarreal - juventus güncel",
2025-10-01T23:01:07.677201,ayşe barım,20 B+,"ayşe barım güncel, ayşe barım son dakika",
2025-10-01T23:01:08.178355,sumud,10 B+,"sumud son dakika, sumud güncel",
2025-10-01T23:01:08.679523,kanal d canlı,50 B+,"kanal d canlı son dakika, kanal d canlı güncel",
2025-10-01T23:01:09.180700,برشلونة ضد بي اس جي,10 B+,"برشلونة ضد بي اس جي son dakika, برشلونة ضد بي اس جي güncel",
2025-10-01T23:01:09.681217,arsenal - olympiakos,5 B+,"arsenal - olympiakos son dakika, arsenal - olympiakos güncel",
2025-10-01T23:01:10.182392,union saint-gilloise - newcastle united,20 B+,"union saint-gilloise - newcastle united son dakika, union saint-gilloise - newcastle united güncel",
2025-10-01T23:01:10.683526,borussia dortmund - athletic bilbao,5 B+,"borussia dortmund - athletic bilbao son dakika, borussia dortmund - athletic bilbao güncel",
2025-10-01T23:01:11.184281,nice,20 B+,"nice güncel, nice son dakika",
2025-10-02T00:01:07.465221,barcelona - psg,100 B+,"barcelona - psg güncel, barcelona - psg son dakika",
2025-10-02T00:01:07.966447,sumud filosu,100 B+,"sumud filosu güncel, sumud filosu son dakika",
2025-10-02T00:01:08.467435,barcelona,50 B+,"barcelona son dakika, barcelona güncel",
2025-10-02T00:01:08.968527,villarreal - juventus,20 B+,"villarreal - juventus son dakika, villarreal - juventus güncel",
2025-10-02T00:01:09.469623,monaco - manchester city,20 B+,"monaco - manchester city son dakika, monaco - manchester city güncel",
2025-10-02T00:01:09.970821,fenerbahçe - paris,50 B+,"fenerbahçe - paris son dakika, fenerbahçe - paris güncel",
2025-10-02T00:01:10.472008,ayşe barım,20 B+,"ayşe barım güncel, ayşe barım son dakika",
2025-10-02T00:01:10.973106,juventus,10 B+,"juventus son dakika, juventus güncel",
2025-10-02T00:01:11.474207,eşref rüya 16 bölüm full izle,10 B+,"eşref rüya 16 bölüm full izle güncel, eşref rüya 16 bölüm full izle son dakika",
2025-10-02T00:01:11.975165,برشلونة ضد بي اس جي,10 B+,"برشلونة ضد بي اس جي son dakika, برشلونة ضد بي اس جي güncel",
2025-10-02T00:01:12.476177,arsenal - olympiakos,10 B+,"arsenal - olympiakos son dakika, arsenal - olympiakos güncel",
2025-10-02T00:01:12.977146,borussia dortmund - athletic bilbao,5 B+,"borussia dortmund - athletic bilbao güncel, borussia dortmund - athletic bilbao son dakika",
2025-10-02T00:01:13.478207,napoli - sporting lizbon,5 B+,"napoli - sporting lizbon güncel, napoli - sporting lizbon son dakika",
2025-10-02T00:01:13.979248,global sumud flotilla,10 B+,"global sumud flotilla son dakika, global sumud flotilla güncel",
2025-10-02T00:01:14.480221,sampiyonlar ligi puan durumu,50 B+,"sampiyonlar ligi puan durumu güncel, sampiyonlar ligi puan durumu son dakika",
2025-10-02T01:01:04.232332,barcelona - psg,100 B+,"barcelona - psg son dakika, barcelona - psg güncel",
2025-10-02T01:01:04.733225,sumud filosu,100 B+,"sumud filosu son dakika, sumud filosu güncel",
2025-10-02T01:01:05.234367,eşref rüya 16 bölüm full izle,100 B+,"eşref rüya 16 bölüm full izle son dakika, eşref rüya 16 bölüm full izle güncel",
2025-10-02T01:01:05.735416,monaco - manchester city,20 B+,"monaco - manchester city güncel, monaco - manchester city son dakika",
2025-10-02T01:01:06.236529,villarreal - juventus,20 B+,"villarreal - juventus güncel, villarreal - juventus son dakika",
2025-10-02T01:01:06.737690,ayşe barım,20 B+,"ayşe barım güncel, ayşe barım son dakika",
2025-10-02T01:01:07.238224,fenerbahçe - paris,50 B+,"fenerbahçe - paris güncel, fenerbahçe - paris son dakika",
2025-10-02T01:01:07.739352,arsenal - olympiakos,10 B+,"arsenal - olympiakos güncel, arsenal - olympiakos son dakika",
2025-10-02T01:01:08.240525,برشلونة ضد بي اس جي,10 B+,"برشلونة ضد بي اس جي son dakika, برشلونة ضد بي اس جي güncel",
2025-10-02T01:01:08.741633,borussia dortmund - athletic bilbao,10 B+,"borussia dortmund - athletic bilbao güncel, borussia dortmund - athletic bilbao son dakika",
2025-10-02T01:01:09.242741,juventus,20 B+,"juventus son dakika, juventus güncel",
2025-10-02T01:01:09.743835,napoli - sporting lizbon,5 B+,"napoli - sporting lizbon güncel, napoli - sporting lizbon son dakika",
2025-10-02T01:01:10.245188,barcelona psg maçı,50 B+,"barcelona psg maçı son dakika, barcelona psg maçı güncel",
2025-10-02T01:01:10.746373,union saint-gilloise - newcastle united,20 B+,"union saint-gilloise - newcastle united güncel, union saint-gilloise - newcastle united son dakika",
2025-10-02T01:01:11.247527,greta thunberg,2 B+,"greta thunberg son dakika, greta thunberg güncel",
2025-10-02T02:01:04.172920,barcelona - psg,100 B+,"barcelona - psg güncel, barcelona - psg son dakika",
2025-10-02T02:01:04.673802,eşref rüya 16 bölüm full izle,100 B+,"eşref rüya 16 bölüm full izle son dakika, eşref rüya 16 bölüm full izle güncel",
2025-10-02T02:01:05.174734,sumud,50 B+,"sumud son dakika, sumud güncel",
2025-10-02T02:01:05.675764,monaco - manchester city,20 B+,"monaco - manchester city güncel, monaco - manchester city son dakika",
2025-10-02T02:01:06.176814,villarreal - juventus,20 B+,"villarreal - juventus güncel, villarreal - juventus son dakika",
2025-10-02T02:01:06.678045,ayşe barım,20 B+,"ayşe barım son dakika, ayşe barım güncel",
2025-10-02T02:01:07.179133,psg barcelona,50 B+,"psg barcelona son dakika, psg barcelona güncel",
2025-10-02T02:01:07.680201,fenerbahçe - paris,50 B+,"fenerbahçe - paris son dakika, fenerbahçe - paris güncel",
2025-10-02T02:01:08.181196,arsenal - olympiakos,10 B+,"arsenal - olympiakos son dakika, arsenal - olympiakos güncel",
2025-10-02T02:01:08.682140,برشلونة ضد بي اس جي,10 B+,"برشلونة ضد بي اس جي güncel, برشلونة ضد بي اس جي son dakika",
2025-10-02T02:01:09.183322,napoli - sporting lizbon,5 B+,"napoli - sporting lizbon son dakika, napoli - sporting lizbon güncel",
2025-10-02T02:01:09.684231,borussia dortmund - athletic bilbao,10 B+,"borussia dortmund - athletic bilbao güncel, borussia dortmund - athletic bilbao son dakika",
2025-10-02T02:01:10.185292,juventus,20 B+,"juventus son dakika, juventus güncel",
2025-10-02T02:01:10.686242,greta thunberg,5 B+,"greta thunberg son dakika, greta thunberg güncel",
2025-10-02T02:01:11.187296,ökkeş şendiller,5 B+,"ökkeş şendiller son dakika, ökkeş şendiller güncel",
2025-10-02T03:01:05.374189,barcelona - psg,100 B+,"barcelona - psg güncel, barcelona - psg son dakika",
2025-10-02T03:01:05.875189,eşref rüya 16 bölüm full izle,100 B+,"eşref rüya 16 bölüm full izle güncel, eşref rüya 16 bölüm full izle son dakika",
2025-10-02T03:01:06.376212,sumud filosu nedir,50 B+,"sumud filosu nedir son dakika, sumud filosu nedir güncel",
2025-10-02T03:01:06.877310,monaco - manchester city,20 B+,"monaco - manchester city son dakika, monaco - manchester city güncel",
2025-10-02T03:01:07.378304,villarreal - juventus,20 B+,"villarreal - juventus son dakika, villarreal - juventus güncel",
2025-10-02T03:01:07.879449,ayşe barım,20 B+,"ayşe barım son dakika, ayşe barım güncel",
2025-10-02T03:01:08.379961,fenerbahçe - paris,50 B+,"fenerbahçe - paris son dakika, fenerbahçe - paris güncel",
2025-10-02T03:01:08.881065,psg barcelona,50 B+,"psg barcelona son dakika, psg barcelona güncel",
2025-10-02T03:01:09.382062,arsenal - olympiakos,10 B+,"arsenal - olympiakos güncel, arsenal - olympiakos son dakika",
2025-10-02T03:01:09.883085,برشلونة ضد بي اس جي,10 B+,"برشلونة ضد بي اس جي güncel, برشلونة ضد بي اس جي son dakika",
2025-10-02T03:01:10.384171,bekir develi,5 B+,"bekir develi güncel, bekir develi son dakika",
2025-10-02T03:01:10.885237,borussia dortmund - athletic bilbao,10 B+,"borussia dortmund - athletic bilbao güncel, borussia dortmund - athletic bilbao son dakika",
2025-10-02T03:01:11.386326,napoli - sporting lizbon,5 B+,"napoli - sporting lizbon güncel, napoli - sporting lizbon son dakika",
2025-10-02T03:01:11.887422,greta thunberg,5 B+,"greta thunberg son dakika, greta thunberg güncel",
2025-10-02T03:01:12.388540,ökkeş şendiller,5 B+,"ökkeş şendiller güncel, ökkeş şendiller son dakika",
2025-10-02T04:01:04.050388,barcelona - psg,100 B+,"barcelona - psg son dakika, barcelona - psg güncel",
2025-10-02T04:01:04.551430,eşref rüya 16 bölüm full izle,100 B+,"eşref rüya 16 bölüm full izle son dakika, eşref rüya 16 bölüm full izle güncel",
2025-10-02T04:01:05.052506,sumud,50 B+,"sumud güncel, sumud son dakika",
2025-10-02T04:01:05.553580,monaco - manchester city,20 B+,"monaco - manchester city son dakika, monaco - manchester city güncel",
2025-10-02T04:01:06.054719,villarreal - juventus,20 B+,"villarreal - juventus son dakika, villarreal - juventus güncel",
2025-10-02T04:01:06.555797,ayşe barım,20 B+,"ayşe barım son dakika, ayşe barım güncel",
2025-10-02T04:01:07.056224,bekir develi,5 B+,"bekir develi son dakika, bekir develi güncel",
2025-10-02T04:01:07.557183,psg barcelona,50 B+,"psg barcelona güncel, psg barcelona son dakika",
2025-10-02T04:01:08.058325,arsenal - olympiakos,10 B+,"arsenal - olympiakos son dakika, arsenal - olympiakos güncel",
2025-10-02T04:01:08.559429,borussia dortmund - athletic bilbao,10 B+,"borussia dortmund - athletic bilbao güncel, borussia dortmund - athletic bilbao son dakika",
2025-10-02T04:01:09.060569,napoli - sporting lizbon,5 B+,"napoli - sporting lizbon güncel, napoli - sporting lizbon son dakika",
2025-10-02T04:01:09.561687,greta thunberg,5 B+,"greta thunberg son dakika, greta thunberg güncel",
2025-10-02T04:01:10.062917,ökkeş şendiller,5 B+,"ökkeş şendiller güncel, ökkeş şendiller son dakika",
2025-10-02T04:01:10.564128,fenerbahçe - paris,50 B+,"fenerbahçe - paris son dakika, fenerbahçe - paris güncel",
2025-10-02T04:01:11.065278,filistin,2 B+,"filistin son dakika, filistin güncel",
2025-10-02T05:01:05.279265,barcelona - psg,100 B+,"barcelona - psg son dakika, barcelona - psg güncel",
2025-10-02T05:01:05.780343,eşref rüya 16 bölüm full izle,100 B+,"eşref rüya 16 bölüm full izle son dakika, eşref rüya 16 bölüm full izle güncel",
2025-10-02T05:01:06.281388,sumud,50 B+,"sumud güncel, sumud son dakika",
2025-10-02T05:01:06.782526,villarreal - juventus,20 B+,"villarreal - juventus güncel, villarreal - juventus son dakika",
2025-10-02T05:01:07.283579,monaco - manchester city,20 B+,"monaco - manchester city güncel, monaco - manchester city son dakika",
2025-10-02T05:01:07.784741,fenerbahçe - paris,50 B+,"fenerbahçe - paris son dakika, fenerbahçe - paris güncel",
2025-10-02T05:01:08.285804,arsenal - olympiakos,10 B+,"arsenal - olympiakos son dakika, arsenal - olympiakos güncel",
2025-10-02T05:01:08.786929,ayşe barım,20 B+,"ayşe barım güncel, ayşe barım son dakika",
2025-10-02T05:01:09.288136,borussia dortmund - athletic bilbao,10 B+,"borussia dortmund - athletic bilbao son dakika, borussia dortmund - athletic bilbao güncel",
2025-10-02T05:01:09.789287,psg barcelona,50 B+,"psg barcelona son dakika, psg barcelona güncel",
2025-10-02T05:01:10.290445,napoli - sporting lizbon,5 B+,"napoli - sporting lizbon güncel, napoli - sporting lizbon son dakika",
2025-10-02T05:01:10.791503,bekir develi,5 B+,"bekir develi son dakika, bekir develi güncel",
2025-10-02T05:01:11.292528,برشلونة ضد بي اس جي,10 B+,"برشلونة ضد بي اس جي son dakika, برشلونة ضد بي اس جي güncel",
2025-10-02T05:01:11.793516,greta thunberg,5 B+,"greta thunberg güncel, greta thunberg son dakika",
2025-10-02T05:01:12.294609,ökkeş şendiller,5 B+,"ökkeş şendiller son dakika, ökkeş şendiller güncel",
2025-10-02T06:01:05.414364,barcelona - psg,100 B+,"barcelona - psg son dakika, barcelona - psg güncel",
2025-10-02T06:01:05.915393,eşref rüya 16 bölüm full izle,50 B+,"eşref rüya 16 bölüm full izle güncel, eşref rüya 16 bölüm full izle son dakika",
2025-10-02T06:01:06.416432,sumud,50 B+,"sumud güncel, sumud son dakika",
2025-10-02T06:01:06.917475,villarreal - juventus,20 B+,"villarreal - juventus son dakika, villarreal - juventus güncel",
2025-10-02T06:01:07.418329,monaco - manchester city,20 B+,"monaco - manchester city son dakika, monaco - manchester city güncel",
2025-10-02T06:01:07.919375,fenerbahçe - paris,50 B+,"fenerbahçe - paris son dakika, fenerbahçe - paris güncel",
2025-10-02T06:01:08.420487,arsenal - olympiakos,10 B+,"arsenal - olympiakos son dakika, arsenal - olympiakos güncel",
2025-10-02T06:01:08.921638,ayşe barım,20 B+,"ayşe barım son dakika, ayşe barım güncel",
2025-10-02T06:01:09.422798,borussia dortmund - athletic bilbao,10 B+,"borussia dortmund - athletic bilbao güncel, borussia dortmund - athletic bilbao son dakika",
2025-10-02T06:01:09.924095,napoli - sporting lizbon,5 B+,"napoli - sporting lizbon güncel, napoli - sporting lizbon son dakika",
2025-10-02T06:01:10.425254,psg barcelona,50 B+,"psg barcelona son dakika, psg barcelona güncel",
2025-10-02T06:01:10.926148,bekir develi,5 B+,"bekir develi son dakika, bekir develi güncel",
2025-10-02T06:01:11.426962,برشلونة ضد بي اس جي,10 B+,"برشلونة ضد بي اس جي güncel, برشلونة ضد بي اس جي son dakika",
2025-10-02T06:01:11.928058,juventus,20 B+,"juventus son dakika, juventus güncel",
2025-10-02T06:01:12.429141,greta thunberg,5 B+,"greta thunberg son dakika, greta thunberg güncel",
2025-10-02T07:01:05.490206,barcelona - psg,200 B+,"barcelona - psg son dakika, barcelona - psg güncel",
2025-10-02T07:01:05.991271,monaco - manchester city,20 B+,"monaco - manchester city güncel, monaco - manchester city son dakika",
2025-10-02T07:01:06.492035,villarreal - juventus,20 B+,"villarreal - juventus son dakika, villarreal - juventus güncel",
2025-10-02T07:01:06.993121,eşref rüya 16 bölüm full izle,50 B+,"eşref rüya 16 bölüm full izle güncel, eşref rüya 16 bölüm full izle son dakika",
2025-10-02T07:01:07.494157,sumud filosu nedir,50 B+,"sumud filosu nedir son dakika, sumud filosu nedir güncel",
2025-10-02T07:01:07.995171,arsenal - olympiakos,10 B+,"arsenal - olympiakos son dakika, arsenal - olympiakos güncel",
2025-10-02T07:01:08.496148,psg barcelona,50 B+,"psg barcelona güncel, psg barcelona son dakika",
2025-10-02T07:01:08.997216,fenerbahçe - paris,50 B+,"fenerbahçe - paris son dakika, fenerbahçe - paris güncel",
2025-10-02T07:01:09.498276,ayşe barım,20 B+,"ayşe barım güncel, ayşe barım son dakika",
2025-10-02T07:01:09.999360,napoli - sporting lizbon,5 B+,"napoli - sporting lizbon güncel, napoli - sporting lizbon son dakika",
2025-10-02T07:01:10.500220,borussia dortmund - athletic bilbao,10 B+,"borussia dortmund - athletic bilbao son dakika, borussia dortmund - athletic bilbao güncel",
2025-10-02T07:01:11.001311,برشلونة ضد بي اس جي,10 B+,"برشلونة ضد بي اس جي son dakika, برشلونة ضد بي اس جي güncel",
2025-10-02T07:01:11.502402,bekir develi,5 B+,"bekir develi güncel, bekir develi son dakika",
2025-10-02T07:01:12.003483,juventus,20 B+,"juventus güncel, juventus son dakika",
2025-10-02T07:01:12.504537,greta thunberg,5 B+,"greta thunberg son dakika, greta thunberg güncel",
2025-10-02T08:01:04.050797,barcelona - psg,100 B+,"barcelona - psg son dakika, barcelona - psg güncel",
2025-10-02T08:01:04.551788,villarreal - juventus,20 B+,"villarreal - juventus son dakika, villarreal - juventus güncel",
2025-10-02T08:01:05.053046,monaco - manchester city,20 B+,"monaco - manchester city son dakika, monaco - manchester city güncel",
2025-10-02T08:01:05.554217,eşref rüya 16 bölüm full izle,100 B+,"eşref rüya 16 bölüm full izle güncel, eşref rüya 16 bölüm full izle son dakika",
2025-10-02T08:01:06.055237,sumud filosu son dakika,50 B+,"sumud filosu son dakika güncel, sumud filosu son dakika son dakika",
2025-10-02T08:01:06.556345,psg barcelona,50 B+,"psg barcelona güncel, psg barcelona son dakika",
2025-10-02T08:01:07.057437,arsenal - olympiakos,10 B+,"arsenal - olympiakos son dakika, arsenal - olympiakos güncel",
2025-10-02T08:01:07.558466,ayşe barım,20 B+,"ayşe barım son dakika, ayşe barım güncel",
2025-10-02T08:01:08.059619,fenerbahçe - paris,50 B+,"fenerbahçe - paris güncel, fenerbahçe - paris son dakika",
2025-10-02T08:01:08.560726,napoli - sporting lizbon,10 B+,"napoli - sporting lizbon son dakika, napoli - sporting lizbon güncel",
2025-10-02T08:01:09.061950,borussia dortmund - athletic bilbao,10 B+,"borussia dortmund - athletic bilbao son dakika, borussia dortmund - athletic bilbao güncel",
2025-10-02T08:01:09.563118,bekir develi,5 B+,"bekir develi son dakika, bekir develi güncel",
2025-10-02T08:01:10.064283,برشلونة ضد بي اس جي,10 B+,"برشلونة ضد بي اس جي son dakika, برشلونة ضد بي اس جي güncel",
2025-10-02T08:01:10.565434,juventus,20 B+,"juventus güncel, juventus son dakika",
2025-10-02T08:01:11.066594,ökkeş şendiller,5 B+,"ökkeş şendiller son dakika, ökkeş şendiller güncel",
2025-10-02T09:01:05.943584,barcelona - psg,100 B+,"barcelona - psg son dakika, barcelona - psg güncel",
2025-10-02T09:01:06.444609,eşref rüya 16 bölüm full izle,100 B+,"eşref rüya 16 bölüm full izle güncel, eşref rüya 16 bölüm full izle son dakika",
2025-10-02T09:01:06.945678,sumud filosu son dakika,50 B+,"sumud filosu son dakika son dakika, sumud filosu son dakika güncel",
2025-10-02T09:01:07.446793,monaco - manchester city,20 B+,"monaco - manchester city son dakika, monaco - manchester city güncel",
2025-10-02T09:01:07.947938,villarreal - juventus,20 B+,"villarreal - juventus güncel, villarreal - juventus son dakika",
2025-10-02T09:01:08.448171,ayşe barım,20 B+,"ayşe barım güncel, ayşe barım son dakika",
2025-10-02T09:01:08.949304,fenerbahçe - paris,50 B+,"fenerbahçe - paris son dakika, fenerbahçe - paris güncel",
2025-10-02T09:01:09.450351,psg barcelona,50 B+,"psg barcelona güncel, psg barcelona son dakika",
2025-10-02T09:01:09.951498,arsenal - olympiakos,10 B+,"arsenal - olympiakos güncel, arsenal - olympiakos son dakika",
2025-10-02T09:01:10.452610,bekir develi,5 B+,"bekir develi güncel, bekir develi son dakika",
2025-10-02T09:01:10.953773,napoli - sporting lizbon,10 B+,"napoli - sporting lizbon güncel, napoli - sporting lizbon son dakika",
2025-10-02T09:01:11.454956,borussia dortmund - athletic bilbao,10 B+,"borussia dortmund - athletic bilbao son dakika, borussia dortmund - athletic bilbao güncel",
2025-10-02T09:01:11.956177,برشلونة ضد بي اس جي,10 B+,"برشلونة ضد بي اس جي güncel, برشلونة ضد بي اس جي son dakika",
2025-10-02T09:01:12.457318,greta thunberg,5 B+,"greta thunberg güncel, greta thunberg son dakika",
2025-10-02T09:01:12.958476,ali bekmezci,5 B+,"ali bekmezci son dakika, ali bekmezci güncel",
2025-10-02T10:01:05.105398,barcelona - psg,100 B+,"barcelona - psg güncel, barcelona - psg son dakika",
2025-10-02T10:01:05.606470,eşref rüya 16 bölüm full izle,200 B+,"eşref rüya 16 bölüm full izle son dakika, eşref rüya 16 bölüm full izle güncel",
2025-10-02T10:01:06.107624,sumud filosu son dakika,50 B+,"sumud filosu son dakika güncel, sumud filosu son dakika son dakika",
2025-10-02T10:01:06.608787,monaco - manchester city,20 B+,"monaco - manchester city son dakika, monaco - manchester city güncel",
2025-10-02T10:01:07.109344,villarreal - juventus,20 B+,"villarreal - juventus güncel, villarreal - juventus son dakika",
2025-10-02T10:01:07.610514,ayşe barım,20 B+,"ayşe barım güncel, ayşe barım son dakika",
2025-10-02T10:01:08.110968,bekir develi,10 B+,"bekir develi güncel, bekir develi son dakika",
2025-10-02T10:01:08.612128,fenerbahçe - paris,50 B+,"fenerbahçe - paris güncel, fenerbahçe - paris son dakika",
2025-10-02T10:01:09.113283,psg barcelona,50 B+,"psg barcelona güncel, psg barcelona son dakika",
2025-10-02T10:01:09.614420,arsenal - olympiakos,10 B+,"arsenal - olympiakos güncel, arsenal - olympiakos son dakika",
2025-10-02T10:01:10.115335,ali bekmezci,10 B+,"ali bekmezci güncel, ali bekmezci son dakika",
2025-10-02T10:01:10.616491,greta thunberg,10 B+,"greta thunberg son dakika, greta thunberg güncel",
2025-10-02T10:01:11.117648,napoli - sporting lizbon,10 B+,"napoli - sporting lizbon son dakika, napoli - sporting lizbon güncel",
2025-10-02T10:01:11.618781,borussia dortmund - athletic bilbao,10 B+,"borussia dortmund - athletic bilbao son dakika, borussia dortmund - athletic bilbao güncel",
2025-10-02T10:01:12.120021,ökkeş şendiller,5 B+,"ökkeş şendiller güncel, ökkeş şendiller son dakika",
2025-10-02T11:01:04.235803,barcelona - psg,100 B+,"barcelona - psg son dakika, barcelona - psg güncel",
2025-10-02T11:01:04.737150,eşref rüya 16 bölüm full izle,200 B+,"eşref rüya 16 bölüm full izle son dakika, eşref rüya 16 bölüm full izle güncel",
2025-10-02T11:01:05.238299,sumud filosu son dakika,100 B+,"sumud filosu son dakika güncel, sumud filosu son dakika son dakika",
2025-10-02T11:01:05.739449,monaco - manchester city,50 B+,"monaco - manchester city güncel, monaco - manchester city son dakika",
2025-10-02T11:01:06.240587,villarreal - juventus,20 B+,"villarreal - juventus güncel, villarreal - juventus son dakika",
2025-10-02T11:01:06.741641,ayşe barım,20 B+,"ayşe barım güncel, ayşe barım son dakika",
2025-10-02T11:01:07.242781,bekir develi,10 B+,"bekir develi son dakika, bekir develi güncel",
2025-10-02T11:01:07.743950,fenerbahçe - paris,50 B+,"fenerbahçe - paris son dakika, fenerbahçe - paris güncel",
2025-10-02T11:01:08.245107,psg barcelona,50 B+,"psg barcelona güncel, psg barcelona son dakika",
2025-10-02T11:01:08.746254,greta thunberg,10 B+,"greta thunberg son dakika, greta thunberg güncel",
2025-10-02T11:01:09.247379,ali bekmezci,5 B+,"ali bekmezci son dakika, ali bekmezci güncel",
2025-10-02T11:01:09.748486,arsenal - olympiakos,10 B+,"arsenal - olympiakos güncel, arsenal - olympiakos son dakika",
2025-10-02T11:01:10.249402,napoli - sporting lizbon,10 B+,"napoli - sporting lizbon güncel, napoli - sporting lizbon son dakika",
2025-10-02T11:01:10.750559,nefes kredisi,10 B+,"nefes kredisi son dakika, nefes kredisi güncel",
2025-10-02T11:01:11.251788,borussia dortmund - athletic bilbao,10 B+,"borussia dortmund - athletic bilbao güncel, borussia dortmund - athletic bilbao son dakika",
2025-10-02T12:01:05.233926,barcelona - psg,100 B+,"barcelona - psg son dakika, barcelona - psg güncel",
2025-10-02T12:01:05.735266,eşref rüya 16 bölüm full izle,200 B+,"eşref rüya 16 bölüm full izle güncel, eşref rüya 16 bölüm full izle son dakika",
2025-10-02T12:01:06.236434,sumud filosu son dakika,100 B+,"sumud filosu son dakika son dakika, sumud filosu son dakika güncel",
2025-10-02T12:01:06.737597,monaco - manchester city,20 B+,"monaco - manchester city son dakika, monaco - manchester city güncel",
2025-10-02T12:01:07.238753,villarreal - juventus,20 B+,"villarreal - juventus son dakika, villarreal - juventus güncel",
2025-10-02T12:01:07.739841,bekir develi,10 B+,"bekir develi güncel, bekir develi son dakika",
2025-10-02T12:01:08.241118,fenerbahçe - paris,50 B+,"fenerbahçe - paris güncel, fenerbahçe - paris son dakika",
2025-10-02T12:01:08.742400,psg barcelona,50 B+,"psg barcelona güncel, psg barcelona son dakika",
2025-10-02T12:01:09.243568,ali bekmezci,5 B+,"ali bekmezci son dakika, ali bekmezci güncel",
2025-10-02T12:01:09.744698,greta thunberg,10 B+,"greta thunberg güncel, greta thunberg son dakika",
2025-10-02T12:01:10.245918,arsenal - olympiakos,10 B+,"arsenal - olympiakos güncel, arsenal - olympiakos son dakika",
2025-10-02T12:01:10.747185,napoli - sporting lizbon,10 B+,"napoli - sporting lizbon son dakika, napoli - sporting lizbon güncel",
2025-10-02T12:01:11.248368,borussia dortmund - athletic bilbao,10 B+,"borussia dortmund - athletic bilbao son dakika, borussia dortmund - athletic bilbao güncel",
2025-10-02T12:01:11.749513,ipek filiz yazıcı,2 B+,"ipek filiz yazıcı güncel, ipek filiz yazıcı son dakika",
2025-10-02T12:01:12.250724,filistin,5 B+,"filistin güncel, filistin son dakika",
2025-10-02T13:01:04.621133,eşref rüya 16 bölüm full izle,200 B+,"eşref rüya 16 bölüm full izle güncel, eşref rüya 16 bölüm full izle son dakika",
2025-10-02T13:01:05.121791,barcelona - psg,100 B+,"barcelona - psg son dakika, barcelona - psg güncel",
2025-10-02T13:01:05.622967,sumud filosu son dakika,100 B+,"sumud filosu son dakika son dakika, sumud filosu son dakika güncel",
2025-10-02T13:01:06.124128,monaco - manchester city,50 B+,"monaco - manchester city son dakika, monaco - manchester city güncel",
2025-10-02T13:01:06.625291,villarreal - juventus,20 B+,"villarreal - juventus güncel, villarreal - juventus son dakika",
2025-10-02T13:01:07.126258,bekir develi,10 B+,"bekir develi son dakika, bekir develi güncel",
2025-10-02T13:01:07.627299,fenerbahçe - paris,50 B+,"fenerbahçe - paris güncel, fenerbahçe - paris son dakika",
2025-10-02T13:01:08.128336,psg barcelona,50 B+,"psg barcelona güncel, psg barcelona son dakika",
2025-10-02T13:01:08.629477,ali bekmezci,10 B+,"ali bekmezci son dakika, ali bekmezci güncel",
2025-10-02T13:01:09.130630,greta thunberg,20 B+,"greta thunberg güncel, greta thunberg son dakika",
2025-10-02T13:01:09.631787,arsenal - olympiakos,10 B+,"arsenal - olympiakos güncel, arsenal - olympiakos son dakika",
2025-10-02T13:01:10.133014,ipek filiz yazıcı,2 B+,"ipek filiz yazıcı güncel, ipek filiz yazıcı son dakika",
2025-10-02T13:01:10.634170,yasin kol,2 B+,"yasin kol son dakika, yasin kol güncel",
2025-10-02T13:01:11.135214,filistin,5 B+,"filistin son dakika, filistin güncel",
2025-10-02T13:01:11.635971,napoli - sporting lizbon,10 B+,"napoli - sporting lizbon son dakika, napoli - sporting lizbon güncel",
2025-10-02T14:01:04.403403,eşref rüya 16 bölüm full izle,200 B+,"eşref rüya 16 bölüm full izle güncel, eşref rüya 16 bölüm full izle son dakika",
2025-10-02T14:01:04.904151,barcelona - psg,100 B+,"barcelona - psg son dakika, barcelona - psg güncel",
2025-10-02T14:01:05.405288,sumud filosu son dakika,100 B+,"sumud filosu son dakika güncel, sumud filosu son dakika son dakika",
2025-10-02T14:01:05.906452,monaco - manchester city,50 B+,"monaco - manchester city son dakika, monaco - manchester city güncel",
2025-10-02T14:01:06.407574,villarreal - juventus,20 B+,"villarreal - juventus güncel, villarreal - juventus son dakika",
2025-10-02T14:01:06.908686,bekir develi,10 B+,"bekir develi son dakika, bekir develi güncel",
2025-10-02T14:01:07.409619,greta thunberg,20 B+,"greta thunberg son dakika, greta thunberg güncel",
2025-10-02T14:01:07.910693,psg barcelona,50 B+,"psg barcelona son dakika, psg barcelona güncel",
2025-10-02T14:01:08.411358,ipek filiz yazıcı,5 B+,"ipek filiz yazıcı güncel, ipek filiz yazıcı son dakika",
2025-10-02T14:01:08.912480,ali bekmezci,10 B+,"ali bekmezci güncel, ali bekmezci son dakika",
2025-10-02T14:01:09.413640,arsenal - olympiakos,10 B+,"arsenal - olympiakos son dakika, arsenal - olympiakos güncel",
2025-10-02T14:01:09.914803,filistin,5 B+,"filistin son dakika, filistin güncel",
2025-10-02T14:01:10.415812,ahmet minguzzi,2 B+,"ahmet minguzzi son dakika, ahmet minguzzi güncel",
2025-10-02T14:01:10.917037,a haber canlı,10 B+,"a haber canlı son dakika, a haber canlı güncel",
2025-10-02T14:01:11.418149,ayşe barım kimdir,10 B+,"ayşe barım kimdir güncel, ayşe barım kimdir son dakika",
2025-10-02T15:01:03.572129,barcelona - psg,100 B+,"barcelona - psg son dakika, barcelona - psg güncel",
2025-10-02T15:01:04.073211,eşref rüya 16 bölüm full izle,200 B+,"eşref rüya 16 bölüm full izle güncel, eşref rüya 16 bölüm full izle son dakika",
2025-10-02T15:01:04.574361,sumud filosu son dakika,100 B+,"sumud filosu son dakika güncel, sumud filosu son dakika son dakika",
2025-10-02T15:01:05.075489,villarreal - juventus,20 B+,"villarreal - juventus son dakika, villarreal - juventus güncel",
2025-10-02T15:01:05.576578,monaco - manchester city,50 B+,"monaco - manchester city güncel, monaco - manchester city son dakika",
2025-10-02T15:01:06.077721,bekir develi,10 B+,"bekir develi son dakika, bekir develi güncel",
2025-10-02T15:01:06.578926,ahmet minguzzi,5 B+,"ahmet minguzzi son dakika, ahmet minguzzi güncel",
2025-10-02T15:01:07.080132,greta thunberg,20 B+,"greta thunberg güncel, greta thunberg son dakika",
2025-10-02T15:01:07.581295,ipek filiz yazıcı,5 B+,"ipek filiz yazıcı son dakika, ipek filiz yazıcı güncel",
2025-10-02T15:01:08.082428,psg barcelona,50 B+,"psg barcelona güncel, psg barcelona son dakika",
2025-10-02T15:01:08.583500,ali bekmezci,10 B+,"ali bekmezci son dakika, ali bekmezci güncel",
2025-10-02T15:01:09.084661,jane goodall,5 B+,"jane goodall güncel, jane goodall son dakika",
2025-10-02T15:01:09.585758,a haber canlı,10 B+,"a haber canlı güncel, a haber canlı son dakika",
2025-10-02T15:01:10.086972,ayşe barım kimdir,10 B+,"ayşe barım kimdir son dakika, ayşe barım kimdir güncel",
2025-10-02T15:01:10.588132,yasin kol,5 B+,"yasin kol güncel, yasin kol son dakika",
2025-10-02T16:01:04.270215,deprem,1 Mn+,"deprem son dakika, deprem güncel",
2025-10-02T16:01:04.771260,kandilli rasathanesi,200 B+,"kandilli rasathanesi son dakika, kandilli rasathanesi güncel",
2025-10-02T16:01:05.272386,eşref rüya 16 bölüm full izle,200 B+,"eşref rüya 16 bölüm full izle güncel, eşref rüya 16 bölüm full izle son dakika",
2025-10-02T16:01:05.773491,barcelona - psg,100 B+,"barcelona - psg son dakika, barcelona - psg güncel",
2025-10-02T16:01:06.274524,sumud filosu son dakika,100 B+,"sumud filosu son dakika güncel, sumud filosu son dakika son dakika",
2025-10-02T16:01:06.775682,monaco - manchester city,50 B+,"monaco - manchester city son dakika, monaco - manchester city güncel",
2025-10-02T16:01:07.276836,earthquake,5 B+,"earthquake son dakika, earthquake güncel",
2025-10-02T16:01:07.778105,bekir develi,10 B+,"bekir develi son dakika, bekir develi güncel",
2025-10-02T16:01:08.279283,villarreal - juventus,20 B+,"villarreal - juventus güncel, villarreal - juventus son dakika",
2025-10-02T16:01:08.780440,ahmet minguzzi,10 B+,"ahmet minguzzi son dakika, ahmet minguzzi güncel",
2025-10-02T16:01:09.281524,haberler,20 B+,"haberler güncel, haberler son dakika",
2025-10-02T16:01:09.782993,ipek filiz yazıcı,5 B+,"ipek filiz yazıcı güncel, ipek filiz yazıcı son dakika",
2025-10-02T16:01:10.284234,psg barcelona,50 B+,"psg barcelona son dakika, psg barcelona güncel",
2025-10-02T16:01:10.785395,kandilli rasathane,2 B+,"kandilli rasathane son dakika, kandilli rasathane güncel",
2025-10-02T16:01:11.286517,hürriyet,10 B+,"hürriyet son dakika, hürriyet güncel",
2025-10-02T17:01:04.372317,istanbul deprem,2 Mn+,"istanbul deprem son dakika, istanbul deprem güncel",
2025-10-02T17:01:04.873116,eşref rüya 16 bölüm full izle,200 B+,"eşref rüya 16 bölüm full izle güncel, eşref rüya 16 bölüm full izle son dakika",
2025-10-02T17:01:05.374160,sumud filosu son dakika,100 B+,"sumud filosu son dakika güncel, sumud filosu son dakika son dakika",
2025-10-02T17:01:05.875312,monaco - manchester city,50 B+,"monaco - manchester city son dakika, monaco - manchester city güncel",
2025-10-02T17:01:06.376361,villarreal - juventus,20 B+,"villarreal - juventus son dakika, villarreal - juventus güncel",
2025-10-02T17:01:06.877519,ahmet minguzzi,10 B+,"ahmet minguzzi güncel, ahmet minguzzi son dakika",
2025-10-02T17:01:07.378677,bekir develi,10 B+,"bekir develi güncel, bekir develi son dakika",
2025-10-02T17:01:07.878992,psg barcelona,50 B+,"psg barcelona güncel, psg barcelona son dakika",
2025-10-02T17:01:08.380119,greta thunberg,20 B+,"greta thunberg son dakika, greta thunberg güncel",
2025-10-02T17:01:08.881313,ipek filiz yazıcı,5 B+,"ipek filiz yazıcı son dakika, ipek filiz yazıcı güncel",
2025-10-02T17:01:09.382382,akaryakıta zam,2 B+,"akaryakıta zam güncel, akaryakıta zam son dakika",
2025-10-02T17:01:09.883492,fenerbahçe nice hangi kanalda,10 B+,"fenerbahçe nice hangi kanalda güncel, fenerbahçe nice hangi kanalda son dakika",
2025-10-02T17:01:10.384594,afad deprem,50 B+,"afad deprem güncel, afad deprem son dakika",
2025-10-02T17:01:10.885225,filistin,5 B+,"filistin güncel, filistin son dakika",
2025-10-02T17:01:11.386396,ali bekmezci,10 B+,"ali bekmezci güncel, ali bekmezci son dakika",
2025-10-02T18:01:04.388743,istanbul deprem,2 Mn+,"istanbul deprem güncel, istanbul deprem son dakika",
2025-10-02T18:01:04.889824,eşref rüya 16 bölüm full izle,200 B+,"eşref rüya 16 bölüm full izle son dakika, eşref rüya 16 bölüm full izle güncel",
2025-10-02T18:01:05.390921,sumud filosu son dakika,100 B+,"sumud filosu son dakika son dakika, sumud filosu son dakika güncel",
2025-10-02T18:01:05.891984,monaco - manchester city,50 B+,"monaco - manchester city son dakika, monaco - manchester city güncel",
2025-10-02T18:01:06.393044,bekir develi,10 B+,"bekir develi son dakika, bekir develi güncel",
2025-10-02T18:01:06.894184,ahmet minguzzi,10 B+,"ahmet minguzzi son dakika, ahmet minguzzi güncel",
2025-10-02T18:01:07.395247,villarreal - juventus,20 B+,"villarreal - juventus güncel, villarreal - juventus son dakika",
2025-10-02T18:01:07.896079,fenerbahçe nice hangi kanalda,10 B+,"fenerbahçe nice hangi kanalda güncel, fenerbahçe nice hangi kanalda son dakika",
2025-10-02T18:01:08.397188,ipek filiz yazıcı,10 B+,"ipek filiz yazıcı son dakika, ipek filiz yazıcı güncel",
2025-10-02T18:01:08.898338,greta thunberg,20 B+,"greta thunberg son dakika, greta thunberg güncel",
2025-10-02T18:01:09.399344,psg barcelona,50 B+,"psg barcelona son dakika, psg barcelona güncel",
2025-10-02T18:01:09.900403,ali bekmezci,10 B+,"ali bekmezci güncel, ali bekmezci son dakika",
2025-10-02T18:01:10.401559,akaryakıta zam,5 B+,"akaryakıta zam son dakika, akaryakıta zam güncel",
2025-10-02T18:01:10.902666,filistin,10 B+,"filistin güncel, filistin son dakika",
2025-10-02T18:01:11.403758,jane goodall,5 B+,"jane goodall güncel, jane goodall son dakika",
2025-10-02T19:01:04.896593,istanbul deprem,1 Mn+,"istanbul deprem güncel, istanbul deprem son dakika",
2025-10-02T19:01:05.397664,eşref rüya 16 bölüm full izle,200 B+,"eşref rüya 16 bölüm full izle güncel, eşref rüya 16 bölüm full izle son dakika",
2025-10-02T19:01:05.898458,ikbal gürpınar,100 B+,"ikbal gürpınar güncel, ikbal gürpınar son dakika",
2025-10-02T19:01:06.399555,fenerbahçe nice hangi kanalda,20 B+,"fenerbahçe nice hangi kanalda güncel, fenerbahçe nice hangi kanalda son dakika",
2025-10-02T19:01:06.900072,monaco - manchester city,50 B+,"monaco - manchester city son dakika, monaco - manchester city güncel",
2025-10-02T19:01:07.401174,bekir develi,20 B+,"bekir develi son dakika, bekir develi güncel",
2025-10-02T19:01:07.902233,ahmet minguzzi,20 B+,"ahmet minguzzi güncel, ahmet minguzzi son dakika",
2025-10-02T19:01:08.403351,villarreal - juventus,20 B+,"villarreal - juventus son dakika, villarreal - juventus güncel",
2025-10-02T19:01:08.904131,kandilli rasathanesi,200 B+,"kandilli rasathanesi güncel, kandilli rasathanesi son dakika",
2025-10-02T19:01:09.405182,ipek filiz yazıcı,10 B+,"ipek filiz yazıcı güncel, ipek filiz yazıcı son dakika",
2025-10-02T19:01:09.906086,greta thunberg,20 B+,"greta thunberg son dakika, greta thunberg güncel",
2025-10-02T19:01:10.407207,ali bekmezci,10 B+,"ali bekmezci son dakika, ali bekmezci güncel",
2025-10-02T19:01:10.908292,akaryakıta zam,5 B+,"akaryakıta zam güncel, akaryakıta zam son dakika",
2025-10-02T19:01:11.409439,jane goodall,5 B+,"jane goodall güncel, jane goodall son dakika",
2025-10-02T19:01:11.910503,yasin kol,5 B+,"yasin kol güncel, yasin kol son dakika",
2025-10-02T20:01:04.804774,fenerbahçe,200 B+,"fenerbahçe son dakika, fenerbahçe güncel",
2025-10-02T20:01:05.306051,eşref rüya 16 bölüm full izle,200 B+,"eşref rüya 16 bölüm full izle son dakika, eşref rüya 16 bölüm full izle güncel",
2025-10-02T20:01:05.807032,yarın okullar tatil mi,1 Mn+,"yarın okullar tatil mi son dakika, yarın okullar tatil mi güncel",
2025-10-02T20:01:06.308226,trt1 canlı,50 B+,"trt1 canlı son dakika, trt1 canlı güncel",
2025-10-02T20:01:06.809280,ikbal gürpınar,100 B+,"ikbal gürpınar güncel, ikbal gürpınar son dakika",
2025-10-02T20:01:07.310487,bekir develi,20 B+,"bekir develi güncel, bekir develi son dakika",
2025-10-02T20:01:07.811391,monaco - manchester city,50 B+,"monaco - manchester city güncel, monaco - manchester city son dakika",
2025-10-02T20:01:08.312558,ahmet minguzzi,20 B+,"ahmet minguzzi son dakika, ahmet minguzzi güncel",
2025-10-02T20:01:08.813634,villarreal - juventus,20 B+,"villarreal - juventus son dakika, villarreal - juventus güncel",
2025-10-02T20:01:09.314789,ipek filiz yazıcı,10 B+,"ipek filiz yazıcı güncel, ipek filiz yazıcı son dakika",
2025-10-02T20:01:09.815968,greta thunberg,20 B+,"greta thunberg güncel, greta thunberg son dakika",
2025-10-02T20:01:10.317114,akaryakıta zam,5 B+,"akaryakıta zam son dakika, akaryakıta zam güncel",
2025-10-02T20:01:10.818247,jane goodall,5 B+,"jane goodall güncel, jane goodall son dakika",
2025-10-02T20:01:11.319325,kandilli rasathanesi,200 B+,"kandilli rasathanesi son dakika, kandilli rasathanesi güncel",
2025-10-02T20:01:11.820527,ali bekmezci,10 B+,"ali bekmezci güncel, ali bekmezci son dakika",
2025-10-02T21:01:05.727066,fenerbahçe,500 B+,"fenerbahçe son dakika, fenerbahçe güncel",
2025-10-02T21:01:06.228148,trt1 canlı,100 B+,"trt1 canlı güncel, trt1 canlı son dakika",
2025-10-02T21:01:06.729164,yarın okullar tatil mi,1 Mn+,"yarın okullar tatil mi son dakika, yarın okullar tatil mi güncel",
2025-10-02T21:01:07.230294,esref ruya 16 bolum izle,200 B+,"esref ruya 16 bolum izle son dakika, esref ruya 16 bolum izle güncel",
2025-10-02T21:01:07.731455,trt1,50 B+,"trt1 son dakika, trt1 güncel",
2025-10-02T21:01:08.232618,monaco - manchester city,50 B+,"monaco - manchester city son dakika, monaco - manchester city güncel",
2025-10-02T21:01:08.733772,samsunspor,10 B+,"samsunspor son dakika, samsunspor güncel",
2025-10-02T21:01:09.234986,ahmet minguzzi,20 B+,"ahmet minguzzi son dakika, ahmet minguzzi güncel",
2025-10-02T21:01:09.736153,fenerbahçe vs nice,5 B+,"fenerbahçe vs nice son dakika, fenerbahçe vs nice güncel",
2025-10-02T21:01:10.237309,kerem aktürkoğlu,2 B+,"kerem aktürkoğlu son dakika, kerem aktürkoğlu güncel",
2025-10-02T21:01:10.738443,ipek filiz yazıcı,10 B+,"ipek filiz yazıcı son dakika, ipek filiz yazıcı güncel",
2025-10-02T21:01:11.239657,akaryakıta zam,5 B+,"akaryakıta zam son dakika, akaryakıta zam güncel",
2025-10-02T21:01:11.740749,roma - lille,2 B+,"roma - lille güncel, roma - lille son dakika",
2025-10-02T21:01:12.241846,jane goodall,5 B+,"jane goodall güncel, jane goodall son dakika",
2025-10-02T21:01:12.743166,israil,100 B+,"israil son dakika, israil güncel",
2025-10-02T22:01:05.387943,fenerbahçe,1 Mn+,"fenerbahçe güncel, fenerbahçe son dakika",
2025-10-02T22:01:05.889003,yarın okullar tatil mi,1 Mn+,"yarın okullar tatil mi güncel, yarın okullar tatil mi son dakika",
2025-10-02T22:01:06.390036,samsunspor,20 B+,"samsunspor son dakika, samsunspor güncel",
2025-10-02T22:01:06.891184,esref ruya son bolum,100 B+,"esref ruya son bolum son dakika, esref ruya son bolum güncel",
2025-10-02T22:01:07.392270,trt1,50 B+,"trt1 son dakika, trt1 güncel",
2025-10-02T22:01:07.893398,roma - lille,10 B+,"roma - lille son dakika, roma - lille güncel",
2025-10-02T22:01:08.394481,ahmet minguzzi,20 B+,"ahmet minguzzi güncel, ahmet minguzzi son dakika",
2025-10-02T22:01:08.895567,aziz ihsan aktaş,2 B+,"aziz ihsan aktaş son dakika, aziz ihsan aktaş güncel",
2025-10-02T22:01:09.396720,ipek filiz yazıcı,10 B+,"ipek filiz yazıcı güncel, ipek filiz yazıcı son dakika",
2025-10-02T22:01:09.897082,akaryakıta zam,5 B+,"akaryakıta zam son dakika, akaryakıta zam güncel",
2025-10-02T22:01:10.398144,fenerbahçe vs nice,5 B+,"fenerbahçe vs nice güncel, fenerbahçe vs nice son dakika",
2025-10-02T22:01:10.898836,roma,5 B+,"roma güncel, roma son dakika",
2025-10-02T22:01:11.400022,uefa avrupa ligi puan durumu,2 B+,"uefa avrupa ligi puan durumu son dakika, uefa avrupa ligi puan durumu güncel",
2025-10-02T22:01:11.901191,dinamo kiev - crystal palace,2 B+,"dinamo kiev - crystal palace güncel, dinamo kiev - crystal palace son dakika",
2025-10-02T22:01:12.402358,feyenoord - aston villa,2 B+,"feyenoord - aston villa son dakika, feyenoord - aston villa güncel",
2025-10-02T23:01:04.763369,fenerbahçe,1 Mn+,"fenerbahçe son dakika, fenerbahçe güncel",
2025-10-02T23:01:05.264556,samsunspor,100 B+,"samsunspor son dakika, samsunspor güncel",
2025-10-02T23:01:05.765297,yarın okullar tatil mi,1 Mn+,"yarın okullar tatil mi son dakika, yarın okullar tatil mi güncel",
2025-10-02T23:01:06.266398,eşref rüya son bölüm izle,100 B+,"eşref rüya son bölüm izle son dakika, eşref rüya son bölüm izle güncel",
2025-10-02T23:01:06.767240,berke özer,20 B+,"berke özer son dakika, berke özer güncel",
2025-10-02T23:01:07.268411,aziz ihsan aktaş,20 B+,"aziz ihsan aktaş son dakika, aziz ihsan aktaş güncel",
2025-10-02T23:01:07.769136,ahmet minguzzi,20 B+,"ahmet minguzzi son dakika, ahmet minguzzi güncel",
2025-10-02T23:01:08.270181,aberdeen - şahtar donetsk,5 B+,"aberdeen - şahtar donetsk güncel, aberdeen - şahtar donetsk son dakika",
2025-10-02T23:01:08.771172,akaryakıta zam,5 B+,"akaryakıta zam güncel, akaryakıta zam son dakika",
2025-10-02T23:01:09.272209,roma,10 B+,"roma güncel, roma son dakika",
2025-10-02T23:01:09.773129,feyenoord - aston villa,5 B+,"feyenoord - aston villa son dakika, feyenoord - aston villa güncel",
2025-10-02T23:01:10.274277,ipek filiz yazıcı,10 B+,"ipek filiz yazıcı güncel, ipek filiz yazıcı son dakika",
2025-10-02T23:01:10.775222,uefa avrupa ligi puan durumu,5 B+,"uefa avrupa ligi puan durumu güncel, uefa avrupa ligi puan durumu son dakika",
2025-10-02T23:01:11.276317,samsun,2 B+,"samsun son dakika, samsun güncel",
2025-10-02T23:01:11.777498,trt1,50 B+,"trt1 güncel, trt1 son dakika",
2025-10-03T00:01:07.578641,samsunspor,100 B+,"samsunspor güncel, samsunspor son dakika",
2025-10-03T00:01:08.080030,avrupa ligi,1 Mn+,"avrupa ligi güncel, avrupa ligi son dakika",
2025-10-03T00:01:08.581070,son dakika depremin,1 Mn+,"son dakika depremin son dakika, son dakika depremin güncel",
2025-10-03T00:01:09.082235,eşref rüya son bölüm izle,100 B+,"eşref rüya son bölüm izle güncel, eşref rüya son bölüm izle son dakika",
2025-10-03T00:01:09.583414,berke özer,20 B+,"berke özer son dakika, berke özer güncel",
2025-10-03T00:01:10.084576,lille,20 B+,"lille son dakika, lille güncel",
2025-10-03T00:01:10.585726,aziz ihsan aktaş,20 B+,"aziz ihsan aktaş son dakika, aziz ihsan aktaş güncel",
2025-10-03T00:01:11.086958,aberdeen - şahtar donetsk,5 B+,"aberdeen - şahtar donetsk son dakika, aberdeen - şahtar donetsk güncel",
2025-10-03T00:01:11.588126,ahmet minguzzi,20 B+,"ahmet minguzzi son dakika, ahmet minguzzi güncel",
2025-10-03T00:01:12.089305,uefa avrupa ligi puan durumu,10 B+,"uefa avrupa ligi puan durumu son dakika, uefa avrupa ligi puan durumu güncel",
2025-10-03T00:01:12.590254,feyenoord - aston villa,5 B+,"feyenoord - aston villa son dakika, feyenoord - aston villa güncel",
2025-10-03T00:01:13.091206,akaryakıta zam,10 B+,"akaryakıta zam güncel, akaryakıta zam son dakika",
2025-10-03T00:01:13.592369,samsun,5 B+,"samsun son dakika, samsun güncel",
2025-10-03T00:01:14.093549,ipek filiz yazıcı,10 B+,"ipek filiz yazıcı son dakika, ipek filiz yazıcı güncel",
2025-10-03T00:01:14.594591,roma,10 B+,"roma güncel, roma son dakika",
2025-10-03T01:01:05.576865,samsunspor,200 B+,"samsunspor son dakika, samsunspor güncel",
2025-10-03T01:01:06.078098,avrupa ligi,1 Mn+,"avrupa ligi güncel, avrupa ligi son dakika",
2025-10-03T01:01:06.579163,son dakika depremin,1 Mn+,"son dakika depremin güncel, son dakika depremin son dakika",
2025-10-03T01:01:07.080205,eşref rüya son bölüm izle,100 B+,"eşref rüya son bölüm izle son dakika, eşref rüya son bölüm izle güncel",
2025-10-03T01:01:07.581269,berke özer,20 B+,"berke özer son dakika, berke özer güncel",
2025-10-03T01:01:08.082425,ahmet minguzzi,20 B+,"ahmet minguzzi güncel, ahmet minguzzi son dakika",
2025-10-03T01:01:08.583589,lille,20 B+,"lille güncel, lille son dakika",
2025-10-03T01:01:09.084762,aberdeen - şahtar donetsk,10 B+,"aberdeen - şahtar donetsk son dakika, aberdeen - şahtar donetsk güncel",
2025-10-03T01:01:09.586045,aziz ihsan aktaş,20 B+,"aziz ihsan aktaş son dakika, aziz ihsan aktaş güncel",
2025-10-03T01:01:10.087215,ülke puanı,10 B+,"ülke puanı güncel, ülke puanı son dakika",
2025-10-03T01:01:10.588380,feyenoord - aston villa,5 B+,"feyenoord - aston villa son dakika, feyenoord - aston villa güncel",
2025-10-03T01:01:11.089546,ipek filiz yazıcı,10 B+,"ipek filiz yazıcı son dakika, ipek filiz yazıcı güncel",
2025-10-03T01:01:11.590221,veliaht 4 bölüm,10 B+,"veliaht 4 bölüm son dakika, veliaht 4 bölüm güncel",
2025-10-03T01:01:12.091305,ilber ortaylı,10 B+,"ilber ortaylı güncel, ilber ortaylı son dakika",
2025-10-03T01:01:12.592465,samsun,5 B+,"samsun güncel, samsun son dakika",
2025-10-03T02:01:06.164041,samsunspor,200 B+,"samsunspor son dakika, samsunspor güncel",
2025-10-03T02:01:06.665287,fenerbahçe - ogc nice maç kadrosu,1 Mn+,"fenerbahçe - ogc nice maç kadrosu son dakika, iddaa fenerbahçe - ogc nice maç kadrosu, fenerbahçe - ogc nice maç kadrosu özet, gol fenerbahçe - ogc nice maç kadrosu, fenerbahçe - ogc nice maç kadrosu gol","canlı fenerbahçe - ogc nice maç kadrosu haberleri, fenerbahçe - ogc nice maç kadrosu sonuç son dakika, sonuç fenerbahçe - ogc nice maç kadrosu haberleri, fenerbahçe - ogc nice maç kadrosu izle son dakika, fenerbahçe - ogc nice maç kadrosu canlı son dakika"
2025-10-03T02:01:07.166320,son dakika depremin,1 Mn+,"son dakika depremin son dakika, son dakika depremin güncel",
2025-10-03T02:01:07.667382,berke özer,20 B+,"berke özer güncel, berke özer son dakika",
2025-10-03T02:01:08.168142,ahmet minguzzi,20 B+,"ahmet minguzzi güncel, ahmet minguzzi son dakika",
2025-10-03T02:01:08.669281,lille,20 B+,"lille son dakika, lille güncel",
2025-10-03T02:01:09.170399,aziz ihsan aktaş,20 B+,"aziz ihsan aktaş güncel, aziz ihsan aktaş son dakika",
2025-10-03T02:01:09.671349,ipek filiz yazıcı,10 B+,"ipek filiz yazıcı son dakika, ipek filiz yazıcı güncel",
2025-10-03T02:01:10.172465,ülke puanı,10 B+,"ülke puanı son dakika, ülke puanı güncel",
2025-10-03T02:01:10.673627,aberdeen - şahtar donetsk,10 B+,"aberdeen - şahtar donetsk son dakika, aberdeen - şahtar donetsk güncel",
2025-10-03T02:01:11.174782,veliaht 4 bölüm,10 B+,"veliaht 4 bölüm güncel, veliaht 4 bölüm son dakika",
2025-10-03T02:01:11.675811,feyenoord - aston villa,5 B+,"feyenoord - aston villa son dakika, feyenoord - aston villa güncel",
2025-10-03T02:01:12.176800,roma,10 B+,"roma güncel, roma son dakika",
2025-10-03T02:01:12.677707,samsun,5 B+,"samsun son dakika, samsun güncel",
2025-10-03T02:01:13.178916,ilber ortaylı,20 B+,"ilber ortaylı son dakika, ilber ortaylı güncel",
2025-10-03T03:01:05.096162,samsunspor,200 B+,"samsunspor güncel, samsunspor son dakika",
2025-10-03T03:01:05.596972,fenerbahçe - ogc nice maç kadrosu,1 Mn+,"fenerbahçe - ogc nice maç kadrosu son dakika, fenerbahçe - ogc nice maç kadrosu gol, gol fenerbahçe - ogc nice maç kadrosu, fenerbahçe - ogc nice maç kadrosu özet, fenerbahçe - ogc nice maç kadrosu iddaa","fenerbahçe - ogc nice maç kadrosu izle son dakika, fenerbahçe - ogc nice maç kadrosu canlı son dakika, fenerbahçe - ogc nice maç kadrosu sonuç son dakika, izle fenerbahçe - ogc nice maç kadrosu haberleri, sonuç fenerbahçe - ogc nice maç kadrosu haberleri"
2025-10-03T03:01:06.097940,son dakika depremin,1 Mn+,"son dakika depremin güncel, son dakika depremin son dakika",
2025-10-03T03:01:06.599111,berke özer,20 B+,"berke özer son dakika, berke özer güncel",
2025-10-03T03:01:07.100291,ahmet minguzzi,20 B+,"ahmet minguzzi son dakika, ahmet minguzzi güncel",
2025-10-03T03:01:07.601195,lille,20 B+,"lille güncel, lille son dakika",
2025-10-03T03:01:08.102065,aziz ihsan aktaş,20 B+,"aziz ihsan aktaş son dakika, aziz ihsan aktaş güncel",
2025-10-03T03:01:08.603121,ipek filiz yazıcı,10 B+,"ipek filiz yazıcı son dakika, ipek filiz yazıcı güncel",
2025-10-03T03:01:09.104284,aberdeen - şahtar donetsk,10 B+,"aberdeen - şahtar donetsk son dakika, aberdeen - şahtar donetsk güncel",
2025-10-03T03:01:09.605361,veliaht 4 bölüm,10 B+,"veliaht 4 bölüm güncel, veliaht 4 bölüm son dakika",
2025-10-03T03:01:10.106533,ilber ortaylı,20 B+,"ilber ortaylı güncel, ilber ortaylı son dakika",
2025-10-03T03:01:10.607698,ülke puanı,10 B+,"ülke puanı son dakika, ülke puanı güncel",
2025-10-03T03:01:11.108231,feyenoord - aston villa,10 B+,"feyenoord - aston villa güncel, feyenoord - aston villa son dakika",
2025-10-03T03:01:11.609182,samsun,5 B+,"samsun güncel, samsun son dakika",
2025-10-03T03:01:12.109917,roma,10 B+,"roma güncel, roma son dakika",
2025-10-03T04:01:04.265272,samsunspor,200 B+,"samsunspor güncel, samsunspor son dakika",
2025-10-03T04:01:04.766412,fenerbahçe - ogc nice maç kadrosu,1 Mn+,"iddaa fenerbahçe - ogc nice maç kadrosu, özet fenerbahçe - ogc nice maç kadrosu, fenerbahçe - ogc nice maç kadrosu son dakika, fenerbahçe - ogc nice maç kadrosu özet, fenerbahçe - ogc nice maç kadrosu iddaa","canlı fenerbahçe - ogc nice maç kadrosu haberleri, fenerbahçe - ogc nice maç kadrosu canlı son dakika, izle fenerbahçe - ogc nice maç kadrosu haberleri, sonuç fenerbahçe - ogc nice maç kadrosu haberleri, fenerbahçe - ogc nice maç kadrosu izle son dakika"
2025-10-03T04:01:05.267487,berke özer,20 B+,"berke özer güncel, berke özer son dakika",
2025-10-03T04:01:05.768673,son dakika depremin,1 Mn+,"son dakika depremin güncel, son dakika depremin son dakika",
2025-10-03T04:01:06.269841,ahmet minguzzi,20 B+,"ahmet minguzzi güncel, ahmet minguzzi son dakika",
2025-10-03T04:01:06.770994,lille,20 B+,"lille son dakika, lille güncel",
2025-10-03T04:01:07.272211,aziz ihsan aktaş,20 B+,"aziz ihsan aktaş güncel, aziz ihsan aktaş son dakika",
2025-10-03T04:01:07.773279,ipek filiz yazıcı,10 B+,"ipek filiz yazıcı güncel, ipek filiz yazıcı son dakika",
2025-10-03T04:01:08.274437,ilber ortaylı,20 B+,"ilber ortaylı güncel, ilber ortaylı son dakika",
2025-10-03T04:01:08.775658,aberdeen - şahtar donetsk,10 B+,"aberdeen - şahtar donetsk güncel, aberdeen - şahtar donetsk son dakika",
2025-10-03T04:01:09.276839,uefa avrupa ligi puan durumu,10 B+,"uefa avrupa ligi puan durumu güncel, uefa avrupa ligi puan durumu son dakika",
2025-10-03T04:01:09.778126,veliaht son bölüm izle,10 B+,"veliaht son bölüm izle son dakika, veliaht son bölüm izle güncel",
2025-10-03T04:01:10.279339,feyenoord - aston villa,10 B+,"feyenoord - aston villa son dakika, feyenoord - aston villa güncel",
2025-10-03T04:01:10.780489,samsun,5 B+,"samsun güncel, samsun son dakika",
2025-10-03T04:01:11.281624,yasin kol,5 B+,"yasin kol güncel, yasin kol son dakika",
2025-10-03T05:01:04.495814,samsunspor,200 B+,"samsunspor güncel, samsunspor son dakika",
2025-10-03T05:01:04.996353,berke özer,20 B+,"berke özer son dakika, berke özer güncel",
2025-10-03T05:01:05.497236,fenerbahçe - ogc nice maç kadrosu,1 Mn+,"fenerbahçe - ogc nice maç kadrosu gol, gol fenerbahçe - ogc nice maç kadrosu, özet fenerbahçe - ogc nice maç kadrosu, iddaa fenerbahçe - ogc nice maç kadrosu, fenerbahçe - ogc nice maç kadrosu iddaa","izle fenerbahçe - ogc nice maç kadrosu haberleri, fenerbahçe - ogc nice maç kadrosu izle son dakika, fenerbahçe - ogc nice maç kadrosu sonuç son dakika, fenerbahçe - ogc nice maç kadrosu canlı son dakika, canlı fenerbahçe - ogc nice maç kadrosu haberleri"
2025-10-03T05:01:05.998138,son dakika depremin,1 Mn+,"son dakika depremin son dakika, son dakika depremin güncel",
2025-10-03T05:01:06.499036,uefa avrupa ligi puan durumu,20 B+,"uefa avrupa ligi puan durumu son dakika, uefa avrupa ligi puan durumu güncel",
2025-10-03T05:01:07.000012,ahmet minguzzi,20 B+,"ahmet minguzzi güncel, ahmet minguzzi son dakika",
2025-10-03T05:01:07.501139,ilber ortaylı,20 B+,"ilber ortaylı son dakika, ilber ortaylı güncel",
2025-10-03T05:01:08.002176,aziz ihsan aktaş,20 B+,"aziz ihsan aktaş son dakika, aziz ihsan aktaş güncel",
2025-10-03T05:01:08.503293,aberdeen - şahtar donetsk,10 B+,"aberdeen - şahtar donetsk son dakika, aberdeen - şahtar donetsk güncel",
2025-10-03T05:01:09.004393,ipek filiz yazıcı,10 B+,"ipek filiz yazıcı son dakika, ipek filiz yazıcı güncel",
2025-10-03T05:01:09.505492,feyenoord - aston villa,10 B+,"feyenoord - aston villa güncel, feyenoord - aston villa son dakika",
2025-10-03T05:01:10.006593,veliaht son bölüm izle,10 B+,"veliaht son bölüm izle güncel, veliaht son bölüm izle son dakika",
2025-10-03T05:01:10.507702,samsun,5 B+,"samsun güncel, samsun son dakika",
2025-10-03T05:01:11.008803,roma lille,10 B+,"roma lille güncel, roma lille son dakika",
2025-10-03T05:01:11.510072,uefa konferans ligi maçları,2 B+,"uefa konferans ligi maçları güncel, uefa konferans ligi maçları son dakika",
2025-10-03T06:01:04.133345,samsunspor,200 B+,"samsunspor son dakika, samsunspor güncel",
2025-10-03T06:01:04.634491,berke özer,20 B+,"berke özer güncel, berke özer son dakika",
2025-10-03T06:01:05.135719,fenerbahçe - ogc nice maç kadrosu,1 Mn+,"fenerbahçe - ogc nice maç kadrosu gol, fenerbahçe - ogc nice maç kadrosu özet, özet fenerbahçe - ogc nice maç kadrosu, fenerbahçe - ogc nice maç kadrosu son dakika, gol fenerbahçe - ogc nice maç kadrosu","canlı fenerbahçe - ogc nice maç kadrosu haberleri, sonuç fenerbahçe - ogc nice maç kadrosu haberleri, izle fenerbahçe - ogc nice maç kadrosu haberleri, fenerbahçe - ogc nice maç kadrosu sonuç son dakika, fenerbahçe - ogc nice maç kadrosu izle son dakika"
2025-10-03T06:01:05.636794,son dakika depremin,1 Mn+,"son dakika depremin son dakika, son dakika depremin güncel",
2025-10-03T06:01:06.137730,aberdeen - şahtar donetsk,10 B+,"aberdeen - şahtar donetsk son dakika, aberdeen - şahtar donetsk güncel",
2025-10-03T06:01:06.638982,aziz ihsan aktaş,20 B+,"aziz ihsan aktaş güncel, aziz ihsan aktaş son dakika",
2025-10-03T06:01:07.140132,uefa avrupa ligi puan durumu,20 B+,"uefa avrupa ligi puan durumu güncel, uefa avrupa ligi puan durumu son dakika",
2025-10-03T06:01:07.641295,feyenoord - aston villa,10 B+,"feyenoord - aston villa güncel, feyenoord - aston villa son dakika",
2025-10-03T06:01:08.142061,ilber ortaylı,20 B+,"ilber ortaylı güncel, ilber ortaylı son dakika",
2025-10-03T06:01:08.643017,ahmet minguzzi,20 B+,"ahmet minguzzi son dakika, ahmet minguzzi güncel",
2025-10-03T06:01:09.144166,ipek filiz yazıcı,10 B+,"ipek filiz yazıcı son dakika, ipek filiz yazıcı güncel",
2025-10-03T06:01:09.645325,veliaht 4 bölüm,10 B+,"veliaht 4 bölüm son dakika, veliaht 4 bölüm güncel",
2025-10-03T06:01:10.146455,samsun,5 B+,"samsun güncel, samsun son dakika",
2025-10-03T06:01:10.647563,roma,10 B+,"roma son dakika, roma güncel",
2025-10-03T06:01:11.148606,roma lille,10 B+,"roma lille son dakika, roma lille güncel",
2025-10-03T07:01:05.533326,samsunspor,200 B+,"samsunspor son dakika, samsunspor güncel",
2025-10-03T07:01:06.034499,fenerbahçe - ogc nice maç kadrosu,1 Mn+,"fenerbahçe - ogc nice maç kadrosu gol, gol fenerbahçe - ogc nice maç kadrosu, fenerbahçe - ogc nice maç kadrosu son dakika, fenerbahçe - ogc nice maç kadrosu güncel, iddaa fenerbahçe - ogc nice maç kadrosu","izle fenerbahçe - ogc nice maç kadrosu haberleri, fenerbahçe - ogc nice maç kadrosu izle son dakika, sonuç fenerbahçe - ogc nice maç kadrosu haberleri, fenerbahçe - ogc nice maç kadrosu sonuç son dakika, canlı fenerbahçe - ogc nice maç kadrosu haberleri"
2025-10-03T07:01:06.535307,okullar tatil mi,1 Mn+,"okullar tatil mi son dakika, okullar tatil mi güncel",
2025-10-03T07:01:07.036306,berke özer,20 B+,"berke özer güncel, berke özer son dakika",
2025-10-03T07:01:07.537320,uefa avrupa ligi puan durumu,50 B+,"uefa avrupa ligi puan durumu son dakika, uefa avrupa ligi puan durumu güncel",
2025-10-03T07:01:08.038458,aberdeen - şahtar donetsk,10 B+,"aberdeen - şahtar donetsk güncel, aberdeen - şahtar donetsk son dakika",
2025-10-03T07:01:08.539612,aziz ihsan aktaş,20 B+,"aziz ihsan aktaş son dakika, aziz ihsan aktaş güncel",
2025-10-03T07:01:09.040562,feyenoord - aston villa,10 B+,"feyenoord - aston villa son dakika, feyenoord - aston villa güncel",
2025-10-03T07:01:09.541595,hava durumu,50 B+,"hava durumu son dakika, hava durumu güncel",
2025-10-03T07:01:10.042753,ilber ortaylı,20 B+,"ilber ortaylı güncel, ilber ortaylı son dakika",
2025-10-03T07:01:10.543971,ahmet minguzzi,20 B+,"ahmet minguzzi güncel, ahmet minguzzi son dakika",
2025-10-03T07:01:11.045114,samsun,5 B+,"samsun son dakika, samsun güncel",
2025-10-03T07:01:11.546194,ipek filiz yazıcı,10 B+,"ipek filiz yazıcı son dakika, ipek filiz yazıcı güncel",
2025-10-03T07:01:12.047288,roma,10 B+,"roma son dakika, roma güncel",
2025-10-03T07:01:12.548223,veliaht 4 bölüm,10 B+,"veliaht 4 bölüm güncel, veliaht 4 bölüm son dakika",
2025-10-03T08:01:04.418493,samsunspor,200 B+,"samsunspor son dakika, samsunspor güncel",
2025-10-03T08:01:04.919720,fenerbahçe - ogc nice maç kadrosu,1 Mn+,"fenerbahçe - ogc nice maç kadrosu gol, fenerbahçe - ogc nice maç kadrosu güncel, fenerbahçe - ogc nice maç kadrosu özet, özet fenerbahçe - ogc nice maç kadrosu, gol fenerbahçe - ogc nice maç kadrosu","fenerbahçe - ogc nice maç kadrosu canlı son dakika, fenerbahçe - ogc nice maç kadrosu sonuç son dakika, fenerbahçe - ogc nice maç kadrosu izle son dakika, izle fenerbahçe - ogc nice maç kadrosu haberleri, sonuç fenerbahçe - ogc nice maç kadrosu haberleri"
2025-10-03T08:01:05.420760,berke özer,20 B+,"berke özer son dakika, berke özer güncel",
2025-10-03T08:01:05.921912,okullar tatil mi,1 Mn+,"okullar tatil mi son dakika, okullar tatil mi güncel",
2025-10-03T08:01:06.422758,hava durumu,100 B+,"hava durumu son dakika, hava durumu güncel",
2025-10-03T08:01:06.924004,ilber ortaylı,20 B+,"ilber ortaylı son dakika, ilber ortaylı güncel",
2025-10-03T08:01:07.424973,aziz ihsan aktaş,20 B+,"aziz ihsan aktaş güncel, aziz ihsan aktaş son dakika",
2025-10-03T08:01:07.926128,ahmet minguzzi,20 B+,"ahmet minguzzi son dakika, ahmet minguzzi güncel",
2025-10-03T08:01:08.427293,aberdeen - şahtar donetsk,10 B+,"aberdeen - şahtar donetsk son dakika, aberdeen - şahtar donetsk güncel",
2025-10-03T08:01:08.928306,ülke puanı,20 B+,"ülke puanı son dakika, ülke puanı güncel",
2025-10-03T08:01:09.429419,feyenoord - aston villa,10 B+,"feyenoord - aston villa güncel, feyenoord - aston villa son dakika",
2025-10-03T08:01:09.930580,ipek filiz yazıcı,10 B+,"ipek filiz yazıcı son dakika, ipek filiz yazıcı güncel",
2025-10-03T08:01:10.431655,samsun,5 B+,"samsun güncel, samsun son dakika",
2025-10-03T08:01:10.932126,roma,10 B+,"roma güncel, roma son dakika",
2025-10-03T08:01:11.433191,roma lille,5 B+,"roma lille güncel, roma lille son dakika",
2025-10-03T09:01:04.041951,samsunspor,200 B+,"samsunspor son dakika, samsunspor güncel",
2025-10-03T09:01:04.543236,fenerbahçe - ogc nice maç kadrosu,1 Mn+,"gol fenerbahçe - ogc nice maç kadrosu, fenerbahçe - ogc nice maç kadrosu son dakika, fenerbahçe - ogc nice maç kadrosu iddaa, iddaa fenerbahçe - ogc nice maç kadrosu, fenerbahçe - ogc nice maç kadrosu gol","izle fenerbahçe - ogc nice maç kadrosu haberleri, fenerbahçe - ogc nice maç kadrosu sonuç son dakika, fenerbahçe - ogc nice maç kadrosu izle son dakika, sonuç fenerbahçe - ogc nice maç kadrosu haberleri, fenerbahçe - ogc nice maç kadrosu canlı son dakika"
2025-10-03T09:01:05.044344,berke özer,50 B+,"berke özer güncel, berke özer son dakika",
2025-10-03T09:01:05.545520,okullar tatil mi,1 Mn+,"okullar tatil mi güncel, okullar tatil mi son dakika",
2025-10-03T09:01:06.046652,ahmet minguzzi,20 B+,"ahmet minguzzi güncel, ahmet minguzzi son dakika",
2025-10-03T09:01:06.547791,ilber ortaylı,20 B+,"ilber ortaylı son dakika, ilber ortaylı güncel",
2025-10-03T09:01:07.049027,aziz ihsan aktaş,20 B+,"aziz ihsan aktaş son dakika, aziz ihsan aktaş güncel",
2025-10-03T09:01:07.550089,ipek filiz yazıcı,10 B+,"ipek filiz yazıcı güncel, ipek filiz yazıcı son dakika",
2025-10-03T09:01:08.051249,aberdeen - şahtar donetsk,10 B+,"aberdeen - şahtar donetsk son dakika, aberdeen - şahtar donetsk güncel",
2025-10-03T09:01:08.552339,ülke puanı,20 B+,"ülke puanı son dakika, ülke puanı güncel",
2025-10-03T09:01:09.053517,serkan çiçek,2 B+,"serkan çiçek son dakika, serkan çiçek güncel",
2025-10-03T09:01:09.554636,feyenoord - aston villa,10 B+,"feyenoord - aston villa güncel, feyenoord - aston villa son dakika",
2025-10-03T09:01:10.055804,hava durumu,200 B+,"hava durumu son dakika, hava durumu güncel",
2025-10-03T09:01:10.557093,veliaht son bölüm izle,10 B+,"veliaht son bölüm izle son dakika, veliaht son bölüm izle güncel",
2025-10-03T09:01:11.058262,samsun,5 B+,"samsun son dakika, samsun güncel",
2025-10-03T10:01:04.879596,samsunspor,200 B+,"samsunspor son dakika, samsunspor güncel",
2025-10-03T10:01:05.380764,berke özer,50 B+,"berke özer son dakika, berke özer güncel",
2025-10-03T10:01:05.882032,fenerbahçe - ogc nice maç kadrosu,1 Mn+,"fenerbahçe - ogc nice maç kadrosu iddaa, fenerbahçe - ogc nice maç kadrosu özet, fenerbahçe - ogc nice maç kadrosu gol, fenerbahçe - ogc nice maç kadrosu güncel, iddaa fenerbahçe - ogc nice maç kadrosu","fenerbahçe - ogc nice maç kadrosu izle son dakika, izle fenerbahçe - ogc nice maç kadrosu haberleri, fenerbahçe - ogc nice maç kadrosu canlı son dakika, canlı fenerbahçe - ogc nice maç kadrosu haberleri, fenerbahçe - ogc nice maç kadrosu sonuç son dakika"
2025-10-03T10:01:06.383186,ilber ortaylı,20 B+,"ilber ortaylı güncel, ilber ortaylı son dakika",
2025-10-03T10:01:06.884351,okullar tatil mi,1 Mn+,"okullar tatil mi son dakika, okullar tatil mi güncel",
2025-10-03T10:01:07.385410,ahmet minguzzi,20 B+,"ahmet minguzzi güncel, ahmet minguzzi son dakika",
2025-10-03T10:01:07.886285,uefa avrupa ligi puan durumu,50 B+,"uefa avrupa ligi puan durumu son dakika, uefa avrupa ligi puan durumu güncel",
2025-10-03T10:01:08.387075,aziz ihsan aktaş,20 B+,"aziz ihsan aktaş son dakika, aziz ihsan aktaş güncel",
2025-10-03T10:01:08.888197,serkan çiçek,5 B+,"serkan çiçek güncel, serkan çiçek son dakika",
2025-10-03T10:01:09.389366,veliaht son bölüm izle,10 B+,"veliaht son bölüm izle son dakika, veliaht son bölüm izle güncel",
2025-10-03T10:01:09.890523,aberdeen - şahtar donetsk,10 B+,"aberdeen - şahtar donetsk güncel, aberdeen - şahtar donetsk son dakika",
2025-10-03T10:01:10.391649,feyenoord - aston villa,10 B+,"feyenoord - aston villa güncel, feyenoord - aston villa son dakika",
2025-10-03T10:01:10.892745,roma lille,5 B+,"roma lille son dakika, roma lille güncel",
2025-10-03T10:01:11.393822,samsun,5 B+,"samsun güncel, samsun son dakika",
2025-10-03T10:01:11.895084,hava durumu,200 B+,"hava durumu güncel, hava durumu son dakika",
2025-10-03T11:01:04.054368,samsunspor,200 B+,"samsunspor güncel, samsunspor son dakika",
2025-10-03T11:01:04.555485,enflasyon,20 B+,"enflasyon son dakika, enflasyon güncel",
2025-10-03T11:01:05.056650,berke özer,50 B+,"berke özer son dakika, berke özer güncel",
2025-10-03T11:01:05.557965,fenerbahçe - ogc nice maç kadrosu,1 Mn+,"fenerbahçe - ogc nice maç kadrosu güncel, fenerbahçe - ogc nice maç kadrosu son dakika, fenerbahçe - ogc nice maç kadrosu iddaa, fenerbahçe - ogc nice maç kadrosu özet, gol fenerbahçe - ogc nice maç kadrosu","fenerbahçe - ogc nice maç kadrosu sonuç son dakika, izle fenerbahçe - ogc nice maç kadrosu haberleri, sonuç fenerbahçe - ogc nice maç kadrosu haberleri, fenerbahçe - ogc nice maç kadrosu izle son dakika, fenerbahçe - ogc nice maç kadrosu canlı son dakika"
2025-10-03T11:01:06.059146,son dakika depremin,1 Mn+,"son dakika depremin güncel, son dakika depremin son dakika",
2025-10-03T11:01:06.560277,ilber ortaylı,20 B+,"ilber ortaylı son dakika, ilber ortaylı güncel",
2025-10-03T11:01:07.061402,kira artış oranı,10 B+,"kira artış oranı güncel, kira artış oranı son dakika",
2025-10-03T11:01:07.562507,uefa avrupa ligi puan durumu,50 B+,"uefa avrupa ligi puan durumu güncel, uefa avrupa ligi puan durumu son dakika",
2025-10-03T11:01:08.063636,aziz ihsan aktaş,20 B+,"aziz ihsan aktaş güncel, aziz ihsan aktaş son dakika",
2025-10-03T11:01:08.564796,memurlar net,10 B+,"memurlar net son dakika, memurlar net güncel",
2025-10-03T11:01:09.066018,veliaht son bölüm izle,10 B+,"veliaht son bölüm izle güncel, veliaht son bölüm izle son dakika",
2025-10-03T11:01:09.567168,serkan çiçek,5 B+,"serkan çiçek güncel, serkan çiçek son dakika",
2025-10-03T11:01:10.068338,3 aylık enflasyon,5 B+,"3 aylık enflasyon son dakika, 3 aylık enflasyon güncel",
2025-10-03T11:01:10.569524,m. tel-aviv - dinamo zagreb,10 B+,"m. tel-aviv - dinamo zagreb güncel, m. tel-aviv - dinamo zagreb son dakika",
2025-10-03T11:01:11.070698,aberdeen - şahtar donetsk,10 B+,"aberdeen - şahtar donetsk son dakika, aberdeen - şahtar donetsk güncel",
2025-10-03T12:01:03.903715,samsunspor,200 B+,"samsunspor son dakika, samsunspor güncel",
2025-10-03T12:01:04.405045,enflasyon,50 B+,"enflasyon son dakika, enflasyon güncel",
2025-10-03T12:01:04.906150,berke özer,50 B+,"berke özer son dakika, berke özer güncel",
2025-10-03T12:01:05.407314,fenerbahçe - ogc nice maç kadrosu,1 Mn+,"fenerbahçe - ogc nice maç kadrosu özet, iddaa fenerbahçe - ogc nice maç kadrosu, fenerbahçe - ogc nice maç kadrosu son dakika, fenerbahçe - ogc nice maç kadrosu gol, özet fenerbahçe - ogc nice maç kadrosu","fenerbahçe - ogc nice maç kadrosu sonuç son dakika, fenerbahçe - ogc nice maç kadrosu canlı son dakika, sonuç fenerbahçe - ogc nice maç kadrosu haberleri, fenerbahçe - ogc nice maç kadrosu izle son dakika, canlı fenerbahçe - ogc nice maç kadrosu haberleri"
2025-10-03T12:01:05.908421,ilber ortaylı,20 B+,"ilber ortaylı son dakika, ilber ortaylı güncel",
2025-10-03T12:01:06.409482,son dakika depremin,1 Mn+,"son dakika depremin son dakika, son dakika depremin güncel",
2025-10-03T12:01:06.910636,kira artış oranı,10 B+,"kira artış oranı güncel, kira artış oranı son dakika",
2025-10-03T12:01:07.411798,uefa avrupa ligi puan durumu,50 B+,"uefa avrupa ligi puan durumu son dakika, uefa avrupa ligi puan durumu güncel",
2025-10-03T12:01:07.912819,serkan çiçek,10 B+,"serkan çiçek güncel, serkan çiçek son dakika",
2025-10-03T12:01:08.414125,veliaht 4 bölüm,10 B+,"veliaht 4 bölüm güncel, veliaht 4 bölüm son dakika",
2025-10-03T12:01:08.915283,memurlar net,10 B+,"memurlar net güncel, memurlar net son dakika",
2025-10-03T12:01:09.416447,aziz ihsan aktaş,20 B+,"aziz ihsan aktaş son dakika, aziz ihsan aktaş güncel",
2025-10-03T12:01:09.917611,m. tel-aviv - dinamo zagreb,10 B+,"m. tel-aviv - dinamo zagreb güncel, m. tel-aviv - dinamo zagreb son dakika",
2025-10-03T12:01:10.418774,feyenoord - aston villa,10 B+,"feyenoord - aston villa güncel, feyenoord - aston villa son dakika",
2025-10-03T12:01:10.920014,3 aylık enflasyon,5 B+,"3 aylık enflasyon güncel, 3 aylık enflasyon son dakika",
2025-10-03T13:01:04.592647,legia varşova - samsunspor,200 B+,"legia varşova - samsunspor güncel, legia varşova - samsunspor son dakika",
2025-10-03T13:01:05.093191,enflasyon,50 B+,"enflasyon güncel, enflasyon son dakika",
2025-10-03T13:01:05.594275,berke özer,50 B+,"berke özer güncel, berke özer son dakika",
2025-10-03T13:01:06.095383,fenerbahçe - ogc nice maç kadrosu,1 Mn+,"gol fenerbahçe - ogc nice maç kadrosu, fenerbahçe - ogc nice maç kadrosu güncel, fenerbahçe - ogc nice maç kadrosu son dakika, iddaa fenerbahçe - ogc nice maç kadrosu, fenerbahçe - ogc nice maç kadrosu özet","sonuç fenerbahçe - ogc nice maç kadrosu haberleri, fenerbahçe - ogc nice maç kadrosu izle son dakika, canlı fenerbahçe - ogc nice maç kadrosu haberleri, fenerbahçe - ogc nice maç kadrosu canlı son dakika, fenerbahçe - ogc nice maç kadrosu sonuç son dakika"
2025-10-03T13:01:06.596524,ilber ortaylı,20 B+,"ilber ortaylı son dakika, ilber ortaylı güncel",
2025-10-03T13:01:07.097712,son dakika depremin,1 Mn+,"son dakika depremin son dakika, son dakika depremin güncel",
2025-10-03T13:01:07.598949,kira artış oranı,20 B+,"kira artış oranı son dakika, kira artış oranı güncel",
2025-10-03T13:01:08.100162,cuma saati istanbul,20 B+,"cuma saati istanbul güncel, mesaj cuma saati istanbul, cuma saati istanbul kutlama, resimli cuma saati istanbul, kutlama cuma saati istanbul","cuma saati istanbul dua son dakika, cuma saati istanbul hutbe son dakika, dua cuma saati istanbul haberleri, hutbe cuma saati istanbul haberleri"
2025-10-03T13:01:08.601221,uefa avrupa ligi puan durumu,50 B+,"uefa avrupa ligi puan durumu güncel, uefa avrupa ligi puan durumu son dakika",
2025-10-03T13:01:09.102363,serkan çiçek,10 B+,"serkan çiçek güncel, serkan çiçek son dakika",
2025-10-03T13:01:09.603227,veliaht 4 bölüm,20 B+,"veliaht 4 bölüm güncel, veliaht 4 bölüm son dakika",
2025-10-03T13:01:10.104393,fatih altaylı,5 B+,"fatih altaylı güncel, fatih altaylı son dakika",
2025-10-03T13:01:10.605561,aziz ihsan aktaş,20 B+,"aziz ihsan aktaş son dakika, aziz ihsan aktaş güncel",
2025-10-03T13:01:11.106095,roma lille,10 B+,"roma lille güncel, roma lille son dakika",
2025-10-03T13:01:11.607179,memur zammı,10 B+,"memur zammı güncel, memur zammı son dakika",
2025-10-03T14:01:05.209445,legia varşova - samsunspor,200 B+,"legia varşova - samsunspor son dakika, legia varşova - samsunspor güncel",
2025-10-03T14:01:05.710462,berke özer,50 B+,"berke özer son dakika, berke özer güncel",
2025-10-03T14:01:06.211579,enflasyon,50 B+,"enflasyon son dakika, enflasyon güncel",
2025-10-03T14:01:06.712640,son dakika depremin,1 Mn+,"son dakika depremin son dakika, son dakika depremin güncel",
2025-10-03T14:01:07.213910,fenerbahçe - ogc nice maç kadrosu,1 Mn+,"fenerbahçe - ogc nice maç kadrosu gol, fenerbahçe - ogc nice maç kadrosu iddaa, özet fenerbahçe - ogc nice maç kadrosu, iddaa fenerbahçe - ogc nice maç kadrosu, fenerbahçe - ogc nice maç kadrosu son dakika","izle fenerbahçe - ogc nice maç kadrosu haberleri, fenerbahçe - ogc nice maç kadrosu izle son dakika, fenerbahçe - ogc nice maç kadrosu canlı son dakika, sonuç fenerbahçe - ogc nice maç kadrosu haberleri, fenerbahçe - ogc nice maç kadrosu sonuç son dakika"
2025-10-03T14:01:07.715106,kira artış oranı,20 B+,"kira artış oranı güncel, kira artış oranı son dakika",
2025-10-03T14:01:08.216249,fatih altaylı,5 B+,"fatih altaylı güncel, fatih altaylı son dakika",
2025-10-03T14:01:08.717395,veliaht 4 bölüm,20 B+,"veliaht 4 bölüm son dakika, veliaht 4 bölüm güncel",
2025-10-03T14:01:09.218515,uefa avrupa ligi puan durumu,50 B+,"uefa avrupa ligi puan durumu son dakika, uefa avrupa ligi puan durumu güncel",
2025-10-03T14:01:09.719701,3 ekim cuma hutbesi,50 B+,"3 ekim cuma hutbesi güncel, 3 ekim cuma hutbesi kutlama, resimli 3 ekim cuma hutbesi, 3 ekim cuma hutbesi son dakika, 3 ekim cuma hutbesi resimli","3 ekim cuma hutbesi hutbe son dakika, 3 ekim cuma hutbesi dua son dakika, hutbe 3 ekim cuma hutbesi haberleri, dua 3 ekim cuma hutbesi haberleri"
2025-10-03T14:01:10.220844,serkan çiçek,10 B+,"serkan çiçek güncel, serkan çiçek son dakika",
2025-10-03T14:01:10.721823,aziz ihsan aktaş,20 B+,"aziz ihsan aktaş son dakika, aziz ihsan aktaş güncel",
2025-10-03T14:01:11.222887,ilber ortaylı kalp krizi,10 B+,"ilber ortaylı kalp krizi son dakika, ilber ortaylı kalp krizi güncel",
2025-10-03T14:01:11.724073,manifest rüya,2 B+,"manifest rüya son dakika, manifest rüya güncel",
2025-10-03T14:01:12.225292,3 aylık enflasyon,10 B+,"3 aylık enflasyon güncel, 3 aylık enflasyon son dakika",
2025-10-03T15:01:05.506317,enflasyon,50 B+,"enflasyon güncel, enflasyon son dakika",
2025-10-03T15:01:06.007292,berke özer,50 B+,"berke özer son dakika, berke özer güncel",
2025-10-03T15:01:06.508390,avrupa konferans ligi,200 B+,"avrupa konferans ligi son dakika, avrupa konferans ligi güncel",
2025-10-03T15:01:07.009345,uefa avrupa ligi puan durumu,1 Mn+,"uefa avrupa ligi puan durumu son dakika, uefa avrupa ligi puan durumu güncel",
2025-10-03T15:01:07.510157,son dakika depremin,100 B+,"son dakika depremin son dakika, son dakika depremin güncel",
2025-10-03T15:01:08.011189,kira artış oranı,20 B+,"kira artış oranı son dakika, kira artış oranı güncel",
2025-10-03T15:01:08.512301,veliaht 4 bölüm,20 B+,"veliaht 4 bölüm son dakika, veliaht 4 bölüm güncel",
2025-10-03T15:01:09.013423,fatih altaylı,5 B+,"fatih altaylı son dakika, fatih altaylı güncel",
2025-10-03T15:01:09.514549,aziz ihsan aktaş,20 B+,"aziz ihsan aktaş son dakika, aziz ihsan aktaş güncel",
2025-10-03T15:01:10.015682,serkan çiçek,10 B+,"serkan çiçek son dakika, serkan çiçek güncel",
2025-10-03T15:01:10.516808,ilber ortaylı kalp krizi,10 B+,"ilber ortaylı kalp krizi son dakika, ilber ortaylı kalp krizi güncel",
2025-10-03T15:01:11.017795,ülke puanı,20 B+,"ülke puanı güncel, ülke puanı son dakika",
2025-10-03T15:01:11.518844,roma lille,10 B+,"roma lille son dakika, roma lille güncel",
2025-10-03T15:01:12.020190,3 ekim cuma hutbesi,50 B+,"3 ekim cuma hutbesi son dakika, mesaj 3 ekim cuma hutbesi, resimli 3 ekim cuma hutbesi, 3 ekim cuma hutbesi mesaj, 3 ekim cuma hutbesi resimli","3 ekim cuma hutbesi dua son dakika, dua 3 ekim cuma hutbesi haberleri, hutbe 3 ekim cuma hutbesi haberleri, 3 ekim cuma hutbesi hutbe son dakika"
2025-10-03T15:01:12.521318,manifest rüya,2 B+,"manifest rüya son dakika, manifest rüya güncel",
2025-10-03T16:01:04.833076,berke özer,50 B+,"berke özer güncel, berke özer son dakika",
2025-10-03T16:01:05.334312,avrupa konferans ligi,200 B+,"avrupa konferans ligi güncel, avrupa konferans ligi son dakika",
2025-10-03T16:01:05.835490,enflasyon,20 B+,"enflasyon güncel, enflasyon son dakika",
2025-10-03T16:01:06.336545,fatih altaylı,10 B+,"fatih altaylı son dakika, fatih altaylı güncel",
2025-10-03T16:01:06.837728,fenerbahçe nice özet,1 Mn+,"fenerbahçe nice özet son dakika, fenerbahçe nice özet güncel",
2025-10-03T16:01:07.338980,son dakika depremin,50 B+,"son dakika depremin güncel, son dakika depremin son dakika",
2025-10-03T16:01:07.840037,enflasyon oranı,50 B+,"enflasyon oranı son dakika, enflasyon oranı güncel",
2025-10-03T16:01:08.341004,kira artış oranı,20 B+,"kira artış oranı güncel, kira artış oranı son dakika",
2025-10-03T16:01:08.842178,veliaht 4 bölüm,20 B+,"veliaht 4 bölüm son dakika, veliaht 4 bölüm güncel",
2025-10-03T16:01:09.343236,serkan çiçek,10 B+,"serkan çiçek son dakika, serkan çiçek güncel",
2025-10-03T16:01:09.844381,ilber ortaylı kalp krizi,10 B+,"ilber ortaylı kalp krizi güncel, ilber ortaylı kalp krizi son dakika",
2025-10-03T16:01:10.345475,manifest rüya,2 B+,"manifest rüya son dakika, manifest rüya güncel",
2025-10-03T16:01:10.846678,ufuk bayraktar,1 B+,"ufuk bayraktar son dakika, ufuk bayraktar güncel",
2025-10-03T16:01:11.347804,melih ibrahimoğlu,1 B+,"melih ibrahimoğlu son dakika, melih ibrahimoğlu güncel",
2025-10-03T16:01:11.848969,gs bjk maçı,2 B+,"gs bjk maçı son dakika, gs bjk maçı güncel",
2025-10-03T17:01:03.773592,berke özer,50 B+,"berke özer güncel, berke özer son dakika",
2025-10-03T17:01:04.274668,avrupa konferans ligi,200 B+,"avrupa konferans ligi güncel, avrupa konferans ligi son dakika",
2025-10-03T17:01:04.775753,fatih altaylı,10 B+,"fatih altaylı güncel, fatih altaylı son dakika",
2025-10-03T17:01:05.277036,enflasyon oranı,50 B+,"enflasyon oranı güncel, enflasyon oranı son dakika",
2025-10-03T17:01:05.778151,enflasyon,20 B+,"enflasyon son dakika, enflasyon güncel",
2025-10-03T17:01:06.279208,son dakika depremin,20 B+,"son dakika depremin güncel, son dakika depremin son dakika",
2025-10-03T17:01:06.780368,veliaht 4 bölüm,20 B+,"veliaht 4 bölüm güncel, veliaht 4 bölüm son dakika",
2025-10-03T17:01:07.281473,fenerbahçe nice özet,1 Mn+,"fenerbahçe nice özet son dakika, fenerbahçe nice özet güncel",
2025-10-03T17:01:07.782640,kira artış oranı,20 B+,"kira artış oranı son dakika, kira artış oranı güncel",
2025-10-03T17:01:08.283811,ilber ortaylı kalp krizi,10 B+,"ilber ortaylı kalp krizi güncel, ilber ortaylı kalp krizi son dakika",
2025-10-03T17:01:08.785104,serkan çiçek,10 B+,"serkan çiçek son dakika, serkan çiçek güncel",
2025-10-03T17:01:09.286271,manifest rüya,2 B+,"manifest rüya son dakika, manifest rüya güncel",
2025-10-03T17:01:09.787327,melih ibrahimoğlu,1 B+,"melih ibrahimoğlu güncel, melih ibrahimoğlu son dakika",
2025-10-03T17:01:10.288380,ufuk bayraktar,1 B+,"ufuk bayraktar güncel, ufuk bayraktar son dakika",
2025-10-03T17:01:10.789514,lipton,500+,"lipton son dakika, lipton güncel",
2025-10-03T18:01:06.164939,berke özer,50 B+,"berke özer son dakika, berke özer güncel",
2025-10-03T18:01:06.665983,enflasyon,50 B+,"enflasyon son dakika, enflasyon güncel",
2025-10-03T18:01:07.166346,fatih altaylı,10 B+,"fatih altaylı güncel, fatih altaylı son dakika",
2025-10-03T18:01:07.667240,avrupa konferans ligi,200 B+,"avrupa konferans ligi son dakika, avrupa konferans ligi güncel",
2025-10-03T18:01:08.168012,veliaht 4 bölüm,20 B+,"veliaht 4 bölüm son dakika, veliaht 4 bölüm güncel",
2025-10-03T18:01:08.669177,son dakika depremin,20 B+,"son dakika depremin son dakika, son dakika depremin güncel",
2025-10-03T18:01:09.170343,fenerbahçe nice özet,1 Mn+,"fenerbahçe nice özet güncel, fenerbahçe nice özet son dakika",
2025-10-03T18:01:09.671429,kira artış oranı,20 B+,"kira artış oranı güncel, kira artış oranı son dakika",
2025-10-03T18:01:10.172517,uefa avrupa ligi puan durumu,50 B+,"uefa avrupa ligi puan durumu güncel, uefa avrupa ligi puan durumu son dakika",
2025-10-03T18:01:10.673634,ilber ortaylı kalp krizi,10 B+,"ilber ortaylı kalp krizi son dakika, ilber ortaylı kalp krizi güncel",
2025-10-03T18:01:11.174790,serkan çiçek,10 B+,"serkan çiçek son dakika, serkan çiçek güncel",
2025-10-03T18:01:11.676052,manifest rüya,2 B+,"manifest rüya güncel, manifest rüya son dakika",
2025-10-03T18:01:12.177184,melih ibrahimoğlu,1 B+,"melih ibrahimoğlu güncel, melih ibrahimoğlu son dakika",
2025-10-03T18:01:12.678168,lipton,1 B+,"lipton güncel, lipton son dakika",
2025-10-03T18:01:13.179311,ufuk bayraktar,2 B+,"ufuk bayraktar güncel, ufuk bayraktar son dakika",
2025-10-03T19:01:05.068179,berke özer,50 B+,"berke özer güncel, berke özer son dakika",
2025-10-03T19:01:05.569036,enflasyon,50 B+,"enflasyon son dakika, enflasyon güncel",
2025-10-03T19:01:06.070127,fatih altaylı,10 B+,"fatih altaylı son dakika, fatih altaylı güncel",
2025-10-03T19:01:06.571224,avrupa konferans ligi,200 B+,"avrupa konferans ligi son dakika, avrupa konferans ligi güncel",
2025-10-03T19:01:07.072318,veliaht 4 bölüm,20 B+,"veliaht 4 bölüm güncel, veliaht 4 bölüm son dakika",
2025-10-03T19:01:07.573427,fenerbahçe nice özet,1 Mn+,"fenerbahçe nice özet güncel, fenerbahçe nice özet son dakika",
2025-10-03T19:01:08.074508,son dakika depremin,20 B+,"son dakika depremin güncel, son dakika depremin son dakika",
2025-10-03T19:01:08.575600,kira artış oranı,20 B+,"kira artış oranı güncel, kira artış oranı son dakika",
2025-10-03T19:01:09.076351,ilber ortaylı kalp krizi,10 B+,"ilber ortaylı kalp krizi son dakika, ilber ortaylı kalp krizi güncel",
2025-10-03T19:01:09.577434,serkan çiçek,10 B+,"serkan çiçek son dakika, serkan çiçek güncel",
2025-10-03T19:01:10.078251,manifest rüya,2 B+,"manifest rüya son dakika, manifest rüya güncel",
2025-10-03T19:01:10.579183,lipton,1 B+,"lipton güncel, lipton son dakika",
2025-10-03T19:01:11.080252,ufuk bayraktar,2 B+,"ufuk bayraktar son dakika, ufuk bayraktar güncel",
2025-10-03T19:01:11.581247,melih ibrahimoğlu,1 B+,"melih ibrahimoğlu güncel, melih ibrahimoğlu son dakika",
2025-10-03T19:01:12.082330,3 ekim cuma hutbesi,50 B+,"3 ekim cuma hutbesi kutlama, 3 ekim cuma hutbesi son dakika, mesaj 3 ekim cuma hutbesi, 3 ekim cuma hutbesi güncel, resimli 3 ekim cuma hutbesi","3 ekim cuma hutbesi hutbe son dakika, dua 3 ekim cuma hutbesi haberleri, hutbe 3 ekim cuma hutbesi haberleri, 3 ekim cuma hutbesi dua son dakika"
2025-10-03T20:01:04.779257,trabzonspor - kayserispor,20 B+,"trabzonspor - kayserispor güncel, trabzonspor - kayserispor son dakika",
2025-10-03T20:01:05.280116,berke özer,50 B+,"berke özer son dakika, berke özer güncel",
2025-10-03T20:01:05.781038,enflasyon,50 B+,"enflasyon güncel, enflasyon son dakika",
2025-10-03T20:01:06.282028,antalyaspor - rizespor,5 B+,"antalyaspor - rizespor güncel, antalyaspor - rizespor son dakika",
2025-10-03T20:01:06.783052,fatih altaylı,10 B+,"fatih altaylı son dakika, fatih altaylı güncel",
2025-10-03T20:01:07.284063,veliaht son bölüm izle,20 B+,"veliaht son bölüm izle güncel, veliaht son bölüm izle son dakika",
2025-10-03T20:01:07.785155,kira artış oranı,20 B+,"kira artış oranı son dakika, kira artış oranı güncel",
2025-10-03T20:01:08.286249,žalgiris - fenerbahçe,2 B+,"žalgiris - fenerbahçe güncel, žalgiris - fenerbahçe son dakika",
2025-10-03T20:01:08.787313,ömer tayyip erdoğan,5 B+,"ömer tayyip erdoğan son dakika, ömer tayyip erdoğan güncel",
2025-10-03T20:01:09.288024,fenerbahçe nice özet,100 B+,"fenerbahçe nice özet son dakika, fenerbahçe nice özet güncel",
2025-10-03T20:01:09.789195,ilber ortaylı kalp krizi,10 B+,"ilber ortaylı kalp krizi son dakika, ilber ortaylı kalp krizi güncel",
2025-10-03T20:01:10.290333,boluspor - erokspor,1 B+,"boluspor - erokspor son dakika, boluspor - erokspor güncel",
2025-10-03T20:01:10.791487,serkan çiçek,10 B+,"serkan çiçek güncel, serkan çiçek son dakika",
2025-10-03T20:01:11.292611,ufuk bayraktar,2 B+,"ufuk bayraktar son dakika, ufuk bayraktar güncel",
2025-10-03T20:01:11.793396,lipton,2 B+,"lipton son dakika, lipton güncel",
2025-10-03T21:01:05.306218,trabzonspor - kayserispor,100 B+,"trabzonspor - kayserispor son dakika, trabzonspor - kayserispor güncel",
2025-10-03T21:01:05.807264,antalyaspor - rizespor,20 B+,"antalyaspor - rizespor güncel, antalyaspor - rizespor son dakika",
2025-10-03T21:01:06.308344,žalgiris - fenerbahçe,10 B+,"žalgiris - fenerbahçe güncel, žalgiris - fenerbahçe son dakika",
2025-10-03T21:01:06.809428,berke özer,50 B+,"berke özer güncel, berke özer son dakika",
2025-10-03T21:01:07.310357,fatih altaylı,20 B+,"fatih altaylı güncel, fatih altaylı son dakika",
2025-10-03T21:01:07.811234,enflasyon,20 B+,"enflasyon son dakika, enflasyon güncel",
2025-10-03T21:01:08.312304,boluspor - erokspor,5 B+,"boluspor - erokspor güncel, boluspor - erokspor son dakika",
2025-10-03T21:01:08.813461,ömer tayyip erdoğan,5 B+,"ömer tayyip erdoğan güncel, ömer tayyip erdoğan son dakika",
2025-10-03T21:01:09.314570,enflasyon oranı,50 B+,"enflasyon oranı güncel, enflasyon oranı son dakika",
2025-10-03T21:01:09.815711,ekim ayı enflasyon kira artışı,20 B+,"ekim ayı enflasyon kira artışı son dakika, ekim ayı enflasyon kira artışı güncel",
2025-10-03T21:01:10.316799,veliaht son bölüm izle,10 B+,"veliaht son bölüm izle güncel, veliaht son bölüm izle son dakika",
2025-10-03T21:01:10.817346,fenerbahçe nice özet,20 B+,"fenerbahçe nice özet son dakika, fenerbahçe nice özet güncel",
2025-10-03T21:01:11.318231,anadolu efes - hapoel tel aviv,2 B+,"anadolu efes - hapoel tel aviv güncel, anadolu efes - hapoel tel aviv son dakika",
2025-10-03T21:01:11.819267,ilber ortaylı kalp krizi,10 B+,"ilber ortaylı kalp krizi son dakika, ilber ortaylı kalp krizi güncel",
2025-10-03T21:01:12.320257,lipton,2 B+,"lipton son dakika, lipton güncel",
2025-10-03T22:01:04.912294,trabzonspor - kayserispor,100 B+,"trabzonspor - kayserispor güncel, trabzonspor - kayserispor son dakika",
2025-10-03T22:01:05.413338,antalyaspor - rizespor,50 B+,"antalyaspor - rizespor son dakika, antalyaspor - rizespor güncel",
2025-10-03T22:01:05.914210,žalgiris - fenerbahçe,20 B+,"žalgiris - fenerbahçe güncel, žalgiris - fenerbahçe son dakika",
2025-10-03T22:01:06.415247,fatih altaylı,20 B+,"fatih altaylı güncel, fatih altaylı son dakika",
2025-10-03T22:01:06.916186,boluspor - erokspor,5 B+,"boluspor - erokspor güncel, boluspor - erokspor son dakika",
2025-10-03T22:01:07.417133,ömer tayyip erdoğan,5 B+,"ömer tayyip erdoğan güncel, ömer tayyip erdoğan son dakika",
2025-10-03T22:01:07.918186,enflasyon,20 B+,"enflasyon son dakika, enflasyon güncel",
2025-10-03T22:01:08.419313,anadolu efes - hapoel tel aviv,5 B+,"anadolu efes - hapoel tel aviv güncel, anadolu efes - hapoel tel aviv son dakika",
2025-10-03T22:01:08.920460,enflasyon oranı,50 B+,"enflasyon oranı son dakika, enflasyon oranı güncel",
2025-10-03T22:01:09.421349,ekim ayı enflasyon kira artışı,20 B+,"ekim ayı enflasyon kira artışı güncel, ekim ayı enflasyon kira artışı son dakika",
2025-10-03T22:01:09.922393,ilber ortaylı kalp krizi,10 B+,"ilber ortaylı kalp krizi güncel, ilber ortaylı kalp krizi son dakika",
2025-10-03T22:01:10.423536,çorum fk,2 B+,"çorum fk son dakika, çorum fk güncel",
2025-10-03T22:01:10.924589,lipton,2 B+,"lipton son dakika, lipton güncel",
2025-10-03T22:01:11.425081,jason statham,2 B+,"jason statham güncel, jason statham son dakika",
2025-10-03T22:01:11.926063,ufuk bayraktar,2 B+,"ufuk bayraktar son dakika, ufuk bayraktar güncel",
2025-10-03T23:01:05.233302,trabzonspor - kayserispor,200 B+,"trabzonspor - kayserispor güncel, trabzonspor - kayserispor son dakika",
2025-10-03T23:01:05.734305,antalyaspor - rizespor,50 B+,"antalyaspor - rizespor güncel, antalyaspor - rizespor son dakika",
2025-10-03T23:01:06.235361,žalgiris - fenerbahçe,20 B+,"žalgiris - fenerbahçe son dakika, žalgiris - fenerbahçe güncel",
2025-10-03T23:01:06.736432,fatih altaylı,20 B+,"fatih altaylı güncel, fatih altaylı son dakika",
2025-10-03T23:01:07.237468,ömer tayyip erdoğan,10 B+,"ömer tayyip erdoğan son dakika, ömer tayyip erdoğan güncel",
2025-10-03T23:01:07.738546,anadolu efes - hapoel tel aviv,10 B+,"anadolu efes - hapoel tel aviv güncel, anadolu efes - hapoel tel aviv son dakika",
2025-10-03T23:01:08.239592,boluspor - erokspor,10 B+,"boluspor - erokspor son dakika, boluspor - erokspor güncel",
2025-10-03T23:01:08.740742,enflasyon,20 B+,"enflasyon güncel, enflasyon son dakika",
2025-10-03T23:01:09.241841,enflasyon oranı,50 B+,"enflasyon oranı güncel, enflasyon oranı son dakika",
2025-10-03T23:01:09.743100,ekim ayı enflasyon kira artışı,20 B+,"ekim ayı enflasyon kira artışı güncel, ekim ayı enflasyon kira artışı son dakika",
2025-10-03T23:01:10.244141,ilber ortaylı kalp krizi,10 B+,"ilber ortaylı kalp krizi son dakika, ilber ortaylı kalp krizi güncel",
2025-10-03T23:01:10.745262,bournemouth - fulham,2 B+,"bournemouth - fulham son dakika, bournemouth - fulham güncel",
2025-10-03T23:01:11.246319,gs bjk maçı,5 B+,"gs bjk maçı son dakika, gs bjk maçı güncel",
2025-10-03T23:01:11.747390,çorum fk,2 B+,"çorum fk güncel, çorum fk son dakika",
2025-10-03T23:01:12.248494,köln fc,2 B+,"köln fc güncel, köln fc son dakika",
2025-10-04T00:01:07.321182,trabzonspor - kayserispor,200 B+,"trabzonspor - kayserispor son dakika, trabzonspor - kayserispor güncel",
2025-10-04T00:01:07.822198,antalyaspor - rizespor,50 B+,"antalyaspor - rizespor güncel, antalyaspor - rizespor son dakika",
2025-10-04T00:01:08.323133,žalgiris - fenerbahçe,20 B+,"žalgiris - fenerbahçe güncel, žalgiris - fenerbahçe son dakika",
2025-10-04T00:01:08.824203,ömer tayyip erdoğan,10 B+,"ömer tayyip erdoğan son dakika, ömer tayyip erdoğan güncel",
2025-10-04T00:01:09.325275,fatih altaylı,20 B+,"fatih altaylı son dakika, fatih altaylı güncel",
2025-10-04T00:01:09.826341,enflasyon,50 B+,"enflasyon güncel, enflasyon son dakika",
2025-10-04T00:01:10.327465,hüsnü çoban öldü mü,5 B+,"hüsnü çoban öldü mü güncel, hüsnü çoban öldü mü son dakika",
2025-10-04T00:01:10.828551,anadolu efes - hapoel tel aviv,10 B+,"anadolu efes - hapoel tel aviv güncel, anadolu efes - hapoel tel aviv son dakika",
2025-10-04T00:01:11.329645,fulham,5 B+,"fulham güncel, fulham son dakika",
2025-10-04T00:01:11.830335,köln fc,5 B+,"köln fc son dakika, köln fc güncel",
2025-10-04T00:01:12.331462,ekim ayı enflasyon kira artışı,20 B+,"ekim ayı enflasyon kira artışı güncel, ekim ayı enflasyon kira artışı son dakika",
2025-10-04T00:01:12.832545,ilber ortaylı kalp krizi,10 B+,"ilber ortaylı kalp krizi son dakika, ilber ortaylı kalp krizi güncel",
2025-10-04T00:01:13.333814,boluspor - erokspor,10 B+,"boluspor - erokspor son dakika, boluspor - erokspor güncel",
2025-10-04T00:01:13.835032,gs bjk maçı,5 B+,"gs bjk maçı güncel, gs bjk maçı son dakika",
2025-10-04T00:01:14.336078,osasuna - getafe,2 B+,"osasuna - getafe güncel, osasuna - getafe son dakika",
2025-10-04T01:01:04.163001,trabzonspor - kayserispor,200 B+,"trabzonspor - kayserispor güncel, trabzonspor - kayserispor son dakika",
2025-10-04T01:01:04.664066,antalyaspor - rizespor,50 B+,"antalyaspor - rizespor son dakika, antalyaspor - rizespor güncel",
2025-10-04T01:01:05.165161,ömer tayyip erdoğan,10 B+,"ömer tayyip erdoğan güncel, ömer tayyip erdoğan son dakika",
2025-10-04T01:01:05.666244,žalgiris - fenerbahçe,20 B+,"žalgiris - fenerbahçe son dakika, žalgiris - fenerbahçe güncel",
2025-10-04T01:01:06.167176,fatih altaylı,20 B+,"fatih altaylı güncel, fatih altaylı son dakika",
2025-10-04T01:01:06.668112,enflasyon,50 B+,"enflasyon son dakika, enflasyon güncel",
2025-10-04T01:01:07.169238,arka sokaklar 721 bölüm full izle,10 B+,"arka sokaklar 721 bölüm full izle son dakika, arka sokaklar 721 bölüm full izle güncel",
2025-10-04T01:01:07.670176,boluspor - erokspor,10 B+,"boluspor - erokspor son dakika, boluspor - erokspor güncel",
2025-10-04T01:01:08.170969,bournemouth - fulham,5 B+,"bournemouth - fulham güncel, bournemouth - fulham son dakika",
2025-10-04T01:01:08.672082,gs bjk maçı,10 B+,"gs bjk maçı son dakika, gs bjk maçı güncel",
2025-10-04T01:01:09.173330,recep bülbülses,2 B+,"recep bülbülses güncel, recep bülbülses son dakika",
2025-10-04T01:01:09.674406,osasuna - getafe,2 B+,"osasuna - getafe son dakika, osasuna - getafe güncel",
2025-10-04T01:01:10.175506,eylül enflasyon,20 B+,"eylül enflasyon son dakika, eylül enflasyon güncel",
2025-10-04T01:01:10.676621,anadolu efes - hapoel tel aviv,10 B+,"anadolu efes - hapoel tel aviv son dakika, anadolu efes - hapoel tel aviv güncel",
2025-10-04T01:01:11.177716,lipton,2 B+,"lipton güncel, lipton son dakika",
2025-10-04T02:01:04.006327,trabzonspor - kayserispor,200 B+,"trabzonspor - kayserispor güncel, trabzonspor - kayserispor son dakika",
2025-10-04T02:01:04.507396,antalyaspor - rizespor,50 B+,"antalyaspor - rizespor son dakika, antalyaspor - rizespor güncel",
2025-10-04T02:01:05.008450,ömer tayyip erdoğan,10 B+,"ömer tayyip erdoğan güncel, ömer tayyip erdoğan son dakika",
2025-10-04T02:01:05.509148,žalgiris - fenerbahçe,20 B+,"žalgiris - fenerbahçe güncel, žalgiris - fenerbahçe son dakika",
2025-10-04T02:01:06.010344,arka sokaklar 721 bölüm full izle,20 B+,"arka sokaklar 721 bölüm full izle güncel, arka sokaklar 721 bölüm full izle son dakika",
2025-10-04T02:01:06.511382,fatih altaylı,20 B+,"fatih altaylı son dakika, fatih altaylı güncel",
2025-10-04T02:01:07.012459,enflasyon,50 B+,"enflasyon son dakika, enflasyon güncel",
2025-10-04T02:01:07.513368,ekim ayı enflasyon kira artışı,20 B+,"ekim ayı enflasyon kira artışı son dakika, ekim ayı enflasyon kira artışı güncel",
2025-10-04T02:01:08.014430,gs bjk maçı,10 B+,"gs bjk maçı son dakika, gs bjk maçı güncel",
2025-10-04T02:01:08.515481,recep bülbülses,2 B+,"recep bülbülses güncel, recep bülbülses son dakika",
2025-10-04T02:01:09.016533,boluspor - erokspor,10 B+,"boluspor - erokspor güncel, boluspor - erokspor son dakika",
2025-10-04T02:01:09.517179,hamas,2 B+,"hamas son dakika, hamas güncel",
2025-10-04T02:01:10.018262,lipton,2 B+,"lipton son dakika, lipton güncel",
2025-10-04T02:01:10.519145,bournemouth - fulham,5 B+,"bournemouth - fulham son dakika, bournemouth - fulham güncel",
2025-10-04T02:01:11.020336,oulai,2 B+,"oulai güncel, oulai son dakika",
2025-10-04T03:01:05.230324,trabzonspor - kayserispor,200 B+,"trabzonspor - kayserispor güncel, trabzonspor - kayserispor son dakika",
2025-10-04T03:01:05.731310,antalyaspor - rizespor,50 B+,"antalyaspor - rizespor son dakika, antalyaspor - rizespor güncel",
2025-10-04T03:01:06.232393,ömer tayyip erdoğan,10 B+,"ömer tayyip erdoğan güncel, ömer tayyip erdoğan son dakika",
2025-10-04T03:01:06.733227,žalgiris - fenerbahçe,50 B+,"žalgiris - fenerbahçe son dakika, žalgiris - fenerbahçe güncel",
2025-10-04T03:01:07.234151,fatih altaylı,20 B+,"fatih altaylı son dakika, fatih altaylı güncel",
2025-10-04T03:01:07.735234,arka sokaklar 721 bölüm full izle,20 B+,"arka sokaklar 721 bölüm full izle son dakika, arka sokaklar 721 bölüm full izle güncel",
2025-10-04T03:01:08.236307,recep bülbülses,2 B+,"recep bülbülses son dakika, recep bülbülses güncel",
2025-10-04T03:01:08.737244,gs bjk maçı,10 B+,"gs bjk maçı son dakika, gs bjk maçı güncel",
2025-10-04T03:01:09.238336,ekim ayı enflasyon kira artışı,20 B+,"ekim ayı enflasyon kira artışı güncel, ekim ayı enflasyon kira artışı son dakika",
2025-10-04T03:01:09.739477,lipton,2 B+,"lipton güncel, lipton son dakika",
2025-10-04T03:01:10.240404,oulai,2 B+,"oulai son dakika, oulai güncel",
2025-10-04T03:01:10.741501,hamas,2 B+,"hamas güncel, hamas son dakika",
2025-10-04T03:01:11.242590,sağlık bakanlığı işçi alımı başvuruları,2 B+,"sağlık bakanlığı işçi alımı başvuruları güncel, sağlık bakanlığı işçi alımı başvuruları son dakika",
2025-10-04T03:01:11.743234,bournemouth - fulham,5 B+,"bournemouth - fulham son dakika, bournemouth - fulham güncel",
2025-10-04T03:01:12.244202,enflasyon,50 B+,"enflasyon güncel, enflasyon son dakika",
2025-10-04T04:01:05.358608,trabzonspor - kayserispor,200 B+,"trabzonspor - kayserispor son dakika, trabzonspor - kayserispor güncel",
2025-10-04T04:01:05.859660,antalyaspor - rizespor,50 B+,"antalyaspor - rizespor son dakika, antalyaspor - rizespor güncel",
2025-10-04T04:01:06.360732,ömer tayyip erdoğan,10 B+,"ömer tayyip erdoğan son dakika, ömer tayyip erdoğan güncel",
2025-10-04T04:01:06.861802,fatih altaylı,20 B+,"fatih altaylı güncel, fatih altaylı son dakika",
2025-10-04T04:01:07.362973,arka sokaklar 721 bölüm full izle,20 B+,"arka sokaklar 721 bölüm full izle güncel, arka sokaklar 721 bölüm full izle son dakika",
2025-10-04T04:01:07.864111,recep bülbülses,2 B+,"recep bülbülses son dakika, recep bülbülses güncel",
2025-10-04T04:01:08.365147,boluspor - erokspor,10 B+,"boluspor - erokspor güncel, boluspor - erokspor son dakika",
2025-10-04T04:01:08.866091,hamas,2 B+,"hamas son dakika, hamas güncel",
2025-10-04T04:01:09.367162,oulai,2 B+,"oulai güncel, oulai son dakika",
2025-10-04T04:01:09.868262,žalgiris - fenerbahçe,20 B+,"žalgiris - fenerbahçe son dakika, žalgiris - fenerbahçe güncel",
2025-10-04T04:01:10.369351,lipton,2 B+,"lipton güncel, lipton son dakika",
2025-10-04T04:01:10.870284,enflasyon,50 B+,"enflasyon son dakika, enflasyon güncel",
2025-10-04T04:01:11.371140,murat ülker,1 B+,"murat ülker güncel, murat ülker son dakika",
2025-10-04T04:01:11.872263,ekim ayı enflasyon kira artışı,20 B+,"ekim ayı enflasyon kira artışı son dakika, ekim ayı enflasyon kira artışı güncel",
2025-10-04T04:01:12.373367,emekli memur maaş zammı enflasyon farkı,10 B+,"emekli memur maaş zammı enflasyon farkı son dakika, emekli memur maaş zammı enflasyon farkı güncel",
2025-10-04T05:01:04.382710,trabzonspor - kayserispor,200 B+,"trabzonspor - kayserispor güncel, trabzonspor - kayserispor son dakika",
2025-10-04T05:01:04.883708,antalyaspor - rizespor,50 B+,"antalyaspor - rizespor son dakika, antalyaspor - rizespor güncel",
2025-10-04T05:01:05.384795,ömer tayyip erdoğan,10 B+,"ömer tayyip erdoğan son dakika, ömer tayyip erdoğan güncel",
2025-10-04T05:01:05.885713,fatih altaylı,20 B+,"fatih altaylı güncel, fatih altaylı son dakika",
2025-10-04T05:01:06.386219,arka sokaklar 721 bölüm full izle,20 B+,"arka sokaklar 721 bölüm full izle son dakika, arka sokaklar 721 bölüm full izle güncel",
2025-10-04T05:01:06.887258,recep bülbülses,2 B+,"recep bülbülses güncel, recep bülbülses son dakika",
2025-10-04T05:01:07.388282,lipton,2 B+,"lipton son dakika, lipton güncel",
2025-10-04T05:01:07.889215,žalgiris - fenerbahçe,50 B+,"žalgiris - fenerbahçe güncel, žalgiris - fenerbahçe son dakika",
2025-10-04T05:01:08.390295,enflasyon,50 B+,"enflasyon son dakika, enflasyon güncel",
2025-10-04T05:01:08.891489,emekli memur maaş zammı enflasyon farkı,20 B+,"emekli memur maaş zammı enflasyon farkı son dakika, emekli memur maaş zammı enflasyon farkı güncel",
2025-10-04T05:01:09.392636,arthur jones,500+,"arthur jones güncel, arthur jones son dakika",
2025-10-04T05:01:09.893354,ekim ayı enflasyon kira artışı,20 B+,"ekim ayı enflasyon kira artışı son dakika, ekim ayı enflasyon kira artışı güncel",
2025-10-04T05:01:10.394422,boluspor - erokspor,10 B+,"boluspor - erokspor güncel, boluspor - erokspor son dakika",
2025-10-04T05:01:10.895087,gs bjk maçı,10 B+,"gs bjk maçı son dakika, gs bjk maçı güncel",
2025-10-04T05:01:11.396162,bournemouth - fulham,5 B+,"bournemouth - fulham güncel, bournemouth - fulham son dakika",
2025-10-04T06:01:04.289146,trabzonspor - kayserispor,200 B+,"trabzonspor - kayserispor son dakika, trabzonspor - kayserispor güncel",
2025-10-04T06:01:04.790145,antalyaspor - rizespor,50 B+,"antalyaspor - rizespor güncel, antalyaspor - rizespor son dakika",
2025-10-04T06:01:05.291195,ömer tayyip erdoğan,10 B+,"ömer tayyip erdoğan son dakika, ömer tayyip erdoğan güncel",
2025-10-04T06:01:05.792128,fatih altaylı,20 B+,"fatih altaylı güncel, fatih altaylı son dakika",
2025-10-04T06:01:06.293232,arka sokaklar 721 bölüm full izle,20 B+,"arka sokaklar 721 bölüm full izle güncel, arka sokaklar 721 bölüm full izle son dakika",
2025-10-04T06:01:06.794128,boluspor - erokspor,10 B+,"boluspor - erokspor son dakika, boluspor - erokspor güncel",
2025-10-04T06:01:07.295265,recep bülbülses,2 B+,"recep bülbülses son dakika, recep bülbülses güncel",
2025-10-04T06:01:07.796311,gs bjk maçı,10 B+,"gs bjk maçı son dakika, gs bjk maçı güncel",
2025-10-04T06:01:08.297333,osasuna - getafe,2 B+,"osasuna - getafe son dakika, osasuna - getafe güncel",
2025-10-04T06:01:08.798387,hamas,2 B+,"hamas güncel, hamas son dakika",
2025-10-04T06:01:09.299393,bournemouth - fulham,5 B+,"bournemouth - fulham son dakika, bournemouth - fulham güncel",
2025-10-04T06:01:09.800296,žalgiris - fenerbahçe,20 B+,"žalgiris - fenerbahçe son dakika, žalgiris - fenerbahçe güncel",
2025-10-04T06:01:10.301385,oulai,2 B+,"oulai güncel, oulai son dakika",
2025-10-04T06:01:10.802556,emekli memur maaş zammı enflasyon farkı,20 B+,"emekli memur maaş zammı enflasyon farkı güncel, emekli memur maaş zammı enflasyon farkı son dakika",
2025-10-04T06:01:11.303662,deniz uğur,5 B+,"deniz uğur güncel, deniz uğur son dakika",
2025-10-04T07:01:04.747404,trabzonspor - kayserispor,200 B+,"trabzonspor - kayserispor son dakika, trabzonspor - kayserispor güncel",
2025-10-04T07:01:05.248450,antalyaspor - rizespor,50 B+,"antalyaspor - rizespor son dakika, antalyaspor - rizespor güncel",
2025-10-04T07:01:05.749355,ömer tayyip erdoğan,10 B+,"ömer tayyip erdoğan son dakika, ömer tayyip erdoğan güncel",
2025-10-04T07:01:06.250453,fatih altaylı,20 B+,"fatih altaylı son dakika, fatih altaylı güncel",
2025-10-04T07:01:06.751347,žalgiris - fenerbahçe,20 B+,"žalgiris - fenerbahçe son dakika, žalgiris - fenerbahçe güncel",
2025-10-04T07:01:07.252221,boluspor - erokspor,10 B+,"boluspor - erokspor güncel, boluspor - erokspor son dakika",
2025-10-04T07:01:07.753174,arka sokaklar 721 bölüm full izle,20 B+,"arka sokaklar 721 bölüm full izle güncel, arka sokaklar 721 bölüm full izle son dakika",
2025-10-04T07:01:08.254319,recep bülbülses,2 B+,"recep bülbülses güncel, recep bülbülses son dakika",
2025-10-04T07:01:08.755414,ekim ayı enflasyon kira artışı,20 B+,"ekim ayı enflasyon kira artışı güncel, ekim ayı enflasyon kira artışı son dakika",
2025-10-04T07:01:09.256527,hamas,2 B+,"hamas son dakika, hamas güncel",
2025-10-04T07:01:09.757641,osasuna - getafe,2 B+,"osasuna - getafe güncel, osasuna - getafe son dakika",
2025-10-04T07:01:10.258725,bournemouth - fulham,5 B+,"bournemouth - fulham güncel, bournemouth - fulham son dakika",
2025-10-04T07:01:10.759813,anadolu efes - hapoel tel aviv,10 B+,"anadolu efes - hapoel tel aviv son dakika, anadolu efes - hapoel tel aviv güncel",
2025-10-04T07:01:11.260913,deniz uğur,2 B+,"deniz uğur son dakika, deniz uğur güncel",
2025-10-04T07:01:11.762127,emekli memur maaş zammı enflasyon farkı,20 B+,"emekli memur maaş zammı enflasyon farkı son dakika, emekli memur maaş zammı enflasyon farkı güncel",
2025-10-04T08:01:04.940232,trabzonspor - kayserispor,200 B+,"trabzonspor - kayserispor güncel, trabzonspor - kayserispor son dakika",
2025-10-04T08:01:05.441319,antalyaspor - rizespor,50 B+,"antalyaspor - rizespor son dakika, antalyaspor - rizespor güncel",
2025-10-04T08:01:05.942429,ömer tayyip erdoğan,10 B+,"ömer tayyip erdoğan son dakika, ömer tayyip erdoğan güncel",
2025-10-04T08:01:06.443517,fatih altaylı,20 B+,"fatih altaylı güncel, fatih altaylı son dakika",
2025-10-04T08:01:06.944422,žalgiris - fenerbahçe,20 B+,"žalgiris - fenerbahçe güncel, žalgiris - fenerbahçe son dakika",
2025-10-04T08:01:07.445510,arka sokaklar 721 bölüm full izle,20 B+,"arka sokaklar 721 bölüm full izle son dakika, arka sokaklar 721 bölüm full izle güncel",
2025-10-04T08:01:07.946604,boluspor - erokspor,10 B+,"boluspor - erokspor güncel, boluspor - erokspor son dakika",
2025-10-04T08:01:08.447675,enflasyon,50 B+,"enflasyon son dakika, enflasyon güncel",
2025-10-04T08:01:08.948815,gs bjk maçı,10 B+,"gs bjk maçı son dakika, gs bjk maçı güncel",
2025-10-04T08:01:09.449352,recep bülbülses,2 B+,"recep bülbülses güncel, recep bülbülses son dakika",
2025-10-04T08:01:09.950278,ekim ayı enflasyon kira artışı,20 B+,"ekim ayı enflasyon kira artışı son dakika, ekim ayı enflasyon kira artışı güncel",
2025-10-04T08:01:10.451219,hamas,2 B+,"hamas güncel, hamas son dakika",
2025-10-04T08:01:10.952293,bournemouth - fulham,5 B+,"bournemouth - fulham son dakika, bournemouth - fulham güncel",
2025-10-04T08:01:11.453227,osasuna - getafe,2 B+,"osasuna - getafe güncel, osasuna - getafe son dakika",
2025-10-04T08:01:11.954216,sağlık bakanlığı işçi alımı başvuruları,2 B+,"sağlık bakanlığı işçi alımı başvuruları güncel, sağlık bakanlığı işçi alımı başvuruları son dakika",
2025-10-04T09:01:04.945289,trabzonspor - kayserispor,200 B+,"trabzonspor - kayserispor son dakika, trabzonspor - kayserispor güncel",
2025-10-04T09:01:05.446133,antalyaspor - rizespor,50 B+,"antalyaspor - rizespor güncel, antalyaspor - rizespor son dakika",
2025-10-04T09:01:05.947191,ömer tayyip erdoğan,10 B+,"ömer tayyip erdoğan son dakika, ömer tayyip erdoğan güncel",
2025-10-04T09:01:06.448251,žalgiris - fenerbahçe,20 B+,"žalgiris - fenerbahçe güncel, žalgiris - fenerbahçe son dakika",
2025-10-04T09:01:06.949293,arka sokaklar 721 bölüm full izle,20 B+,"arka sokaklar 721 bölüm full izle son dakika, arka sokaklar 721 bölüm full izle güncel",
2025-10-04T09:01:07.450384,recep bülbülses,5 B+,"recep bülbülses güncel, recep bülbülses son dakika",
2025-10-04T09:01:07.951473,gs bjk maçı,10 B+,"gs bjk maçı son dakika, gs bjk maçı güncel",
2025-10-04T09:01:08.452392,boluspor - erokspor,10 B+,"boluspor - erokspor son dakika, boluspor - erokspor güncel",
2025-10-04T09:01:08.953482,hamas,2 B+,"hamas güncel, hamas son dakika",
2025-10-04T09:01:09.454622,ekim ayı enflasyon kira artışı,20 B+,"ekim ayı enflasyon kira artışı güncel, ekim ayı enflasyon kira artışı son dakika",
2025-10-04T09:01:09.955712,sağlık bakanlığı işçi alımı başvuruları,5 B+,"sağlık bakanlığı işçi alımı başvuruları son dakika, sağlık bakanlığı işçi alımı başvuruları güncel",
2025-10-04T09:01:10.456825,eylül enflasyon,20 B+,"eylül enflasyon son dakika, eylül enflasyon güncel",
2025-10-04T09:01:10.958115,emekli memur maaş zammı enflasyon farkı,20 B+,"emekli memur maaş zammı enflasyon farkı son dakika, emekli memur maaş zammı enflasyon farkı güncel",
2025-10-04T09:01:11.458929,bournemouth - fulham,5 B+,"bournemouth - fulham son dakika, bournemouth - fulham güncel",
2025-10-04T09:01:11.960119,osasuna - getafe,2 B+,"osasuna - getafe güncel, osasuna - getafe son dakika",
2025-10-04T10:01:05.082744,trabzonspor - kayserispor,200 B+,"trabzonspor - kayserispor güncel, trabzonspor - kayserispor son dakika",
2025-10-04T10:01:05.583132,antalyaspor - rizespor,50 B+,"antalyaspor - rizespor güncel, antalyaspor - rizespor son dakika",
2025-10-04T10:01:06.084083,žalgiris - fenerbahçe,20 B+,"žalgiris - fenerbahçe güncel, žalgiris - fenerbahçe son dakika",
2025-10-04T10:01:06.585170,arka sokaklar 721 bölüm full izle,20 B+,"arka sokaklar 721 bölüm full izle güncel, arka sokaklar 721 bölüm full izle son dakika",
2025-10-04T10:01:07.086226,recep bülbülses,5 B+,"recep bülbülses güncel, recep bülbülses son dakika",
2025-10-04T10:01:07.587163,gs bjk maçı,10 B+,"gs bjk maçı güncel, gs bjk maçı son dakika",
2025-10-04T10:01:08.088226,boluspor - erokspor,10 B+,"boluspor - erokspor son dakika, boluspor - erokspor güncel",
2025-10-04T10:01:08.588742,hatice boynukalın şenkardeşler,10 B+,"hatice boynukalın şenkardeşler son dakika, hatice boynukalın şenkardeşler güncel",
2025-10-04T10:01:09.089846,izmir hava durumu,5 B+,"izmir hava durumu son dakika, izmir hava durumu güncel",
2025-10-04T10:01:09.590827,ekim ayı enflasyon kira artışı,20 B+,"ekim ayı enflasyon kira artışı son dakika, ekim ayı enflasyon kira artışı güncel",
2025-10-04T10:01:10.092070,hamas,2 B+,"hamas son dakika, hamas güncel",
2025-10-04T10:01:10.593246,lipton,5 B+,"lipton son dakika, lipton güncel",
2025-10-04T10:01:11.094360,emrullah tuncel,2 B+,"emrullah tuncel son dakika, emrullah tuncel güncel",
2025-10-04T10:01:11.595451,emekli memur maaş zammı enflasyon farkı,20 B+,"emekli memur maaş zammı enflasyon farkı güncel, emekli memur maaş zammı enflasyon farkı son dakika",
2025-10-04T10:01:12.096267,sağlık bakanlığı işçi alımı başvuruları,5 B+,"sağlık bakanlığı işçi alımı başvuruları son dakika, sağlık bakanlığı işçi alımı başvuruları güncel",
2025-10-04T11:01:05.327768,trabzonspor - kayserispor,200 B+,"trabzonspor - kayserispor güncel, trabzonspor - kayserispor son dakika",
2025-10-04T11:01:05.828824,antalyaspor - rizespor,50 B+,"antalyaspor - rizespor son dakika, antalyaspor - rizespor güncel",
2025-10-04T11:01:06.329817,recep bülbülses,5 B+,"recep bülbülses son dakika, recep bülbülses güncel",
2025-10-04T11:01:06.830929,žalgiris - fenerbahçe,20 B+,"žalgiris - fenerbahçe son dakika, žalgiris - fenerbahçe güncel",
2025-10-04T11:01:07.332059,gs bjk maçı,10 B+,"gs bjk maçı güncel, gs bjk maçı son dakika",
2025-10-04T11:01:07.833256,arka sokaklar 721 bölüm full izle,20 B+,"arka sokaklar 721 bölüm full izle güncel, arka sokaklar 721 bölüm full izle son dakika",
2025-10-04T11:01:08.334312,ed gein,5 B+,"ed gein güncel, ed gein son dakika",
2025-10-04T11:01:08.835489,ekim ayı enflasyon kira artışı,5 B+,"ekim ayı enflasyon kira artışı güncel, ekim ayı enflasyon kira artışı son dakika",
2025-10-04T11:01:09.336597,boluspor - erokspor,10 B+,"boluspor - erokspor güncel, boluspor - erokspor son dakika",
2025-10-04T11:01:09.837678,hatice boynukalın şenkardeşler,5 B+,"hatice boynukalın şenkardeşler güncel, hatice boynukalın şenkardeşler son dakika",
2025-10-04T11:01:10.338060,hamas,2 B+,"hamas güncel, hamas son dakika",
2025-10-04T11:01:10.839131,lipton,5 B+,"lipton son dakika, lipton güncel",
2025-10-04T11:01:11.340101,emrullah tuncel,2 B+,"emrullah tuncel güncel, emrullah tuncel son dakika",
2025-10-04T11:01:11.841072,emekli memur maaş zammı enflasyon farkı,2 B+,"emekli memur maaş zammı enflasyon farkı güncel, emekli memur maaş zammı enflasyon farkı son dakika",
2025-10-04T11:01:12.342244,ömer tayyip erdoğan kimin oğlu,2 B+,"ömer tayyip erdoğan kimin oğlu son dakika, ömer tayyip erdoğan kimin oğlu güncel",
2025-10-04T12:01:04.385566,trabzonspor - kayserispor,200 B+,"trabzonspor - kayserispor güncel, trabzonspor - kayserispor son dakika",
2025-10-04T12:01:04.886589,antalyaspor - rizespor,50 B+,"antalyaspor - rizespor güncel, antalyaspor - rizespor son dakika",
2025-10-04T12:01:05.387670,gs bjk maçı,20 B+,"gs bjk maçı son dakika, gs bjk maçı güncel",
2025-10-04T12:01:05.888738,recep bülbülses,5 B+,"recep bülbülses son dakika, recep bülbülses güncel",
2025-10-04T12:01:06.389677,arka sokaklar 721 bölüm full izle,20 B+,"arka sokaklar 721 bölüm full izle son dakika, arka sokaklar 721 bölüm full izle güncel",
2025-10-04T12:01:06.890732,žalgiris - fenerbahçe,20 B+,"žalgiris - fenerbahçe güncel, žalgiris - fenerbahçe son dakika",
2025-10-04T12:01:07.391822,ed gein,5 B+,"ed gein son dakika, ed gein güncel",
2025-10-04T12:01:07.892951,ekim ayı enflasyon kira artışı,5 B+,"ekim ayı enflasyon kira artışı güncel, ekim ayı enflasyon kira artışı son dakika",
2025-10-04T12:01:08.393227,lipton,5 B+,"lipton son dakika, lipton güncel",
2025-10-04T12:01:08.894314,hatice boynukalın şenkardeşler,5 B+,"hatice boynukalın şenkardeşler son dakika, hatice boynukalın şenkardeşler güncel",
2025-10-04T12:01:09.395468,emekli memur maaş zammı enflasyon farkı,2 B+,"emekli memur maaş zammı enflasyon farkı son dakika, emekli memur maaş zammı enflasyon farkı güncel",
2025-10-04T12:01:09.896615,sağlık bakanlığı işçi alımı başvuruları,5 B+,"sağlık bakanlığı işçi alımı başvuruları son dakika, sağlık bakanlığı işçi alımı başvuruları güncel",
2025-10-04T12:01:10.397755,ömer tayyip erdoğan kimin oğlu,2 B+,"ömer tayyip erdoğan kimin oğlu güncel, ömer tayyip erdoğan kimin oğlu son dakika",
2025-10-04T12:01:10.898961,emrullah tuncel,2 B+,"emrullah tuncel güncel, emrullah tuncel son dakika",
2025-10-04T12:01:11.400083,hamas,2 B+,"hamas son dakika, hamas güncel",
2025-10-04T13:01:05.550779,trabzonspor - kayserispor,200 B+,"trabzonspor - kayserispor son dakika, trabzonspor - kayserispor güncel",
2025-10-04T13:01:06.051789,antalyaspor - rizespor,50 B+,"antalyaspor - rizespor son dakika, antalyaspor - rizespor güncel",
2025-10-04T13:01:06.552731,gs bjk maçı,20 B+,"gs bjk maçı son dakika, gs bjk maçı güncel",
2025-10-04T13:01:07.053928,recep bülbülses,5 B+,"recep bülbülses güncel, recep bülbülses son dakika",
2025-10-04T13:01:07.554349,arka sokaklar 721 bölüm full izle,20 B+,"arka sokaklar 721 bölüm full izle güncel, arka sokaklar 721 bölüm full izle son dakika",
2025-10-04T13:01:08.055260,lipton,5 B+,"lipton son dakika, lipton güncel",
2025-10-04T13:01:08.556328,emekli memur maaş zammı enflasyon farkı,2 B+,"emekli memur maaş zammı enflasyon farkı son dakika, emekli memur maaş zammı enflasyon farkı güncel",
2025-10-04T13:01:09.057311,ömer tayyip erdoğan kimin oğlu,2 B+,"ömer tayyip erdoğan kimin oğlu son dakika, ömer tayyip erdoğan kimin oğlu güncel",
2025-10-04T13:01:09.558345,hamas,5 B+,"hamas son dakika, hamas güncel",
2025-10-04T13:01:10.059474,4 ekim,2 B+,"4 ekim güncel, 4 ekim son dakika",
2025-10-04T13:01:10.560270,dilovası,1 B+,"dilovası güncel, dilovası son dakika",
2025-10-04T13:01:11.061278,murat ülker,2 B+,"murat ülker son dakika, murat ülker güncel",
2025-10-04T13:01:11.562199,pendikspor - adana demirspor,500+,"pendikspor - adana demirspor güncel, pendikspor - adana demirspor son dakika",
2025-10-04T13:01:12.063300,emrullah tuncel,2 B+,"emrullah tuncel güncel, emrullah tuncel son dakika",
2025-10-04T13:01:12.564291,sağlık bakanlığı personel alımı 2025 işkur,5 B+,"sağlık bakanlığı personel alımı 2025 işkur güncel, sağlık bakanlığı personel alımı 2025 işkur son dakika",
2025-10-04T14:01:05.305678,trabzonspor - kayserispor,200 B+,"trabzonspor - kayserispor güncel, trabzonspor - kayserispor son dakika",
2025-10-04T14:01:05.806720,antalyaspor - rizespor,50 B+,"antalyaspor - rizespor güncel, antalyaspor - rizespor son dakika",
2025-10-04T14:01:06.307798,recep bülbülses,10 B+,"recep bülbülses güncel, recep bülbülses son dakika",
2025-10-04T14:01:06.808977,hatice boynukalın şenkardeşler kimdir,10 B+,"hatice boynukalın şenkardeşler kimdir güncel, hatice boynukalın şenkardeşler kimdir son dakika",
2025-10-04T14:01:07.309935,arka sokaklar 721 bölüm full izle,20 B+,"arka sokaklar 721 bölüm full izle son dakika, arka sokaklar 721 bölüm full izle güncel",
2025-10-04T14:01:07.810338,pendikspor - adana demirspor,2 B+,"pendikspor - adana demirspor son dakika, pendikspor - adana demirspor güncel",
2025-10-04T14:01:08.311349,bandırmaspor - ümraniyespor,2 B+,"bandırmaspor - ümraniyespor son dakika, bandırmaspor - ümraniyespor güncel",
2025-10-04T14:01:08.812516,4 ekim,2 B+,"4 ekim güncel, 4 ekim son dakika",
2025-10-04T14:01:09.313594,ömer tayyip erdoğan kimin oğlu,2 B+,"ömer tayyip erdoğan kimin oğlu güncel, ömer tayyip erdoğan kimin oğlu son dakika",
2025-10-04T14:01:09.814678,leeds united - tottenham,1 B+,"leeds united - tottenham son dakika, leeds united - tottenham güncel",
2025-10-04T14:01:10.315208,lipton,5 B+,"lipton güncel, lipton son dakika",
2025-10-04T14:01:10.816321,hamas,5 B+,"hamas güncel, hamas son dakika",
2025-10-04T14:01:11.317454,emrullah tuncel,2 B+,"emrullah tuncel güncel, emrullah tuncel son dakika",
2025-10-04T14:01:11.818442,sağlık bakanlığı personel alımı 2025 işkur,5 B+,"sağlık bakanlığı personel alımı 2025 işkur son dakika, sağlık bakanlığı personel alımı 2025 işkur güncel",
2025-10-04T14:01:12.319560,one battle after another,2 B+,"one battle after another güncel, one battle after another son dakika",
2025-10-04T15:01:04.447492,trabzonspor - kayserispor,200 B+,"trabzonspor - kayserispor güncel, trabzonspor - kayserispor son dakika",
2025-10-04T15:01:04.948508,antalyaspor - rizespor,50 B+,"antalyaspor - rizespor güncel, antalyaspor - rizespor son dakika",
2025-10-04T15:01:05.449336,pendikspor - adana demirspor,5 B+,"pendikspor - adana demirspor son dakika, pendikspor - adana demirspor güncel",
2025-10-04T15:01:05.950389,hatice boynukalın şenkardeşler kimdir,20 B+,"hatice boynukalın şenkardeşler kimdir son dakika, hatice boynukalın şenkardeşler kimdir güncel",
2025-10-04T15:01:06.451473,arka sokaklar 721 bölüm full izle,20 B+,"arka sokaklar 721 bölüm full izle son dakika, arka sokaklar 721 bölüm full izle güncel",
2025-10-04T15:01:06.952562,recep bülbülses,10 B+,"recep bülbülses güncel, recep bülbülses son dakika",
2025-10-04T15:01:07.453645,bandırmaspor - ümraniyespor,2 B+,"bandırmaspor - ümraniyespor son dakika, bandırmaspor - ümraniyespor güncel",
2025-10-04T15:01:07.954682,leeds united - tottenham,2 B+,"leeds united - tottenham güncel, leeds united - tottenham son dakika",
2025-10-04T15:01:08.455341,4 ekim,2 B+,"4 ekim son dakika, 4 ekim güncel",
2025-10-04T15:01:08.956386,ömer tayyip erdoğan kimin oğlu,5 B+,"ömer tayyip erdoğan kimin oğlu son dakika, ömer tayyip erdoğan kimin oğlu güncel",
2025-10-04T15:01:09.457551,sağlık bakanlığı personel alımı 2025 işkur,2 B+,"sağlık bakanlığı personel alımı 2025 işkur son dakika, sağlık bakanlığı personel alımı 2025 işkur güncel",
2025-10-04T15:01:09.958268,murat ülker,2 B+,"murat ülker güncel, murat ülker son dakika",
2025-10-04T15:01:10.459370,oviedo - levante,500+,"oviedo - levante son dakika, oviedo - levante güncel",
2025-10-04T15:01:10.960260,one battle after another,2 B+,"one battle after another güncel, one battle after another son dakika",
2025-10-04T15:01:11.461342,deniz uğur,2 B+,"deniz uğur güncel, deniz uğur son dakika",
2025-10-04T16:01:04.567936,trabzonspor - kayserispor,200 B+,"trabzonspor - kayserispor güncel, trabzonspor - kayserispor son dakika",
2025-10-04T16:01:05.069023,antalyaspor - rizespor,50 B+,"antalyaspor - rizespor son dakika, antalyaspor - rizespor güncel",
2025-10-04T16:01:05.569983,pendikspor - adana demirspor,10 B+,"pendikspor - adana demirspor son dakika, pendikspor - adana demirspor güncel",
2025-10-04T16:01:06.071085,erzurumspor - vanspor,5 B+,"erzurumspor - vanspor güncel, erzurumspor - vanspor son dakika",
2025-10-04T16:01:06.572119,leeds united - tottenham,5 B+,"leeds united - tottenham güncel, leeds united - tottenham son dakika",
2025-10-04T16:01:07.073076,recep bülbülses,10 B+,"recep bülbülses güncel, recep bülbülses son dakika",
2025-10-04T16:01:07.574141,hatice boynukalın şenkardeşler kimdir,20 B+,"hatice boynukalın şenkardeşler kimdir son dakika, hatice boynukalın şenkardeşler kimdir güncel",
2025-10-04T16:01:08.075119,arka sokaklar 721 bölüm full izle,20 B+,"arka sokaklar 721 bölüm full izle güncel, arka sokaklar 721 bölüm full izle son dakika",
2025-10-04T16:01:08.576088,bandırmaspor - ümraniyespor,5 B+,"bandırmaspor - ümraniyespor son dakika, bandırmaspor - ümraniyespor güncel",
2025-10-04T16:01:09.077096,mersin spor - beşiktaş,1 B+,"maç mersin spor - beşiktaş, skor mersin spor - beşiktaş, mersin spor - beşiktaş maç, sonuç mersin spor - beşiktaş, mersin spor - beşiktaş güncel","mersin spor - beşiktaş lig son dakika, lig mersin spor - beşiktaş haberleri, mersin spor - beşiktaş takım son dakika, mersin spor - beşiktaş haber son dakika, haber mersin spor - beşiktaş haberleri"
2025-10-04T16:01:09.578093,gençlerbirliği,2 B+,"gençlerbirliği güncel, gençlerbirliği son dakika",
2025-10-04T16:01:10.079096,4 ekim,2 B+,"4 ekim güncel, 4 ekim son dakika",
2025-10-04T16:01:10.580111,oviedo - levante,1 B+,"oviedo - levante güncel, oviedo - levante son dakika",
2025-10-04T16:01:11.081085,borussia dortmund - rb leipzig,1 B+,"borussia dortmund - rb leipzig güncel, borussia dortmund - rb leipzig son dakika",
2025-10-04T16:01:11.582046,sağlık bakanlığı personel alımı 2025 işkur,2 B+,"sağlık bakanlığı personel alımı 2025 işkur son dakika, sağlık bakanlığı personel alımı 2025 işkur güncel",
2025-10-04T17:01:04.990581,trabzonspor - kayserispor,200 B+,"trabzonspor - kayserispor güncel, trabzonspor - kayserispor son dakika",
2025-10-04T17:01:05.491561,antalyaspor - rizespor,50 B+,"antalyaspor - rizespor son dakika, antalyaspor - rizespor güncel",
2025-10-04T17:01:05.992609,erzurumspor - vanspor,10 B+,"erzurumspor - vanspor güncel, erzurumspor - vanspor son dakika",
2025-10-04T17:01:06.493399,kocaelispor - eyüpspor,5 B+,"kocaelispor - eyüpspor güncel, kocaelispor - eyüpspor son dakika",
2025-10-04T17:01:06.994440,leeds united - tottenham,5 B+,"leeds united - tottenham son dakika, leeds united - tottenham güncel",
2025-10-04T17:01:07.495353,recep bülbülses,10 B+,"recep bülbülses güncel, recep bülbülses son dakika",
2025-10-04T17:01:07.996282,borussia dortmund - rb leipzig,2 B+,"borussia dortmund - rb leipzig güncel, borussia dortmund - rb leipzig son dakika",
2025-10-04T17:01:08.497144,pendikspor - adana demirspor,10 B+,"pendikspor - adana demirspor son dakika, pendikspor - adana demirspor güncel",
2025-10-04T17:01:08.998217,gençlerbirliği,5 B+,"gençlerbirliği son dakika, gençlerbirliği güncel",
2025-10-04T17:01:09.499207,arsenal - west ham united,2 B+,"arsenal - west ham united güncel, arsenal - west ham united son dakika",
2025-10-04T17:01:10.000191,arka sokaklar 721 bölüm full izle,20 B+,"arka sokaklar 721 bölüm full izle güncel, arka sokaklar 721 bölüm full izle son dakika",
2025-10-04T17:01:10.501108,hatice boynukalın şenkardeşler kimdir,20 B+,"hatice boynukalın şenkardeşler kimdir güncel, hatice boynukalın şenkardeşler kimdir son dakika",
2025-10-04T17:01:11.002189,bandırmaspor - ümraniyespor,5 B+,"bandırmaspor - ümraniyespor güncel, bandırmaspor - ümraniyespor son dakika",
2025-10-04T17:01:11.503315,mersin spor - beşiktaş,2 B+,"mersin spor - beşiktaş skor, mersin spor - beşiktaş güncel, mersin spor - beşiktaş sonuç, mersin spor - beşiktaş son dakika, mersin spor - beşiktaş maç","lig mersin spor - beşiktaş haberleri, mersin spor - beşiktaş takım son dakika, takım mersin spor - beşiktaş haberleri, mersin spor - beşiktaş lig son dakika, haber mersin spor - beşiktaş haberleri"
2025-10-04T17:01:12.004370,lazio - torino,2 B+,"lazio - torino güncel, lazio - torino son dakika",
2025-10-04T18:01:05.359123,trabzonspor - kayserispor,200 B+,"trabzonspor - kayserispor son dakika, trabzonspor - kayserispor güncel",
2025-10-04T18:01:05.860369,kocaelispor - eyüpspor,20 B+,"kocaelispor - eyüpspor son dakika, kocaelispor - eyüpspor güncel",
2025-10-04T18:01:06.361218,erzurumspor - vanspor,20 B+,"erzurumspor - vanspor son dakika, erzurumspor - vanspor güncel",
2025-10-04T18:01:06.862227,antalyaspor - rizespor,50 B+,"antalyaspor - rizespor güncel, antalyaspor - rizespor son dakika",
2025-10-04T18:01:07.363276,arsenal - west ham united,5 B+,"arsenal - west ham united son dakika, arsenal - west ham united güncel",
2025-10-04T18:01:07.864312,borussia dortmund - rb leipzig,5 B+,"borussia dortmund - rb leipzig son dakika, borussia dortmund - rb leipzig güncel",
2025-10-04T18:01:08.365181,recep bülbülses,10 B+,"recep bülbülses güncel, recep bülbülses son dakika",
2025-10-04T18:01:08.866252,leeds united - tottenham,5 B+,"leeds united - tottenham güncel, leeds united - tottenham son dakika",
2025-10-04T18:01:09.367262,pendikspor - adana demirspor,10 B+,"pendikspor - adana demirspor son dakika, pendikspor - adana demirspor güncel",
2025-10-04T18:01:09.868425,arka sokaklar 721 bölüm full izle,20 B+,"arka sokaklar 721 bölüm full izle güncel, arka sokaklar 721 bölüm full izle son dakika",
2025-10-04T18:01:10.369578,bandırmaspor - ümraniyespor,5 B+,"bandırmaspor - ümraniyespor son dakika, bandırmaspor - ümraniyespor güncel",
2025-10-04T18:01:10.870759,gençlerbirliği,10 B+,"gençlerbirliği son dakika, gençlerbirliği güncel",
2025-10-04T18:01:11.372093,mersin spor - beşiktaş,2 B+,"mersin spor - beşiktaş skor, mersin spor - beşiktaş güncel, mersin spor - beşiktaş maç, mersin spor - beşiktaş sonuç, mersin spor - beşiktaş son dakika","takım mersin spor - beşiktaş haberleri, lig mersin spor - beşiktaş haberleri, mersin spor - beşiktaş lig son dakika, haber mersin spor - beşiktaş haberleri, mersin spor - beşiktaş takım son dakika"
2025-10-04T18:01:11.873246,4 ekim,5 B+,"4 ekim son dakika, 4 ekim güncel",
2025-10-04T18:01:12.374325,lazio - torino,2 B+,"lazio - torino son dakika, lazio - torino güncel",
2025-10-04T19:01:05.271819,trabzonspor - kayserispor,200 B+,"trabzonspor - kayserispor güncel, trabzonspor - kayserispor son dakika",
2025-10-04T19:01:05.773111,kocaelispor - eyüpspor,20 B+,"kocaelispor - eyüpspor son dakika, kocaelispor - eyüpspor güncel",
2025-10-04T19:01:06.274203,chelsea - liverpool,10 B+,"chelsea - liverpool son dakika, chelsea - liverpool güncel",
2025-10-04T19:01:06.775290,erzurumspor - vanspor,20 B+,"erzurumspor - vanspor güncel, erzurumspor - vanspor son dakika",
2025-10-04T19:01:07.276212,antalyaspor - rizespor,50 B+,"antalyaspor - rizespor son dakika, antalyaspor - rizespor güncel",
2025-10-04T19:01:07.777135,meritking,20 B+,"meritking güncel, meritking son dakika",
2025-10-04T19:01:08.278275,arsenal - west ham united,10 B+,"arsenal - west ham united son dakika, arsenal - west ham united güncel",
2025-10-04T19:01:08.779376,recep bülbülses,10 B+,"recep bülbülses son dakika, recep bülbülses güncel",
2025-10-04T19:01:09.280447,borussia dortmund - rb leipzig,10 B+,"borussia dortmund - rb leipzig son dakika, borussia dortmund - rb leipzig güncel",
2025-10-04T19:01:09.781577,pendikspor - adana demirspor,10 B+,"pendikspor - adana demirspor güncel, pendikspor - adana demirspor son dakika",
2025-10-04T19:01:10.282711,leeds united - tottenham,10 B+,"leeds united - tottenham güncel, leeds united - tottenham son dakika",
2025-10-04T19:01:10.783844,inter - cremonese,2 B+,"inter - cremonese son dakika, inter - cremonese güncel",
2025-10-04T19:01:11.285083,eintracht frankfurt - bayern münih,2 B+,"eintracht frankfurt - bayern münih son dakika, eintracht frankfurt - bayern münih güncel",
2025-10-04T19:01:11.786124,arka sokaklar 721 bölüm full izle,20 B+,"arka sokaklar 721 bölüm full izle son dakika, arka sokaklar 721 bölüm full izle güncel",
2025-10-04T19:01:12.287241,lazio - torino,2 B+,"lazio - torino güncel, lazio - torino son dakika",
2025-10-04T20:01:04.369253,chelsea - liverpool,50 B+,"chelsea - liverpool son dakika, chelsea - liverpool güncel",
2025-10-04T20:01:04.870403,kocaelispor - eyüpspor,20 B+,"kocaelispor - eyüpspor son dakika, kocaelispor - eyüpspor güncel",
2025-10-04T20:01:05.371359,eintracht frankfurt - bayern münih,20 B+,"eintracht frankfurt - bayern münih güncel, eintracht frankfurt - bayern münih son dakika",
2025-10-04T20:01:05.872446,inter - cremonese,10 B+,"inter - cremonese güncel, inter - cremonese son dakika",
2025-10-04T20:01:06.373513,erzurumspor - vanspor,20 B+,"erzurumspor - vanspor son dakika, erzurumspor - vanspor güncel",
2025-10-04T20:01:06.874566,arsenal - west ham united,10 B+,"arsenal - west ham united güncel, arsenal - west ham united son dakika",
2025-10-04T20:01:07.375543,arka sokaklar 721 bölüm full izle,20 B+,"arka sokaklar 721 bölüm full izle güncel, arka sokaklar 721 bölüm full izle son dakika",
2025-10-04T20:01:07.876600,amedspor,5 B+,"amedspor güncel, amedspor son dakika",
2025-10-04T20:01:08.376988,pendikspor - adana demirspor,10 B+,"pendikspor - adana demirspor güncel, pendikspor - adana demirspor son dakika",
2025-10-04T20:01:08.878118,leeds united - tottenham,10 B+,"leeds united - tottenham son dakika, leeds united - tottenham güncel",
2025-10-04T20:01:09.379273,borussia dortmund - rb leipzig,10 B+,"borussia dortmund - rb leipzig güncel, borussia dortmund - rb leipzig son dakika",
2025-10-04T20:01:09.880350,sparta rotterdam - ajax,2 B+,"sparta rotterdam - ajax son dakika, sparta rotterdam - ajax güncel",
2025-10-04T20:01:10.381438,greta thunberg,5 B+,"greta thunberg güncel, greta thunberg son dakika",
2025-10-04T20:01:10.882548,تشيلسي ضد ليفربول,2 B+,"تشيلسي ضد ليفربول son dakika, تشيلسي ضد ليفربول güncel",
2025-10-04T20:01:11.383666,4 ekim,5 B+,"4 ekim son dakika, 4 ekim güncel",
2025-10-04T21:01:04.937709,chelsea - liverpool,50 B+,"chelsea - liverpool son dakika, chelsea - liverpool güncel",
2025-10-04T21:01:05.438349,eintracht frankfurt - bayern münih,20 B+,"eintracht frankfurt - bayern münih güncel, eintracht frankfurt - bayern münih son dakika",
2025-10-04T21:01:05.939235,amed - keçiörengücü,20 B+,"amed - keçiörengücü güncel, amed - keçiörengücü son dakika",
2025-10-04T21:01:06.440155,kocaelispor - eyüpspor,50 B+,"kocaelispor - eyüpspor son dakika, kocaelispor - eyüpspor güncel",
2025-10-04T21:01:06.941238,inter - cremonese,10 B+,"inter - cremonese güncel, inter - cremonese son dakika",
2025-10-04T21:01:07.442173,tammy abraham,10 B+,"tammy abraham son dakika, tammy abraham güncel",
2025-10-04T21:01:07.943115,arsenal - west ham united,10 B+,"arsenal - west ham united güncel, arsenal - west ham united son dakika",
2025-10-04T21:01:08.444124,erzurumspor - vanspor,20 B+,"erzurumspor - vanspor güncel, erzurumspor - vanspor son dakika",
2025-10-04T21:01:08.945363,bein sports,5 B+,"bein sports güncel, bein sports son dakika",
2025-10-04T21:01:09.446227,ben leman,5 B+,"ben leman son dakika, ben leman güncel",
2025-10-04T21:01:09.947205,wilfried singo,5 B+,"wilfried singo güncel, wilfried singo son dakika",
2025-10-04T21:01:10.448322,beinsport,10 B+,"beinsport güncel, beinsport son dakika",
2025-10-04T21:01:10.949270,emirhan topçu,2 B+,"emirhan topçu son dakika, emirhan topçu güncel",
2025-10-04T21:01:11.450355,arka sokaklar 721 bölüm full izle,20 B+,"arka sokaklar 721 bölüm full izle güncel, arka sokaklar 721 bölüm full izle son dakika",
2025-10-04T21:01:11.951495,victor osimhen,5 B+,"victor osimhen son dakika, victor osimhen güncel",
2025-10-04T22:01:04.409000,selçuksports,200 B+,"selçuksports güncel, selçuksports son dakika",
2025-10-04T22:01:04.909211,chelsea - liverpool,50 B+,"chelsea - liverpool son dakika, chelsea - liverpool güncel",
2025-10-04T22:01:05.409990,real madrid - villarreal,20 B+,"real madrid - villarreal son dakika, real madrid - villarreal güncel",
2025-10-04T22:01:05.911223,eintracht frankfurt - bayern münih,20 B+,"eintracht frankfurt - bayern münih güncel, eintracht frankfurt - bayern münih son dakika",
2025-10-04T22:01:06.412313,amed - keçiörengücü,50 B+,"amed - keçiörengücü güncel, amed - keçiörengücü son dakika",
2025-10-04T22:01:06.913118,inter - cremonese,20 B+,"inter - cremonese son dakika, inter - cremonese güncel",
2025-10-04T22:01:07.414161,kocaelispor - eyüpspor,50 B+,"kocaelispor - eyüpspor güncel, kocaelispor - eyüpspor son dakika",
2025-10-04T22:01:07.915304,sergen yalçın,20 B+,"sergen yalçın son dakika, sergen yalçın güncel",
2025-10-04T22:01:08.416399,ben leman nerede çekiliyor,20 B+,"ben leman nerede çekiliyor son dakika, ben leman nerede çekiliyor güncel",
2025-10-04T22:01:08.917706,ilkay gündoğan,10 B+,"ilkay gündoğan güncel, ilkay gündoğan son dakika",
2025-10-04T22:01:09.418820,aynadaki yabancı oyuncular,10 B+,"aynadaki yabancı oyuncular son dakika, aynadaki yabancı oyuncular güncel",
2025-10-04T22:01:09.919970,victor osimhen,10 B+,"victor osimhen güncel, victor osimhen son dakika",
2025-10-04T22:01:10.421087,الريال ضد فياريال,5 B+,"الريال ضد فياريال son dakika, الريال ضد فياريال güncel",
2025-10-04T22:01:10.922230,arsenal - west ham united,10 B+,"arsenal - west ham united son dakika, arsenal - west ham united güncel",
2025-10-04T22:01:11.423031,erzurumspor - vanspor,20 B+,"erzurumspor - vanspor güncel, erzurumspor - vanspor son dakika",
2025-10-04T23:01:04.988893,beşiktaş,2 Mn+,"beşiktaş son dakika, beşiktaş güncel",
2025-10-04T23:01:05.489234,real madrid - villarreal,50 B+,"real madrid - villarreal son dakika, real madrid - villarreal güncel",
2025-10-04T23:01:05.990110,chelsea - liverpool,100 B+,"chelsea - liverpool son dakika, chelsea - liverpool güncel",
2025-10-04T23:01:06.491062,ben leman nerede çekiliyor,20 B+,"ben leman nerede çekiliyor son dakika, ben leman nerede çekiliyor güncel",
2025-10-04T23:01:06.992129,kocaelispor - eyüpspor,50 B+,"kocaelispor - eyüpspor güncel, kocaelispor - eyüpspor son dakika",
2025-10-04T23:01:07.493082,inter - cremonese,20 B+,"inter - cremonese son dakika, inter - cremonese güncel",
2025-10-04T23:01:07.994120,amed - keçiörengücü,50 B+,"amed - keçiörengücü güncel, amed - keçiörengücü son dakika",
2025-10-04T23:01:08.495086,eintracht frankfurt - bayern münih,20 B+,"eintracht frankfurt - bayern münih güncel, eintracht frankfurt - bayern münih son dakika",
2025-10-04T23:01:08.996043,selçuksports,200 B+,"selçuksports güncel, selçuksports son dakika",
2025-10-04T23:01:09.496996,erzurumspor - vanspor,20 B+,"erzurumspor - vanspor son dakika, erzurumspor - vanspor güncel",
2025-10-04T23:01:09.997973,tammy abraham,20 B+,"tammy abraham güncel, tammy abraham son dakika",
2025-10-04T23:01:10.498925,greta thunberg,10 B+,"greta thunberg son dakika, greta thunberg güncel",
2025-10-04T23:01:10.999891,süper lig puan durumu,20 B+,"süper lig puan durumu son dakika, süper lig puan durumu güncel",
2025-10-04T23:01:11.501094,aynadaki yabancı oyuncular,20 B+,"aynadaki yabancı oyuncular son dakika, aynadaki yabancı oyuncular güncel",
2025-10-04T23:01:12.002239,الريال ضد فياريال,10 B+,"الريال ضد فياريال güncel, الريال ضد فياريال son dakika",
2025-10-05T00:01:06.917992,real madrid - villarreal,100 B+,"real madrid - villarreal son dakika, real madrid - villarreal güncel",
2025-10-05T00:01:07.418334,chelsea - liverpool,100 B+,"chelsea - liverpool son dakika, chelsea - liverpool güncel",
2025-10-05T00:01:07.919231,ben leman nerede çekiliyor,20 B+,"ben leman nerede çekiliyor son dakika, ben leman nerede çekiliyor güncel",
2025-10-05T00:01:08.420163,kocaelispor - eyüpspor,50 B+,"kocaelispor - eyüpspor güncel, kocaelispor - eyüpspor son dakika",
2025-10-05T00:01:08.920616,amed - keçiörengücü,50 B+,"amed - keçiörengücü güncel, amed - keçiörengücü son dakika",
2025-10-05T00:01:09.421697,inter - cremonese,20 B+,"inter - cremonese güncel, inter - cremonese son dakika",
2025-10-05T00:01:09.922785,sergen yalçın,20 B+,"sergen yalçın güncel, sergen yalçın son dakika",
2025-10-05T00:01:10.424001,eintracht frankfurt - bayern münih,20 B+,"eintracht frankfurt - bayern münih güncel, eintracht frankfurt - bayern münih son dakika",
2025-10-05T00:01:10.924788,الريال ضد فياريال,20 B+,"الريال ضد فياريال güncel, الريال ضد فياريال son dakika",
2025-10-05T00:01:11.425672,aynadaki yabancı oyuncular,10 B+,"aynadaki yabancı oyuncular güncel, aynadaki yabancı oyuncular son dakika",
2025-10-05T00:01:11.926802,selçuksports,200 B+,"selçuksports güncel, selçuksports son dakika",
2025-10-05T00:01:12.427794,erzurumspor - vanspor,20 B+,"erzurumspor - vanspor son dakika, erzurumspor - vanspor güncel",
2025-10-05T00:01:12.929057,greta thunberg,10 B+,"greta thunberg son dakika, greta thunberg güncel",
2025-10-05T00:01:13.430197,arsenal - west ham united,10 B+,"arsenal - west ham united güncel, arsenal - west ham united son dakika",
2025-10-05T00:01:13.931269,gök gürültülü sağanak yağış,5 B+,"gök gürültülü sağanak yağış güncel, gök gürültülü sağanak yağış son dakika",
2025-10-05T01:01:05.218864,real madrid - villarreal,100 B+,"real madrid - villarreal güncel, real madrid - villarreal son dakika",
2025-10-05T01:01:05.719819,chelsea - liverpool,100 B+,"chelsea - liverpool son dakika, chelsea - liverpool güncel",
2025-10-05T01:01:06.221021,ben leman nerede çekiliyor,50 B+,"ben leman nerede çekiliyor son dakika, ben leman nerede çekiliyor güncel",
2025-10-05T01:01:06.722013,kocaelispor - eyüpspor,50 B+,"kocaelispor - eyüpspor güncel, kocaelispor - eyüpspor son dakika",
2025-10-05T01:01:07.223136,amed - keçiörengücü,50 B+,"amed - keçiörengücü güncel, amed - keçiörengücü son dakika",
2025-10-05T01:01:07.724178,sergen yalçın,20 B+,"sergen yalçın son dakika, sergen yalçın güncel",
2025-10-05T01:01:08.225286,inter - cremonese,20 B+,"inter - cremonese son dakika, inter - cremonese güncel",
2025-10-05T01:01:08.726339,eintracht frankfurt - bayern münih,20 B+,"eintracht frankfurt - bayern münih son dakika, eintracht frankfurt - bayern münih güncel",
2025-10-05T01:01:09.227500,الريال ضد فياريال,10 B+,"الريال ضد فياريال son dakika, الريال ضد فياريال güncel",
2025-10-05T01:01:09.728597,aynadaki yabancı oyuncular,10 B+,"aynadaki yabancı oyuncular güncel, aynadaki yabancı oyuncular son dakika",
2025-10-05T01:01:10.229740,erzurumspor - vanspor,20 B+,"erzurumspor - vanspor son dakika, erzurumspor - vanspor güncel",
2025-10-05T01:01:10.730816,greta thunberg,20 B+,"greta thunberg güncel, greta thunberg son dakika",
2025-10-05T01:01:11.232034,gök gürültülü sağanak yağış,5 B+,"gök gürültülü sağanak yağış son dakika, gök gürültülü sağanak yağış güncel",
2025-10-05T01:01:11.733183,arsenal - west ham united,10 B+,"arsenal - west ham united güncel, arsenal - west ham united son dakika",
2025-10-05T01:01:12.234375,sağlık bakanlığı işçi alımı başvurusu,5 B+,"sağlık bakanlığı işçi alımı başvurusu güncel, sağlık bakanlığı işçi alımı başvurusu son dakika",
2025-10-05T02:01:05.470450,real madrid - villarreal,100 B+,"real madrid - villarreal güncel, real madrid - villarreal son dakika",
2025-10-05T02:01:05.971319,chelsea - liverpool,100 B+,"chelsea - liverpool güncel, chelsea - liverpool son dakika",
2025-10-05T02:01:06.472183,ben leman nerede çekiliyor,50 B+,"ben leman nerede çekiliyor son dakika, ben leman nerede çekiliyor güncel",
2025-10-05T02:01:06.973128,sergen yalçın,20 B+,"sergen yalçın güncel, sergen yalçın son dakika",
2025-10-05T02:01:07.474077,kocaelispor - eyüpspor,50 B+,"kocaelispor - eyüpspor güncel, kocaelispor - eyüpspor son dakika",
2025-10-05T02:01:07.975144,amed - keçiörengücü,50 B+,"amed - keçiörengücü son dakika, amed - keçiörengücü güncel",
2025-10-05T02:01:08.476187,inter - cremonese,20 B+,"inter - cremonese güncel, inter - cremonese son dakika",
2025-10-05T02:01:08.977140,eintracht frankfurt - bayern münih,20 B+,"eintracht frankfurt - bayern münih son dakika, eintracht frankfurt - bayern münih güncel",
2025-10-05T02:01:09.478095,aynadaki yabancı oyuncular,20 B+,"aynadaki yabancı oyuncular son dakika, aynadaki yabancı oyuncular güncel",
2025-10-05T02:01:09.979068,الريال ضد فياريال,10 B+,"الريال ضد فياريال son dakika, الريال ضد فياريال güncel",
2025-10-05T02:01:10.479998,greta thunberg,20 B+,"greta thunberg güncel, greta thunberg son dakika",
2025-10-05T02:01:10.981107,gök gürültülü sağanak yağış,5 B+,"gök gürültülü sağanak yağış son dakika, gök gürültülü sağanak yağış güncel",
2025-10-05T02:01:11.482093,sağlık bakanlığı işçi alımı başvurusu,5 B+,"sağlık bakanlığı işçi alımı başvurusu güncel, sağlık bakanlığı işçi alımı başvurusu son dakika",
2025-10-05T02:01:11.983163,real madrid vs villarreal,10 B+,"real madrid vs villarreal güncel, real madrid vs villarreal son dakika",
2025-10-05T02:01:12.484169,puan durumu lig,2 B+,"puan durumu lig son dakika, puan durumu lig güncel",
2025-10-05T03:01:04.700367,real madrid - villarreal,100 B+,"real madrid - villarreal son dakika, real madrid - villarreal güncel",
2025-10-05T03:01:05.201320,chelsea - liverpool,100 B+,"chelsea - liverpool güncel, chelsea - liverpool son dakika",
2025-10-05T03:01:05.702367,ben leman nerede çekiliyor,50 B+,"ben leman nerede çekiliyor güncel, ben leman nerede çekiliyor son dakika",
2025-10-05T03:01:06.203341,sergen yalçın,20 B+,"sergen yalçın son dakika, sergen yalçın güncel",
2025-10-05T03:01:06.704396,inter - cremonese,20 B+,"inter - cremonese güncel, inter - cremonese son dakika",
2025-10-05T03:01:07.205476,aynadaki yabancı oyuncular,20 B+,"aynadaki yabancı oyuncular son dakika, aynadaki yabancı oyuncular güncel",
2025-10-05T03:01:07.706519,greta thunberg,20 B+,"greta thunberg güncel, greta thunberg son dakika",
2025-10-05T03:01:08.207458,الريال ضد فياريال,10 B+,"الريال ضد فياريال son dakika, الريال ضد فياريال güncel",
2025-10-05T03:01:08.708512,gök gürültülü sağanak yağış,5 B+,"gök gürültülü sağanak yağış son dakika, gök gürültülü sağanak yağış güncel",
2025-10-05T03:01:09.209602,sağlık bakanlığı işçi alımı başvurusu,5 B+,"sağlık bakanlığı işçi alımı başvurusu güncel, sağlık bakanlığı işçi alımı başvurusu son dakika",
2025-10-05T03:01:09.710519,amed - keçiörengücü,50 B+,"amed - keçiörengücü güncel, amed - keçiörengücü son dakika",
2025-10-05T03:01:10.211567,eintracht frankfurt - bayern münih,20 B+,"eintracht frankfurt - bayern münih güncel, eintracht frankfurt - bayern münih son dakika",
2025-10-05T03:01:10.712663,kocaelispor - eyüpspor,50 B+,"kocaelispor - eyüpspor son dakika, kocaelispor - eyüpspor güncel",
2025-10-05T03:01:11.213785,real madrid vs villarreal,10 B+,"real madrid vs villarreal son dakika, real madrid vs villarreal güncel",
2025-10-05T03:01:11.714627,inter miami - new england,500+,"inter miami - new england son dakika, inter miami - new england güncel",
2025-10-05T04:01:04.997754,real madrid - villarreal,100 B+,"real madrid - villarreal güncel, real madrid - villarreal son dakika",
2025-10-05T04:01:05.498156,chelsea - liverpool,100 B+,"chelsea - liverpool son dakika, chelsea - liverpool güncel",
2025-10-05T04:01:05.999075,ben leman nerede çekiliyor,50 B+,"ben leman nerede çekiliyor son dakika, ben leman nerede çekiliyor güncel",
2025-10-05T04:01:06.500066,sergen yalçın,20 B+,"sergen yalçın son dakika, sergen yalçın güncel",
2025-10-05T04:01:07.001136,kocaelispor - eyüpspor,50 B+,"kocaelispor - eyüpspor son dakika, kocaelispor - eyüpspor güncel",
2025-10-05T04:01:07.502196,inter - cremonese,20 B+,"inter - cremonese son dakika, inter - cremonese güncel",
2025-10-05T04:01:08.003257,aynadaki yabancı oyuncular,20 B+,"aynadaki yabancı oyuncular güncel, aynadaki yabancı oyuncular son dakika",
2025-10-05T04:01:08.504405,greta thunberg,20 B+,"greta thunberg güncel, greta thunberg son dakika",
2025-10-05T04:01:09.005253,gök gürültülü sağanak yağış,5 B+,"gök gürültülü sağanak yağış son dakika, gök gürültülü sağanak yağış güncel",
2025-10-05T04:01:09.506385,sağlık bakanlığı işçi alımı başvurusu,5 B+,"sağlık bakanlığı işçi alımı başvurusu güncel, sağlık bakanlığı işçi alımı başvurusu son dakika",
2025-10-05T04:01:10.007424,inter miami - new england,1 B+,"inter miami - new england güncel, inter miami - new england son dakika",
2025-10-05T04:01:10.508513,amed - keçiörengücü,50 B+,"amed - keçiörengücü son dakika, amed - keçiörengücü güncel",
2025-10-05T04:01:11.009607,eintracht frankfurt - bayern münih,20 B+,"eintracht frankfurt - bayern münih güncel, eintracht frankfurt - bayern münih son dakika",
2025-10-05T04:01:11.510640,puan durumu lig,2 B+,"puan durumu lig güncel, puan durumu lig son dakika",
2025-10-05T04:01:12.011754,real madrid vs villarreal,5 B+,"real madrid vs villarreal güncel, real madrid vs villarreal son dakika",
2025-10-05T05:01:04.524918,real madrid - villarreal,200 B+,"real madrid - villarreal güncel, real madrid - villarreal son dakika",
2025-10-05T05:01:05.026120,chelsea - liverpool,100 B+,"chelsea - liverpool güncel, chelsea - liverpool son dakika",
2025-10-05T05:01:05.527172,inter - cremonese,20 B+,"inter - cremonese güncel, inter - cremonese son dakika",
2025-10-05T05:01:06.028225,ben leman nerede çekiliyor,50 B+,"ben leman nerede çekiliyor son dakika, ben leman nerede çekiliyor güncel",
2025-10-05T05:01:06.529339,gürsoy yalçın,20 B+,"gürsoy yalçın son dakika, gürsoy yalçın güncel",
2025-10-05T05:01:07.030427,greta thunberg,20 B+,"greta thunberg son dakika, greta thunberg güncel",
2025-10-05T05:01:07.531520,gök gürültülü sağanak yağış,5 B+,"gök gürültülü sağanak yağış son dakika, gök gürültülü sağanak yağış güncel",
2025-10-05T05:01:08.032637,inter miami - new england,1 B+,"inter miami - new england güncel, inter miami - new england son dakika",
2025-10-05T05:01:08.533706,sağlık bakanlığı işçi alımı başvurusu,5 B+,"sağlık bakanlığı işçi alımı başvurusu son dakika, sağlık bakanlığı işçi alımı başvurusu güncel",
2025-10-05T05:01:09.034794,kocaelispor - eyüpspor,50 B+,"kocaelispor - eyüpspor son dakika, kocaelispor - eyüpspor güncel",
2025-10-05T05:01:09.536002,amed - keçiörengücü,50 B+,"amed - keçiörengücü güncel, amed - keçiörengücü son dakika",
2025-10-05T05:01:10.037203,eintracht frankfurt - bayern münih,20 B+,"eintracht frankfurt - bayern münih son dakika, eintracht frankfurt - bayern münih güncel",
2025-10-05T05:01:10.538338,aynadaki yabancı oyuncular,20 B+,"aynadaki yabancı oyuncular son dakika, aynadaki yabancı oyuncular güncel",
2025-10-05T05:01:11.039456,الريال ضد فياريال,10 B+,"الريال ضد فياريال güncel, الريال ضد فياريال son dakika",
2025-10-05T05:01:11.540601,erzurumspor - vanspor,20 B+,"erzurumspor - vanspor güncel, erzurumspor - vanspor son dakika",
2025-10-05T06:01:04.791085,real madrid - villarreal,200 B+,"real madrid - villarreal güncel, real madrid - villarreal son dakika",
2025-10-05T06:01:05.292354,chelsea - liverpool,100 B+,"chelsea - liverpool son dakika, chelsea - liverpool güncel",
2025-10-05T06:01:05.793355,kocaelispor - eyüpspor,50 B+,"kocaelispor - eyüpspor güncel, kocaelispor - eyüpspor son dakika",
2025-10-05T06:01:06.294255,inter - cremonese,20 B+,"inter - cremonese son dakika, inter - cremonese güncel",
2025-10-05T06:01:06.795436,amed - keçiörengücü,50 B+,"amed - keçiörengücü son dakika, amed - keçiörengücü güncel",
2025-10-05T06:01:07.296506,eintracht frankfurt - bayern münih,20 B+,"eintracht frankfurt - bayern münih son dakika, eintracht frankfurt - bayern münih güncel",
2025-10-05T06:01:07.797564,gürsoy yalçın,20 B+,"gürsoy yalçın son dakika, gürsoy yalçın güncel",
2025-10-05T06:01:08.298203,ben leman nerede çekiliyor,50 B+,"ben leman nerede çekiliyor son dakika, ben leman nerede çekiliyor güncel",
2025-10-05T06:01:08.799146,الريال ضد فياريال,10 B+,"الريال ضد فياريال son dakika, الريال ضد فياريال güncel",
2025-10-05T06:01:09.300179,gök gürültülü sağanak yağış,5 B+,"gök gürültülü sağanak yağış güncel, gök gürültülü sağanak yağış son dakika",
2025-10-05T06:01:09.801314,greta thunberg,20 B+,"greta thunberg son dakika, greta thunberg güncel",
2025-10-05T06:01:10.302438,inter miami - new england,2 B+,"inter miami - new england son dakika, inter miami - new england güncel",
2025-10-05T06:01:10.803533,sağlık bakanlığı işçi alımı başvurusu,5 B+,"sağlık bakanlığı işçi alımı başvurusu güncel, sağlık bakanlığı işçi alımı başvurusu son dakika",
2025-10-05T06:01:11.304607,aynadaki yabancı oyuncular,20 B+,"aynadaki yabancı oyuncular güncel, aynadaki yabancı oyuncular son dakika",
2025-10-05T06:01:11.805734,atalanta - como,2 B+,"atalanta - como son dakika, atalanta - como güncel",
2025-10-05T07:01:05.815811,real madrid - villarreal,200 B+,"real madrid - villarreal son dakika, real madrid - villarreal güncel",
2025-10-05T07:01:06.316995,chelsea - liverpool,100 B+,"chelsea - liverpool güncel, chelsea - liverpool son dakika",
2025-10-05T07:01:06.817956,kocaelispor - eyüpspor,50 B+,"kocaelispor - eyüpspor güncel, kocaelispor - eyüpspor son dakika",
2025-10-05T07:01:07.318917,inter - cremonese,20 B+,"inter - cremonese güncel, inter - cremonese son dakika",
2025-10-05T07:01:07.820044,amed - keçiörengücü,50 B+,"amed - keçiörengücü güncel, amed - keçiörengücü son dakika",
2025-10-05T07:01:08.321031,eintracht frankfurt - bayern münih,20 B+,"eintracht frankfurt - bayern münih son dakika, eintracht frankfurt - bayern münih güncel",
2025-10-05T07:01:08.821986,sergen yalçın,20 B+,"sergen yalçın son dakika, sergen yalçın güncel",
2025-10-05T07:01:09.323195,الريال ضد فياريال,10 B+,"الريال ضد فياريال son dakika, الريال ضد فياريال güncel",
2025-10-05T07:01:09.824299,gök gürültülü sağanak yağış,5 B+,"gök gürültülü sağanak yağış güncel, gök gürültülü sağanak yağış son dakika",
2025-10-05T07:01:10.325424,greta thunberg,20 B+,"greta thunberg son dakika, greta thunberg güncel",
2025-10-05T07:01:10.826387,erzurumspor - vanspor,20 B+,"erzurumspor - vanspor güncel, erzurumspor - vanspor son dakika",
2025-10-05T07:01:11.327386,inter miami - new england,2 B+,"inter miami - new england güncel, inter miami - new england son dakika",
2025-10-05T07:01:11.828543,sağlık bakanlığı işçi alımı başvurusu,5 B+,"sağlık bakanlığı işçi alımı başvurusu son dakika, sağlık bakanlığı işçi alımı başvurusu güncel",
2025-10-05T07:01:12.329671,ben leman nerede çekiliyor,50 B+,"ben leman nerede çekiliyor son dakika, ben leman nerede çekiliyor güncel",
2025-10-05T07:01:12.830646,إنتر ميامي ضد نيو إنجلاند,500+,"إنتر ميامي ضد نيو إنجلاند güncel, إنتر ميامي ضد نيو إنجلاند son dakika",
2025-10-05T08:01:05.182461,real madrid - villarreal,200 B+,"real madrid - villarreal güncel, real madrid - villarreal son dakika",
2025-10-05T08:01:05.683073,chelsea - liverpool,100 B+,"chelsea - liverpool son dakika, chelsea - liverpool güncel",
2025-10-05T08:01:06.184152,kocaelispor - eyüpspor,50 B+,"kocaelispor - eyüpspor güncel, kocaelispor - eyüpspor son dakika",
2025-10-05T08:01:06.685137,eintracht frankfurt - bayern münih,20 B+,"eintracht frankfurt - bayern münih son dakika, eintracht frankfurt - bayern münih güncel",
2025-10-05T08:01:07.186092,inter - cremonese,20 B+,"inter - cremonese son dakika, inter - cremonese güncel",
2025-10-05T08:01:07.687167,sergen yalçın,20 B+,"sergen yalçın güncel, sergen yalçın son dakika",
2025-10-05T08:01:08.188285,amed - keçiörengücü,50 B+,"amed - keçiörengücü son dakika, amed - keçiörengücü güncel",
2025-10-05T08:01:08.689414,الريال ضد فياريال,10 B+,"الريال ضد فياريال son dakika, الريال ضد فياريال güncel",
2025-10-05T08:01:09.190464,greta thunberg,20 B+,"greta thunberg son dakika, greta thunberg güncel",
2025-10-05T08:01:09.691554,erzurumspor - vanspor,20 B+,"erzurumspor - vanspor güncel, erzurumspor - vanspor son dakika",
2025-10-05T08:01:10.192578,gök gürültülü sağanak yağış,5 B+,"gök gürültülü sağanak yağış güncel, gök gürültülü sağanak yağış son dakika",
2025-10-05T08:01:10.693649,inter miami - new england,2 B+,"inter miami - new england son dakika, inter miami - new england güncel",
2025-10-05T08:01:11.194724,ben leman,50 B+,"ben leman son dakika, ben leman güncel",
2025-10-05T08:01:11.695935,sağlık bakanlığı işçi alımı başvurusu,5 B+,"sağlık bakanlığı işçi alımı başvurusu güncel, sağlık bakanlığı işçi alımı başvurusu son dakika",
2025-10-05T08:01:12.196186,ankalaev vs pereira 2,1 B+,"ankalaev vs pereira 2 son dakika, ankalaev vs pereira 2 güncel",
2025-10-05T09:01:05.052597,real madrid - villarreal,200 B+,"real madrid - villarreal güncel, real madrid - villarreal son dakika",
2025-10-05T09:01:05.553334,chelsea - liverpool,100 B+,"chelsea - liverpool güncel, chelsea - liverpool son dakika",
2025-10-05T09:01:06.054227,kocaelispor - eyüpspor,50 B+,"kocaelispor - eyüpspor son dakika, kocaelispor - eyüpspor güncel",
2025-10-05T09:01:06.555252,inter - cremonese,20 B+,"inter - cremonese son dakika, inter - cremonese güncel",
2025-10-05T09:01:07.056328,sergen yalçın,20 B+,"sergen yalçın güncel, sergen yalçın son dakika",
2025-10-05T09:01:07.557226,amed - keçiörengücü,50 B+,"amed - keçiörengücü güncel, amed - keçiörengücü son dakika",
2025-10-05T09:01:08.058294,eintracht frankfurt - bayern münih,20 B+,"eintracht frankfurt - bayern münih güncel, eintracht frankfurt - bayern münih son dakika",
2025-10-05T09:01:08.559373,ben leman nerede çekiliyor,50 B+,"ben leman nerede çekiliyor son dakika, ben leman nerede çekiliyor güncel",
2025-10-05T09:01:09.060431,greta thunberg,20 B+,"greta thunberg son dakika, greta thunberg güncel",
2025-10-05T09:01:09.561498,الريال ضد فياريال,10 B+,"الريال ضد فياريال güncel, الريال ضد فياريال son dakika",
2025-10-05T09:01:10.062485,inter miami - new england,5 B+,"inter miami - new england güncel, inter miami - new england son dakika",
2025-10-05T09:01:10.563602,gök gürültülü sağanak yağış,5 B+,"gök gürültülü sağanak yağış güncel, gök gürültülü sağanak yağış son dakika",
2025-10-05T09:01:11.064292,sağlık bakanlığı işçi alımı başvurusu,2 B+,"sağlık bakanlığı işçi alımı başvurusu son dakika, sağlık bakanlığı işçi alımı başvurusu güncel",
2025-10-05T09:01:11.565391,arsenal - west ham united,10 B+,"arsenal - west ham united son dakika, arsenal - west ham united güncel",
2025-10-05T09:01:12.066519,aynadaki yabancı oyuncular,20 B+,"aynadaki yabancı oyuncular güncel, aynadaki yabancı oyuncular son dakika",
2025-10-05T10:01:04.750352,real madrid - villarreal,200 B+,"real madrid - villarreal son dakika, real madrid - villarreal güncel",
2025-10-05T10:01:05.251354,chelsea - liverpool,100 B+,"chelsea - liverpool son dakika, chelsea - liverpool güncel",
2025-10-05T10:01:05.752386,kocaelispor - eyüpspor,50 B+,"kocaelispor - eyüpspor güncel, kocaelispor - eyüpspor son dakika",
2025-10-05T10:01:06.253223,ben leman nerede çekiliyor,50 B+,"ben leman nerede çekiliyor son dakika, ben leman nerede çekiliyor güncel",
2025-10-05T10:01:06.754115,inter - cremonese,20 B+,"inter - cremonese güncel, inter - cremonese son dakika",
2025-10-05T10:01:07.255172,amed - keçiörengücü,50 B+,"amed - keçiörengücü güncel, amed - keçiörengücü son dakika",
2025-10-05T10:01:07.756229,eintracht frankfurt - bayern münih,20 B+,"eintracht frankfurt - bayern münih güncel, eintracht frankfurt - bayern münih son dakika",
2025-10-05T10:01:08.257296,greta thunberg,20 B+,"greta thunberg son dakika, greta thunberg güncel",
2025-10-05T10:01:08.758399,gök gürültülü sağanak yağış,5 B+,"gök gürültülü sağanak yağış son dakika, gök gürültülü sağanak yağış güncel",
2025-10-05T10:01:09.259311,inter miami - new england,5 B+,"inter miami - new england güncel, inter miami - new england son dakika",
2025-10-05T10:01:09.760298,الريال ضد فياريال,10 B+,"الريال ضد فياريال güncel, الريال ضد فياريال son dakika",
2025-10-05T10:01:10.261425,erzurumspor - vanspor,20 B+,"erzurumspor - vanspor son dakika, erzurumspor - vanspor güncel",
2025-10-05T10:01:10.762307,sağlık bakanlığı işçi alımı başvurusu,2 B+,"sağlık bakanlığı işçi alımı başvurusu güncel, sağlık bakanlığı işçi alımı başvurusu son dakika",
2025-10-05T10:01:11.263373,aynadaki yabancı oyuncular,20 B+,"aynadaki yabancı oyuncular güncel, aynadaki yabancı oyuncular son dakika",
2025-10-05T10:01:11.764474,izmir hava durumu,2 B+,"izmir hava durumu son dakika, izmir hava durumu güncel",
2025-10-05T11:01:06.278130,real madrid - villarreal,200 B+,"real madrid - villarreal son dakika, real madrid - villarreal güncel",
2025-10-05T11:01:06.779152,chelsea - liverpool,100 B+,"chelsea - liverpool güncel, chelsea - liverpool son dakika",
2025-10-05T11:01:07.280182,ben leman nerede çekiliyor,50 B+,"ben leman nerede çekiliyor güncel, ben leman nerede çekiliyor son dakika",
2025-10-05T11:01:07.781286,gürsoy yalçın,1 Mn+,"gürsoy yalçın son dakika, gürsoy yalçın güncel",
2025-10-05T11:01:08.282388,yasin kol hangi takımlı,2 Mn+,"yasin kol hangi takımlı güncel, yasin kol hangi takımlı son dakika",
2025-10-05T11:01:08.783523,kocaelispor - eyüpspor,50 B+,"kocaelispor - eyüpspor güncel, kocaelispor - eyüpspor son dakika",
2025-10-05T11:01:09.284655,inter - cremonese,20 B+,"inter - cremonese güncel, inter - cremonese son dakika",
2025-10-05T11:01:09.785524,amed - keçiörengücü,50 B+,"amed - keçiörengücü güncel, amed - keçiörengücü son dakika",
2025-10-05T11:01:10.286657,eintracht frankfurt - bayern münih,20 B+,"eintracht frankfurt - bayern münih güncel, eintracht frankfurt - bayern münih son dakika",
2025-10-05T11:01:10.787741,greta thunberg,20 B+,"greta thunberg son dakika, greta thunberg güncel",
2025-10-05T11:01:11.288910,gök gürültülü sağanak yağış,10 B+,"gök gürültülü sağanak yağış güncel, gök gürültülü sağanak yağış son dakika",
2025-10-05T11:01:11.789990,inter miami - new england,5 B+,"inter miami - new england son dakika, inter miami - new england güncel",
2025-10-05T11:01:12.291021,الريال ضد فياريال,10 B+,"الريال ضد فياريال güncel, الريال ضد فياريال son dakika",
2025-10-05T11:01:12.792161,aynadaki yabancı oyuncular,20 B+,"aynadaki yabancı oyuncular güncel, aynadaki yabancı oyuncular son dakika",
2025-10-05T11:01:13.293222,sağlık bakanlığı işçi alımı başvurusu,2 B+,"sağlık bakanlığı işçi alımı başvurusu güncel, sağlık bakanlığı işçi alımı başvurusu son dakika",
2025-10-05T12:01:04.811816,real madrid - villarreal,200 B+,"real madrid - villarreal güncel, real madrid - villarreal son dakika",
2025-10-05T12:01:05.312827,chelsea - liverpool,100 B+,"chelsea - liverpool güncel, chelsea - liverpool son dakika",
2025-10-05T12:01:05.814111,ben leman nerede çekiliyor,50 B+,"ben leman nerede çekiliyor son dakika, ben leman nerede çekiliyor güncel",
2025-10-05T12:01:06.315239,gürsoy yalçın,1 Mn+,"gürsoy yalçın güncel, gürsoy yalçın son dakika",
2025-10-05T12:01:06.816315,kocaelispor - eyüpspor,50 B+,"kocaelispor - eyüpspor güncel, kocaelispor - eyüpspor son dakika",
2025-10-05T12:01:07.317425,yasin kol hangi takımlı,2 Mn+,"yasin kol hangi takımlı güncel, yasin kol hangi takımlı son dakika",
2025-10-05T12:01:07.818556,inter - cremonese,20 B+,"inter - cremonese son dakika, inter - cremonese güncel",
2025-10-05T12:01:08.319654,greta thunberg,20 B+,"greta thunberg son dakika, greta thunberg güncel",
2025-10-05T12:01:08.820223,amed - keçiörengücü,50 B+,"amed - keçiörengücü güncel, amed - keçiörengücü son dakika",
2025-10-05T12:01:09.321259,inter miami - new england,5 B+,"inter miami - new england son dakika, inter miami - new england güncel",
2025-10-05T12:01:09.822357,gök gürültülü sağanak yağış,10 B+,"gök gürültülü sağanak yağış güncel, gök gürültülü sağanak yağış son dakika",
2025-10-05T12:01:10.323503,الريال ضد فياريال,10 B+,"الريال ضد فياريال güncel, الريال ضد فياريال son dakika",
2025-10-05T12:01:10.824639,sağlık bakanlığı işçi alımı başvurusu,5 B+,"sağlık bakanlığı işçi alımı başvurusu son dakika, sağlık bakanlığı işçi alımı başvurusu güncel",
2025-10-05T12:01:11.325736,aynadaki yabancı oyuncular,20 B+,"aynadaki yabancı oyuncular son dakika, aynadaki yabancı oyuncular güncel",
2025-10-05T12:01:11.826783,türkan şoray,1 B+,"türkan şoray güncel, türkan şoray son dakika",
2025-10-05T13:01:04.674432,real madrid - villarreal,200 B+,"real madrid - villarreal güncel, real madrid - villarreal son dakika",
2025-10-05T13:01:05.175380,chelsea - liverpool,100 B+,"chelsea - liverpool güncel, chelsea - liverpool son dakika",
2025-10-05T13:01:05.676202,ben leman nerede çekiliyor,50 B+,"ben leman nerede çekiliyor güncel, ben leman nerede çekiliyor son dakika",
2025-10-05T13:01:06.177321,gürsoy yalçın,1 Mn+,"gürsoy yalçın son dakika, gürsoy yalçın güncel",
2025-10-05T13:01:06.678230,kocaelispor - eyüpspor,50 B+,"kocaelispor - eyüpspor son dakika, kocaelispor - eyüpspor güncel",
2025-10-05T13:01:07.179312,inter - cremonese,20 B+,"inter - cremonese son dakika, inter - cremonese güncel",
2025-10-05T13:01:07.680401,amed - keçiörengücü,50 B+,"amed - keçiörengücü son dakika, amed - keçiörengücü güncel",
2025-10-05T13:01:08.181425,greta thunberg,20 B+,"greta thunberg son dakika, greta thunberg güncel",
2025-10-05T13:01:08.682681,inter miami - new england,5 B+,"inter miami - new england son dakika, inter miami - new england güncel",
2025-10-05T13:01:09.183908,gök gürültülü sağanak yağış,10 B+,"gök gürültülü sağanak yağış güncel, gök gürültülü sağanak yağış son dakika",
2025-10-05T13:01:09.685075,selçuksports,2 Mn+,"selçuksports son dakika, selçuksports güncel",
2025-10-05T13:01:10.186150,sağlık bakanlığı işçi alımı başvurusu,5 B+,"sağlık bakanlığı işçi alımı başvurusu son dakika, sağlık bakanlığı işçi alımı başvurusu güncel",
2025-10-05T13:01:10.687235,yasin kol hangi takımlı,5 B+,"yasin kol hangi takımlı son dakika, yasin kol hangi takımlı güncel",
2025-10-05T13:01:11.188027,aynadaki yabancı oyuncular,20 B+,"aynadaki yabancı oyuncular güncel, aynadaki yabancı oyuncular son dakika",
2025-10-05T13:01:11.689012,erdem özveren,2 B+,"erdem özveren güncel, erdem özveren son dakika",
2025-10-05T14:01:05.330455,real madrid - villarreal,200 B+,"real madrid - villarreal güncel, real madrid - villarreal son dakika",
2025-10-05T14:01:05.831494,chelsea - liverpool,100 B+,"chelsea - liverpool son dakika, chelsea - liverpool güncel",
2025-10-05T14:01:06.332390,ben leman nerede çekiliyor,50 B+,"ben leman nerede çekiliyor son dakika, ben leman nerede çekiliyor güncel",
2025-10-05T14:01:06.833201,gürsoy yalçın,1 Mn+,"gürsoy yalçın son dakika, gürsoy yalçın güncel",
2025-10-05T14:01:07.334323,kocaelispor - eyüpspor,50 B+,"kocaelispor - eyüpspor son dakika, kocaelispor - eyüpspor güncel",
2025-10-05T14:01:07.835360,amed - keçiörengücü,50 B+,"amed - keçiörengücü son dakika, amed - keçiörengücü güncel",
2025-10-05T14:01:08.336238,inter - cremonese,20 B+,"inter - cremonese son dakika, inter - cremonese güncel",
2025-10-05T14:01:08.837172,halil ergün,5 B+,"halil ergün son dakika, halil ergün güncel",
2025-10-05T14:01:09.338289,gök gürültülü sağanak yağış,10 B+,"gök gürültülü sağanak yağış son dakika, gök gürültülü sağanak yağış güncel",
2025-10-05T14:01:09.839249,sağlık bakanlığı işçi alımı başvurusu,5 B+,"sağlık bakanlığı işçi alımı başvurusu güncel, sağlık bakanlığı işçi alımı başvurusu son dakika",
2025-10-05T14:01:10.340395,kasımpaşa - konyaspor,2 B+,"kasımpaşa - konyaspor son dakika, kasımpaşa - konyaspor güncel",
2025-10-05T14:01:10.841494,inter miami - new england,5 B+,"inter miami - new england güncel, inter miami - new england son dakika",
2025-10-05T14:01:11.342351,yasin kol hangi takımlı,10 B+,"yasin kol hangi takımlı güncel, yasin kol hangi takımlı son dakika",
2025-10-05T14:01:11.843454,udinese - cagliari,1 B+,"udinese - cagliari güncel, udinese - cagliari son dakika",
2025-10-05T14:01:12.344610,aynadaki yabancı oyuncular,20 B+,"aynadaki yabancı oyuncular güncel, aynadaki yabancı oyuncular son dakika",
2025-10-05T15:01:05.563420,real madrid - villarreal,200 B+,"real madrid - villarreal son dakika, real madrid - villarreal güncel",
2025-10-05T15:01:06.064381,chelsea - liverpool,100 B+,"chelsea - liverpool güncel, chelsea - liverpool son dakika",
2025-10-05T15:01:06.565197,kasımpaşa - konyaspor,10 B+,"kasımpaşa - konyaspor son dakika, kasımpaşa - konyaspor güncel",
2025-10-05T15:01:07.066272,ben leman nerede çekiliyor,50 B+,"ben leman nerede çekiliyor güncel, ben leman nerede çekiliyor son dakika",
2025-10-05T15:01:07.567231,gürsoy yalçın,1 Mn+,"gürsoy yalçın son dakika, gürsoy yalçın güncel",
2025-10-05T15:01:08.068314,sağlık bakanlığı işçi alımı başvurusu,5 B+,"sağlık bakanlığı işçi alımı başvurusu güncel, sağlık bakanlığı işçi alımı başvurusu son dakika",
2025-10-05T15:01:08.569174,yasin kol hangi takımlı,10 B+,"yasin kol hangi takımlı son dakika, yasin kol hangi takımlı güncel",
2025-10-05T15:01:09.070324,udinese - cagliari,2 B+,"udinese - cagliari son dakika, udinese - cagliari güncel",
2025-10-05T15:01:09.571379,gök gürültülü sağanak yağış,10 B+,"gök gürültülü sağanak yağış güncel, gök gürültülü sağanak yağış son dakika",
2025-10-05T15:01:10.072416,inter miami - new england,5 B+,"inter miami - new england güncel, inter miami - new england son dakika",
2025-10-05T15:01:10.573558,aynadaki yabancı oyuncular,20 B+,"aynadaki yabancı oyuncular güncel, aynadaki yabancı oyuncular son dakika",
2025-10-05T15:01:11.074631,erdem özveren,5 B+,"erdem özveren güncel, erdem özveren son dakika",
2025-10-05T15:01:11.575700,greta,20 B+,"greta son dakika, greta güncel",
2025-10-05T15:01:12.076399,ankalaev,10 B+,"ankalaev son dakika, ankalaev güncel",
2025-10-05T15:01:12.577563,5 ekim ne günü,2 B+,"5 ekim ne günü son dakika, 5 ekim ne günü güncel",
2025-10-05T16:01:05.932646,real madrid - villarreal,200 B+,"real madrid - villarreal son dakika, real madrid - villarreal güncel",
2025-10-05T16:01:06.433692,kasımpaşa - konyaspor,20 B+,"kasımpaşa - konyaspor güncel, kasımpaşa - konyaspor son dakika",
2025-10-05T16:01:06.934778,chelsea - liverpool,100 B+,"chelsea - liverpool son dakika, chelsea - liverpool güncel",
2025-10-05T16:01:07.435964,ben leman nerede çekiliyor,50 B+,"ben leman nerede çekiliyor son dakika, ben leman nerede çekiliyor güncel",
2025-10-05T16:01:07.937002,gürsoy yalçın,1 Mn+,"gürsoy yalçın güncel, gürsoy yalçın son dakika",
2025-10-05T16:01:08.437887,kocaelispor - eyüpspor,50 B+,"kocaelispor - eyüpspor son dakika, kocaelispor - eyüpspor güncel",
2025-10-05T16:01:08.938954,yasin kol hangi takımlı,2 Mn+,"yasin kol hangi takımlı son dakika, yasin kol hangi takımlı güncel",
2025-10-05T16:01:09.440143,kırklarelispor - bursaspor,2 B+,"kırklarelispor - bursaspor son dakika, kırklarelispor - bursaspor güncel",
2025-10-05T16:01:09.941276,sivasspor - serikspor,2 B+,"sivasspor - serikspor güncel, sivasspor - serikspor son dakika",
2025-10-05T16:01:10.442423,sağlık bakanlığı işçi alımı başvurusu,5 B+,"sağlık bakanlığı işçi alımı başvurusu güncel, sağlık bakanlığı işçi alımı başvurusu son dakika",
2025-10-05T16:01:10.943410,aynadaki yabancı oyuncular,20 B+,"aynadaki yabancı oyuncular güncel, aynadaki yabancı oyuncular son dakika",
2025-10-05T16:01:11.444543,wolverhampton - brighton,2 B+,"wolverhampton - brighton son dakika, wolverhampton - brighton güncel",
2025-10-05T16:01:11.945627,feyenoord - utrecht,2 B+,"feyenoord - utrecht son dakika, feyenoord - utrecht güncel",
2025-10-05T16:01:12.446730,udinese - cagliari,2 B+,"udinese - cagliari son dakika, udinese - cagliari güncel",
2025-10-05T16:01:12.947846,ziraat bankası borç kapatma kredisi,1 B+,"ziraat bankası borç kapatma kredisi son dakika, ziraat bankası borç kapatma kredisi güncel",
2025-10-05T17:01:05.931182,real madrid - villarreal,200 B+,"real madrid - villarreal güncel, real madrid - villarreal son dakika",
2025-10-05T17:01:06.432158,kasımpaşa - konyaspor,20 B+,"kasımpaşa - konyaspor son dakika, kasımpaşa - konyaspor güncel",
2025-10-05T17:01:06.933084,chelsea - liverpool,100 B+,"chelsea - liverpool güncel, chelsea - liverpool son dakika",
2025-10-05T17:01:07.434218,ben leman nerede çekiliyor,50 B+,"ben leman nerede çekiliyor son dakika, ben leman nerede çekiliyor güncel",
2025-10-05T17:01:07.935291,sevilla - barcelona,10 B+,"sevilla - barcelona güncel, sevilla - barcelona son dakika",
2025-10-05T17:01:08.436064,kırklarelispor - bursaspor,5 B+,"kırklarelispor - bursaspor güncel, kırklarelispor - bursaspor son dakika",
2025-10-05T17:01:08.937122,sivasspor - serikspor,5 B+,"sivasspor - serikspor güncel, sivasspor - serikspor son dakika",
2025-10-05T17:01:09.438214,gürsoy yalçın,1 Mn+,"gürsoy yalçın güncel, gürsoy yalçın son dakika",
2025-10-05T17:01:09.939360,yasin kol hangi takımlı,2 Mn+,"yasin kol hangi takımlı güncel, yasin kol hangi takımlı son dakika",
2025-10-05T17:01:10.440397,إشبيلية ضد برشلونة,2 B+,"إشبيلية ضد برشلونة son dakika, إشبيلية ضد برشلونة güncel",
2025-10-05T17:01:10.941407,aynadaki yabancı oyuncular,20 B+,"aynadaki yabancı oyuncular güncel, aynadaki yabancı oyuncular son dakika",
2025-10-05T17:01:11.442505,ziraat bankası borç kapatma kredisi,2 B+,"ziraat bankası borç kapatma kredisi son dakika, ziraat bankası borç kapatma kredisi güncel",
2025-10-05T17:01:11.943413,feyenoord - utrecht,2 B+,"feyenoord - utrecht son dakika, feyenoord - utrecht güncel",
2025-10-05T17:01:12.444264,iğdır fk - istanbulspor,2 B+,"iğdır fk - istanbulspor güncel, iğdır fk - istanbulspor son dakika",
2025-10-05T17:01:12.945275,wolverhampton - brighton,2 B+,"wolverhampton - brighton son dakika, wolverhampton - brighton güncel",
2025-10-05T18:01:04.638113,real madrid - villarreal,200 B+,"real madrid - villarreal son dakika, real madrid - villarreal güncel",
2025-10-05T18:01:05.138466,chelsea - liverpool,100 B+,"chelsea - liverpool güncel, chelsea - liverpool son dakika",
2025-10-05T18:01:05.639228,sevilla - barcelona,20 B+,"sevilla - barcelona güncel, sevilla - barcelona son dakika",
2025-10-05T18:01:06.140165,kasımpaşa - konyaspor,20 B+,"kasımpaşa - konyaspor son dakika, kasımpaşa - konyaspor güncel",
2025-10-05T18:01:06.641116,ben leman nerede çekiliyor,50 B+,"ben leman nerede çekiliyor güncel, ben leman nerede çekiliyor son dakika",
2025-10-05T18:01:07.142080,إشبيلية ضد برشلونة,10 B+,"إشبيلية ضد برشلونة son dakika, إشبيلية ضد برشلونة güncel",
2025-10-05T18:01:07.642784,kırklarelispor - bursaspor,10 B+,"kırklarelispor - bursaspor güncel, kırklarelispor - bursaspor son dakika",
2025-10-05T18:01:08.143348,aynadaki yabancı oyuncular,20 B+,"aynadaki yabancı oyuncular güncel, aynadaki yabancı oyuncular son dakika",
2025-10-05T18:01:08.644226,sivasspor - serikspor,10 B+,"sivasspor - serikspor son dakika, sivasspor - serikspor güncel",
2025-10-05T18:01:09.145176,gürsoy yalçın,1 Mn+,"gürsoy yalçın son dakika, gürsoy yalçın güncel",
2025-10-05T18:01:09.646338,yasin kol hangi takımlı,2 Mn+,"yasin kol hangi takımlı güncel, yasin kol hangi takımlı son dakika",
2025-10-05T18:01:10.147469,öğretmenler günü,10 B+,"öğretmenler günü güncel, öğretmenler günü son dakika",
2025-10-05T18:01:10.648270,iğdır fk - istanbulspor,2 B+,"iğdır fk - istanbulspor güncel, iğdır fk - istanbulspor son dakika",
2025-10-05T18:01:11.149252,feyenoord - utrecht,5 B+,"feyenoord - utrecht son dakika, feyenoord - utrecht güncel",
2025-10-05T18:01:11.650046,nafia tanrıverdi,5 B+,"nafia tanrıverdi son dakika, nafia tanrıverdi güncel",
2025-10-05T19:01:05.107199,real madrid - villarreal,200 B+,"real madrid - villarreal güncel, real madrid - villarreal son dakika",
2025-10-05T19:01:05.608153,sevilla - barcelona,50 B+,"sevilla - barcelona güncel, sevilla - barcelona son dakika",
2025-10-05T19:01:06.109170,kasımpaşa - konyaspor,50 B+,"kasımpaşa - konyaspor güncel, kasımpaşa - konyaspor son dakika",
2025-10-05T19:01:06.610208,ben leman nerede çekiliyor,50 B+,"ben leman nerede çekiliyor güncel, ben leman nerede çekiliyor son dakika",
2025-10-05T19:01:07.111148,إشبيلية ضد برشلونة,10 B+,"إشبيلية ضد برشلونة son dakika, إشبيلية ضد برشلونة güncel",
2025-10-05T19:01:07.612203,brentford - manchester city,10 B+,"brentford - manchester city güncel, brentford - manchester city son dakika",
2025-10-05T19:01:08.113249,kırklarelispor - bursaspor,10 B+,"kırklarelispor - bursaspor son dakika, kırklarelispor - bursaspor güncel",
2025-10-05T19:01:08.614331,sivasspor - serikspor,10 B+,"sivasspor - serikspor son dakika, sivasspor - serikspor güncel",
2025-10-05T19:01:09.115436,samsunspor - fenerbahçe,10 B+,"samsunspor - fenerbahçe güncel, samsunspor - fenerbahçe son dakika",
2025-10-05T19:01:09.616514,monaco - nice,5 B+,"monaco - nice son dakika, monaco - nice güncel",
2025-10-05T19:01:10.117249,aynadaki yabancı oyuncular,20 B+,"aynadaki yabancı oyuncular son dakika, aynadaki yabancı oyuncular güncel",
2025-10-05T19:01:10.618371,gürsoy yalçın,1 Mn+,"gürsoy yalçın güncel, gürsoy yalçın son dakika",
2025-10-05T19:01:11.119231,yarın toplu taşıma ücretsiz,5 B+,"yarın toplu taşıma ücretsiz güncel, yarın toplu taşıma ücretsiz son dakika",
2025-10-05T19:01:11.620030,yasin kol hangi takımlı,1 Mn+,"yasin kol hangi takımlı güncel, yasin kol hangi takımlı son dakika",
2025-10-05T19:01:12.121033,iğdır fk - istanbulspor,5 B+,"iğdır fk - istanbulspor son dakika, iğdır fk - istanbulspor güncel",
2025-10-05T20:01:04.817007,samsunspor - fenerbahçe,100 B+,"samsunspor - fenerbahçe güncel, samsunspor - fenerbahçe son dakika",
2025-10-05T20:01:05.318111,real madrid - villarreal,200 B+,"real madrid - villarreal son dakika, real madrid - villarreal güncel",
2025-10-05T20:01:05.819153,sevilla - barcelona,50 B+,"sevilla - barcelona güncel, sevilla - barcelona son dakika",
2025-10-05T20:01:06.320209,kasımpaşa - konyaspor,50 B+,"kasımpaşa - konyaspor son dakika, kasımpaşa - konyaspor güncel",
2025-10-05T20:01:06.821275,brentford - manchester city,10 B+,"brentford - manchester city güncel, brentford - manchester city son dakika",
2025-10-05T20:01:07.322362,ben leman nerede çekiliyor,50 B+,"ben leman nerede çekiliyor son dakika, ben leman nerede çekiliyor güncel",
2025-10-05T20:01:07.823289,monaco - nice,10 B+,"monaco - nice son dakika, monaco - nice güncel",
2025-10-05T20:01:08.324240,إشبيلية ضد برشلونة,20 B+,"إشبيلية ضد برشلونة son dakika, إشبيلية ضد برشلونة güncel",
2025-10-05T20:01:08.825388,göztepe - başakşehir,5 B+,"göztepe - başakşehir son dakika, göztepe - başakşehir güncel",
2025-10-05T20:01:09.326531,meritking,20 B+,"meritking güncel, meritking son dakika",
2025-10-05T20:01:09.827501,yarın toplu taşıma ücretsiz,5 B+,"yarın toplu taşıma ücretsiz son dakika, yarın toplu taşıma ücretsiz güncel",
2025-10-05T20:01:10.328335,kırklarelispor - bursaspor,10 B+,"kırklarelispor - bursaspor son dakika, kırklarelispor - bursaspor güncel",
2025-10-05T20:01:10.829239,gürsoy yalçın,1 Mn+,"gürsoy yalçın güncel, gürsoy yalçın son dakika",
2025-10-05T20:01:11.330343,eskişehirspor - uşakspor,5 B+,"eskişehirspor - uşakspor güncel, eskişehirspor - uşakspor son dakika",
2025-10-05T20:01:11.831259,sivasspor - serikspor,10 B+,"sivasspor - serikspor son dakika, sivasspor - serikspor güncel",
2025-10-05T21:01:05.322390,samsunspor - fenerbahçe,200 B+,"samsunspor - fenerbahçe güncel, samsunspor - fenerbahçe son dakika",
2025-10-05T21:01:05.823353,sevilla - barcelona,100 B+,"sevilla - barcelona son dakika, sevilla - barcelona güncel",
2025-10-05T21:01:06.324252,real madrid - villarreal,200 B+,"real madrid - villarreal güncel, real madrid - villarreal son dakika",
2025-10-05T21:01:06.825206,göztepe - başakşehir,20 B+,"göztepe - başakşehir son dakika, göztepe - başakşehir güncel",
2025-10-05T21:01:07.326147,brentford - manchester city,20 B+,"brentford - manchester city güncel, brentford - manchester city son dakika",
2025-10-05T21:01:07.827124,kasımpaşa - konyaspor,50 B+,"kasımpaşa - konyaspor son dakika, kasımpaşa - konyaspor güncel",
2025-10-05T21:01:08.328100,إشبيلية ضد برشلونة,20 B+,"إشبيلية ضد برشلونة güncel, إشبيلية ضد برشلونة son dakika",
2025-10-05T21:01:08.829186,monaco - nice,10 B+,"monaco - nice güncel, monaco - nice son dakika",
2025-10-05T21:01:09.330290,yarın toplu taşıma ücretsiz,10 B+,"yarın toplu taşıma ücretsiz güncel, yarın toplu taşıma ücretsiz son dakika",
2025-10-05T21:01:09.831442,eskişehirspor - uşakspor,5 B+,"eskişehirspor - uşakspor son dakika, eskişehirspor - uşakspor güncel",
2025-10-05T21:01:10.332536,napoli - genoa,2 B+,"napoli - genoa güncel, napoli - genoa son dakika",
2025-10-05T21:01:10.833676,kırklarelispor - bursaspor,10 B+,"kırklarelispor - bursaspor güncel, kırklarelispor - bursaspor son dakika",
2025-10-05T21:01:11.334822,nafia tanrıverdi,5 B+,"nafia tanrıverdi güncel, nafia tanrıverdi son dakika",
2025-10-05T21:01:11.835915,kel alaka doğru yazılışı,2 B+,"kel alaka doğru yazılışı son dakika, kel alaka doğru yazılışı güncel",
2025-10-05T21:01:12.337146,öğretmenler günü,10 B+,"öğretmenler günü güncel, öğretmenler günü son dakika",
2025-10-05T22:01:05.414542,samsunspor - fenerbahçe,500 B+,"samsunspor - fenerbahçe güncel, samsunspor - fenerbahçe son dakika",
2025-10-05T22:01:05.915695,sevilla - barcelona,100 B+,"sevilla - barcelona son dakika, sevilla - barcelona güncel",
2025-10-05T22:01:06.416744,göztepe - başakşehir,50 B+,"göztepe - başakşehir güncel, göztepe - başakşehir son dakika",
2025-10-05T22:01:06.917840,brentford - manchester city,20 B+,"brentford - manchester city son dakika, brentford - manchester city güncel",
2025-10-05T22:01:07.418930,juventus - milan,10 B+,"juventus - milan son dakika, juventus - milan güncel",
2025-10-05T22:01:07.920146,kasımpaşa - konyaspor,50 B+,"kasımpaşa - konyaspor güncel, kasımpaşa - konyaspor son dakika",
2025-10-05T22:01:08.420926,masterchef nisa sevgilisi,10 B+,"masterchef nisa sevgilisi son dakika, masterchef nisa sevgilisi güncel",
2025-10-05T22:01:08.921846,lille - psg,5 B+,"lille - psg son dakika, lille - psg güncel",
2025-10-05T22:01:09.422414,yarın toplu taşıma ücretsiz,10 B+,"yarın toplu taşıma ücretsiz güncel, yarın toplu taşıma ücretsiz son dakika",
2025-10-05T22:01:09.923544,إشبيلية ضد برشلونة,20 B+,"إشبيلية ضد برشلونة güncel, إشبيلية ضد برشلونة son dakika",
2025-10-05T22:01:10.424686,monaco - nice,10 B+,"monaco - nice güncel, monaco - nice son dakika",
2025-10-05T22:01:10.925806,zeki yavru,5 B+,"zeki yavru güncel, zeki yavru son dakika",
2025-10-05T22:01:11.426912,eskişehirspor - uşakspor,10 B+,"eskişehirspor - uşakspor güncel, eskişehirspor - uşakspor son dakika",
2025-10-05T22:01:11.927982,celta - atletico madrid,2 B+,"celta - atletico madrid son dakika, celta - atletico madrid güncel",
2025-10-05T22:01:12.429010,napoli - genoa,5 B+,"napoli - genoa son dakika, napoli - genoa güncel",
2025-10-05T23:01:04.513224,samsunspor - fenerbahçe,500 B+,"samsunspor - fenerbahçe son dakika, samsunspor - fenerbahçe güncel",
2025-10-05T23:01:05.014328,göztepe - başakşehir,50 B+,"göztepe - başakşehir son dakika, göztepe - başakşehir güncel",
2025-10-05T23:01:05.515435,sevilla - barcelona,50 B+,"sevilla - barcelona güncel, sevilla - barcelona son dakika",
2025-10-05T23:01:06.016377,juventus - milan,20 B+,"juventus - milan güncel, juventus - milan son dakika",
2025-10-05T23:01:06.517469,lille - psg,10 B+,"lille - psg güncel, lille - psg son dakika",
2025-10-05T23:01:07.018559,brentford - manchester city,20 B+,"brentford - manchester city güncel, brentford - manchester city son dakika",
2025-10-05T23:01:07.519626,porto - benfica,5 B+,"porto - benfica güncel, porto - benfica son dakika",
2025-10-05T23:01:08.020707,kasımpaşa - konyaspor,50 B+,"kasımpaşa - konyaspor son dakika, kasımpaşa - konyaspor güncel",
2025-10-05T23:01:08.521803,celta - atletico madrid,5 B+,"celta - atletico madrid son dakika, celta - atletico madrid güncel",
2025-10-05T23:01:09.023041,yarın toplu taşıma ücretsiz,10 B+,"yarın toplu taşıma ücretsiz güncel, yarın toplu taşıma ücretsiz son dakika",
2025-10-05T23:01:09.524211,süper lig puan durumu,20 B+,"süper lig puan durumu güncel, süper lig puan durumu son dakika",
2025-10-05T23:01:10.025293,napoli - genoa,5 B+,"napoli - genoa son dakika, napoli - genoa güncel",
2025-10-05T23:01:10.526416,إشبيلية ضد برشلونة,20 B+,"إشبيلية ضد برشلونة güncel, إشبيلية ضد برشلونة son dakika",
2025-10-05T23:01:11.027510,masterchef nisa sevgilisi,10 B+,"masterchef nisa sevgilisi güncel, masterchef nisa sevgilisi son dakika",
2025-10-05T23:01:11.528555,puan durumu,10 B+,"puan durumu güncel, puan durumu son dakika",
2025-10-06T00:01:07.444708,samsunspor - fenerbahçe,500 B+,"samsunspor - fenerbahçe güncel, samsunspor - fenerbahçe son dakika",
2025-10-06T00:01:07.945808,sevilla - barcelona,100 B+,"sevilla - barcelona son dakika, sevilla - barcelona güncel",
2025-10-06T00:01:08.446226,porto - benfica,20 B+,"porto - benfica güncel, porto - benfica son dakika",
2025-10-06T00:01:08.947162,göztepe - başakşehir,50 B+,"göztepe - başakşehir güncel, göztepe - başakşehir son dakika",
2025-10-06T00:01:09.448106,lille - psg,10 B+,"lille - psg güncel, lille - psg son dakika",
2025-10-06T00:01:09.949072,juventus - milan,20 B+,"juventus - milan son dakika, juventus - milan güncel",
2025-10-06T00:01:10.450095,yarın toplu taşıma ücretsiz,10 B+,"yarın toplu taşıma ücretsiz güncel, yarın toplu taşıma ücretsiz son dakika",
2025-10-06T00:01:10.951094,celta - atletico madrid,10 B+,"celta - atletico madrid son dakika, celta - atletico madrid güncel",
2025-10-06T00:01:11.452065,kasımpaşa - konyaspor,50 B+,"kasımpaşa - konyaspor güncel, kasımpaşa - konyaspor son dakika",
2025-10-06T00:01:11.953130,brentford - manchester city,20 B+,"brentford - manchester city güncel, brentford - manchester city son dakika",
2025-10-06T00:01:12.454271,masterchef nisa sevgilisi,10 B+,"masterchef nisa sevgilisi son dakika, masterchef nisa sevgilisi güncel",
2025-10-06T00:01:12.955412,napoli - genoa,5 B+,"napoli - genoa son dakika, napoli - genoa güncel",
2025-10-06T00:01:13.456499,إشبيلية ضد برشلونة,20 B+,"إشبيلية ضد برشلونة güncel, إشبيلية ضد برشلونة son dakika",
2025-10-06T00:01:13.957361,ziraat bankası borç kapatma kredisi,5 B+,"ziraat bankası borç kapatma kredisi son dakika, ziraat bankası borç kapatma kredisi güncel",
2025-10-06T00:01:14.458343,öğretmenler günü,10 B+,"öğretmenler günü son dakika, öğretmenler günü güncel",
2025-10-06T01:01:04.452246,samsunspor - fenerbahçe,500 B+,"samsunspor - fenerbahçe güncel, samsunspor - fenerbahçe son dakika",
2025-10-06T01:01:04.953273,sevilla - barcelona,100 B+,"sevilla - barcelona son dakika, sevilla - barcelona güncel",
2025-10-06T01:01:05.454296,porto - benfica,20 B+,"porto - benfica güncel, porto - benfica son dakika",
2025-10-06T01:01:05.955364,göztepe - başakşehir,50 B+,"göztepe - başakşehir son dakika, göztepe - başakşehir güncel",
2025-10-06T01:01:06.456416,lille - psg,20 B+,"lille - psg son dakika, lille - psg güncel",
2025-10-06T01:01:06.957463,kasımpaşa - konyaspor,50 B+,"kasımpaşa - konyaspor son dakika, kasımpaşa - konyaspor güncel",
2025-10-06T01:01:07.458501,juventus - milan,20 B+,"juventus - milan güncel, juventus - milan son dakika",
2025-10-06T01:01:07.959574,celta - atletico madrid,10 B+,"celta - atletico madrid son dakika, celta - atletico madrid güncel",
2025-10-06T01:01:08.460643,yarın toplu taşıma ücretsiz,10 B+,"yarın toplu taşıma ücretsiz güncel, yarın toplu taşıma ücretsiz son dakika",
2025-10-06T01:01:08.961308,brentford - manchester city,20 B+,"brentford - manchester city son dakika, brentford - manchester city güncel",
2025-10-06T01:01:09.462304,monaco - nice,10 B+,"monaco - nice güncel, monaco - nice son dakika",
2025-10-06T01:01:09.963225,ziraat bankası borç kapatma kredisi,5 B+,"ziraat bankası borç kapatma kredisi güncel, ziraat bankası borç kapatma kredisi son dakika",
2025-10-06T01:01:10.464314,إشبيلية ضد برشلونة,20 B+,"إشبيلية ضد برشلونة son dakika, إشبيلية ضد برشلونة güncel",
2025-10-06T01:01:10.965406,napoli - genoa,5 B+,"napoli - genoa güncel, napoli - genoa son dakika",
2025-10-06T01:01:11.466463,öğretmenler günü,10 B+,"öğretmenler günü son dakika, öğretmenler günü güncel",
2025-10-06T02:01:04.797733,samsunspor - fenerbahçe,500 B+,"samsunspor - fenerbahçe güncel, samsunspor - fenerbahçe son dakika",
2025-10-06T02:01:05.298765,sevilla - barcelona,100 B+,"sevilla - barcelona son dakika, sevilla - barcelona güncel",
2025-10-06T02:01:05.799217,porto - benfica,20 B+,"porto - benfica son dakika, porto - benfica güncel",
2025-10-06T02:01:06.300113,göztepe - başakşehir,50 B+,"göztepe - başakşehir güncel, göztepe - başakşehir son dakika",
2025-10-06T02:01:06.801079,kasımpaşa - konyaspor,50 B+,"kasımpaşa - konyaspor güncel, kasımpaşa - konyaspor son dakika",
2025-10-06T02:01:07.302028,lille - psg,20 B+,"lille - psg güncel, lille - psg son dakika",
2025-10-06T02:01:07.803132,yarın toplu taşıma ücretsiz,10 B+,"yarın toplu taşıma ücretsiz son dakika, yarın toplu taşıma ücretsiz güncel",
2025-10-06T02:01:08.304214,juventus - milan,20 B+,"juventus - milan son dakika, juventus - milan güncel",
2025-10-06T02:01:08.805297,ziraat bankası borç kapatma kredisi,5 B+,"ziraat bankası borç kapatma kredisi güncel, ziraat bankası borç kapatma kredisi son dakika",
2025-10-06T02:01:09.306366,brentford - manchester city,20 B+,"brentford - manchester city güncel, brentford - manchester city son dakika",
2025-10-06T02:01:09.807485,celta - atletico madrid,10 B+,"celta - atletico madrid güncel, celta - atletico madrid son dakika",
2025-10-06T02:01:10.308261,monaco - nice,10 B+,"monaco - nice güncel, monaco - nice son dakika",
2025-10-06T02:01:10.809387,öğretmenler günü,10 B+,"öğretmenler günü güncel, öğretmenler günü son dakika",
2025-10-06T02:01:11.310508,asgari ücret,5 B+,"asgari ücret son dakika, asgari ücret güncel",
2025-10-06T02:01:11.811617,sivasspor - serikspor,10 B+,"sivasspor - serikspor güncel, sivasspor - serikspor son dakika",
2025-10-06T03:01:06.331130,samsunspor - fenerbahçe,500 B+,"samsunspor - fenerbahçe son dakika, samsunspor - fenerbahçe güncel",
2025-10-06T03:01:06.832190,porto - benfica,20 B+,"porto - benfica son dakika, porto - benfica güncel",
2025-10-06T03:01:07.333263,sevilla - barcelona,100 B+,"sevilla - barcelona güncel, sevilla - barcelona son dakika",
2025-10-06T03:01:07.834341,göztepe - başakşehir,50 B+,"göztepe - başakşehir son dakika, göztepe - başakşehir güncel",
2025-10-06T03:01:08.335377,kasımpaşa - konyaspor,50 B+,"kasımpaşa - konyaspor güncel, kasımpaşa - konyaspor son dakika",
2025-10-06T03:01:08.836210,lille - psg,20 B+,"lille - psg güncel, lille - psg son dakika",
2025-10-06T03:01:09.337222,yarın toplu taşıma ücretsiz,10 B+,"yarın toplu taşıma ücretsiz güncel, yarın toplu taşıma ücretsiz son dakika",
2025-10-06T03:01:09.838319,ziraat bankası borç kapatma kredisi,10 B+,"ziraat bankası borç kapatma kredisi güncel, ziraat bankası borç kapatma kredisi son dakika",
2025-10-06T03:01:10.339400,juventus - milan,20 B+,"juventus - milan güncel, juventus - milan son dakika",
2025-10-06T03:01:10.840240,celta - atletico madrid,10 B+,"celta - atletico madrid güncel, celta - atletico madrid son dakika",
2025-10-06T03:01:11.341313,monaco - nice,10 B+,"monaco - nice güncel, monaco - nice son dakika",
2025-10-06T03:01:11.842432,asgari ücret,5 B+,"asgari ücret güncel, asgari ücret son dakika",
2025-10-06T03:01:12.343582,ethan mbappé,2 B+,"ethan mbappé son dakika, ethan mbappé güncel",
2025-10-06T03:01:12.844776,sağlık bakanlığı işçi alımı 2025,5 B+,"sağlık bakanlığı işçi alımı 2025 son dakika, sağlık bakanlığı işçi alımı 2025 güncel",
2025-10-06T03:01:13.345978,sarıyer - sakaryaspor,10 B+,"sarıyer - sakaryaspor güncel, sarıyer - sakaryaspor son dakika",
2025-10-06T04:01:04.587705,samsunspor - fenerbahçe,500 B+,"samsunspor - fenerbahçe güncel, samsunspor - fenerbahçe son dakika",
2025-10-06T04:01:05.088639,porto - benfica,20 B+,"porto - benfica son dakika, porto - benfica güncel",
2025-10-06T04:01:05.589693,sevilla - barcelona,100 B+,"sevilla - barcelona son dakika, sevilla - barcelona güncel",
2025-10-06T04:01:06.090770,göztepe - başakşehir,50 B+,"göztepe - başakşehir güncel, göztepe - başakşehir son dakika",
2025-10-06T04:01:06.591682,kasımpaşa - konyaspor,50 B+,"kasımpaşa - konyaspor güncel, kasımpaşa - konyaspor son dakika",
2025-10-06T04:01:07.092753,lille - psg,20 B+,"lille - psg son dakika, lille - psg güncel",
2025-10-06T04:01:07.593239,yarın toplu taşıma ücretsiz,10 B+,"yarın toplu taşıma ücretsiz güncel, yarın toplu taşıma ücretsiz son dakika",
2025-10-06T04:01:08.094026,ziraat bankası borç kapatma kredisi,10 B+,"ziraat bankası borç kapatma kredisi son dakika, ziraat bankası borç kapatma kredisi güncel",
2025-10-06T04:01:08.595108,juventus - milan,20 B+,"juventus - milan güncel, juventus - milan son dakika",
2025-10-06T04:01:09.096030,monaco - nice,10 B+,"monaco - nice son dakika, monaco - nice güncel",
2025-10-06T04:01:09.597120,asgari ücret,5 B+,"asgari ücret güncel, asgari ücret son dakika",
2025-10-06T04:01:10.098123,ethan mbappé,2 B+,"ethan mbappé son dakika, ethan mbappé güncel",
2025-10-06T04:01:10.599160,brentford - manchester city,20 B+,"brentford - manchester city son dakika, brentford - manchester city güncel",
2025-10-06T04:01:11.100124,celta - atletico madrid,10 B+,"celta - atletico madrid güncel, celta - atletico madrid son dakika",
2025-10-06T04:01:11.601125,cillian murphy,2 B+,"cillian murphy güncel, cillian murphy son dakika",
2025-10-06T05:01:04.563237,samsunspor - fenerbahçe,500 B+,"samsunspor - fenerbahçe güncel, samsunspor - fenerbahçe son dakika",
2025-10-06T05:01:05.064076,porto - benfica,20 B+,"porto - benfica son dakika, porto - benfica güncel",
2025-10-06T05:01:05.565115,sevilla - barcelona,100 B+,"sevilla - barcelona güncel, sevilla - barcelona son dakika",
2025-10-06T05:01:06.066166,göztepe - başakşehir,50 B+,"göztepe - başakşehir son dakika, göztepe - başakşehir güncel",
2025-10-06T05:01:06.567194,kasımpaşa - konyaspor,50 B+,"kasımpaşa - konyaspor güncel, kasımpaşa - konyaspor son dakika",
2025-10-06T05:01:07.068192,yarın toplu taşıma ücretsiz,10 B+,"yarın toplu taşıma ücretsiz güncel, yarın toplu taşıma ücretsiz son dakika",
2025-10-06T05:01:07.569116,lille - psg,20 B+,"lille - psg son dakika, lille - psg güncel",
2025-10-06T05:01:08.070193,juventus - milan,20 B+,"juventus - milan güncel, juventus - milan son dakika",
2025-10-06T05:01:08.571415,ziraat bankası borç kapatma kredisi,10 B+,"ziraat bankası borç kapatma kredisi güncel, ziraat bankası borç kapatma kredisi son dakika",
2025-10-06T05:01:09.072496,celta - atletico madrid,10 B+,"celta - atletico madrid güncel, celta - atletico madrid son dakika",
2025-10-06T05:01:09.573570,asgari ücret,5 B+,"asgari ücret güncel, asgari ücret son dakika",
2025-10-06T05:01:10.074688,ethan mbappé,2 B+,"ethan mbappé güncel, ethan mbappé son dakika",
2025-10-06T05:01:10.575767,öğretmenler günü,10 B+,"öğretmenler günü güncel, öğretmenler günü son dakika",
2025-10-06T05:01:11.076954,cillian murphy,2 B+,"cillian murphy güncel, cillian murphy son dakika",
2025-10-06T05:01:11.577928,brentford - manchester city,20 B+,"brentford - manchester city güncel, brentford - manchester city son dakika",
2025-10-06T06:01:05.318043,samsunspor - fenerbahçe,500 B+,"samsunspor - fenerbahçe güncel, samsunspor - fenerbahçe son dakika",
2025-10-06T06:01:05.818907,sevilla - barcelona,100 B+,"sevilla - barcelona son dakika, sevilla - barcelona güncel",
2025-10-06T06:01:06.319339,porto - benfica,20 B+,"porto - benfica güncel, porto - benfica son dakika",
2025-10-06T06:01:06.820425,göztepe - başakşehir,50 B+,"göztepe - başakşehir güncel, göztepe - başakşehir son dakika",
2025-10-06T06:01:07.321508,kasımpaşa - konyaspor,50 B+,"kasımpaşa - konyaspor güncel, kasımpaşa - konyaspor son dakika",
2025-10-06T06:01:07.822333,lille - psg,20 B+,"lille - psg son dakika, lille - psg güncel",
2025-10-06T06:01:08.323169,juventus - milan,20 B+,"juventus - milan son dakika, juventus - milan güncel",
2025-10-06T06:01:08.824119,yarın toplu taşıma ücretsiz,10 B+,"yarın toplu taşıma ücretsiz güncel, yarın toplu taşıma ücretsiz son dakika",
2025-10-06T06:01:09.325082,ziraat bankası borç kapatma kredisi,10 B+,"ziraat bankası borç kapatma kredisi güncel, ziraat bankası borç kapatma kredisi son dakika",
2025-10-06T06:01:09.826105,celta - atletico madrid,10 B+,"celta - atletico madrid güncel, celta - atletico madrid son dakika",
2025-10-06T06:01:10.327076,brentford - manchester city,20 B+,"brentford - manchester city son dakika, brentford - manchester city güncel",
2025-10-06T06:01:10.828070,monaco - nice,10 B+,"monaco - nice güncel, monaco - nice son dakika",
2025-10-06T06:01:11.329220,ethan mbappé,2 B+,"ethan mbappé güncel, ethan mbappé son dakika",
2025-10-06T06:01:11.830216,dolunay ne zaman,2 B+,"dolunay ne zaman güncel, dolunay ne zaman son dakika",
2025-10-06T06:01:12.331158,bitcoin,2 B+,"bitcoin güncel, bitcoin son dakika",
2025-10-06T07:01:05.653984,samsunspor - fenerbahçe,500 B+,"samsunspor - fenerbahçe güncel, samsunspor - fenerbahçe son dakika",
2025-10-06T07:01:06.154643,porto - benfica,20 B+,"porto - benfica son dakika, porto - benfica güncel",
2025-10-06T07:01:06.655679,sevilla - barcelona,100 B+,"sevilla - barcelona son dakika, sevilla - barcelona güncel",
2025-10-06T07:01:07.156757,göztepe - başakşehir,50 B+,"göztepe - başakşehir güncel, göztepe - başakşehir son dakika",
2025-10-06T07:01:07.657807,lille - psg,20 B+,"lille - psg güncel, lille - psg son dakika",
2025-10-06T07:01:08.159012,kasımpaşa - konyaspor,50 B+,"kasımpaşa - konyaspor güncel, kasımpaşa - konyaspor son dakika",
2025-10-06T07:01:08.660151,yarın toplu taşıma ücretsiz,10 B+,"yarın toplu taşıma ücretsiz son dakika, yarın toplu taşıma ücretsiz güncel",
2025-10-06T07:01:09.161218,juventus - milan,20 B+,"juventus - milan son dakika, juventus - milan güncel",
2025-10-06T07:01:09.662372,celta - atletico madrid,10 B+,"celta - atletico madrid son dakika, celta - atletico madrid güncel",
2025-10-06T07:01:10.163509,ziraat bankası borç kapatma kredisi,10 B+,"ziraat bankası borç kapatma kredisi güncel, ziraat bankası borç kapatma kredisi son dakika",
2025-10-06T07:01:10.664647,brentford - manchester city,20 B+,"brentford - manchester city güncel, brentford - manchester city son dakika",
2025-10-06T07:01:11.165086,monaco - nice,10 B+,"monaco - nice son dakika, monaco - nice güncel",
2025-10-06T07:01:11.666115,ethan mbappé,2 B+,"ethan mbappé güncel, ethan mbappé son dakika",
2025-10-06T07:01:12.167212,sivasspor - serikspor,10 B+,"sivasspor - serikspor son dakika, sivasspor - serikspor güncel",
2025-10-06T07:01:12.668291,napoli - genoa,5 B+,"napoli - genoa son dakika, napoli - genoa güncel",
2025-10-06T08:01:04.203189,samsunspor - fenerbahçe,500 B+,"samsunspor - fenerbahçe güncel, samsunspor - fenerbahçe son dakika",
2025-10-06T08:01:04.704088,porto - benfica,20 B+,"porto - benfica son dakika, porto - benfica güncel",
2025-10-06T08:01:05.205137,sevilla - barcelona,100 B+,"sevilla - barcelona son dakika, sevilla - barcelona güncel",
2025-10-06T08:01:05.706292,göztepe - başakşehir,50 B+,"göztepe - başakşehir son dakika, göztepe - başakşehir güncel",
2025-10-06T08:01:06.207381,lille - psg,20 B+,"lille - psg güncel, lille - psg son dakika",
2025-10-06T08:01:06.708476,kasımpaşa - konyaspor,50 B+,"kasımpaşa - konyaspor son dakika, kasımpaşa - konyaspor güncel",
2025-10-06T08:01:07.209584,tarık çetin,20 B+,"tarık çetin güncel, tarık çetin son dakika",
2025-10-06T08:01:07.710687,juventus - milan,20 B+,"juventus - milan son dakika, juventus - milan güncel",
2025-10-06T08:01:08.211829,yarın toplu taşıma ücretsiz,20 B+,"yarın toplu taşıma ücretsiz son dakika, yarın toplu taşıma ücretsiz güncel",
2025-10-06T08:01:08.713158,ziraat bankası borç kapatma kredisi,10 B+,"ziraat bankası borç kapatma kredisi son dakika, ziraat bankası borç kapatma kredisi güncel",
2025-10-06T08:01:09.214290,celta - atletico madrid,10 B+,"celta - atletico madrid güncel, celta - atletico madrid son dakika",
2025-10-06T08:01:09.715333,brentford - manchester city,20 B+,"brentford - manchester city son dakika, brentford - manchester city güncel",
2025-10-06T08:01:10.216419,monaco - nice,10 B+,"monaco - nice güncel, monaco - nice son dakika",
2025-10-06T08:01:10.717573,ethan mbappé,2 B+,"ethan mbappé son dakika, ethan mbappé güncel",
2025-10-06T08:01:11.218511,öğretmenler günü,10 B+,"öğretmenler günü son dakika, öğretmenler günü güncel",
2025-10-06T09:01:05.535120,samsunspor - fenerbahçe,500 B+,"samsunspor - fenerbahçe son dakika, samsunspor - fenerbahçe güncel",
2025-10-06T09:01:06.036047,sevilla - barcelona,100 B+,"sevilla - barcelona son dakika, sevilla - barcelona güncel",
2025-10-06T09:01:06.537007,porto - benfica,20 B+,"porto - benfica son dakika, porto - benfica güncel",
2025-10-06T09:01:07.037959,göztepe - başakşehir,50 B+,"göztepe - başakşehir güncel, göztepe - başakşehir son dakika",
2025-10-06T09:01:07.538928,kasımpaşa - konyaspor,50 B+,"kasımpaşa - konyaspor güncel, kasımpaşa - konyaspor son dakika",
2025-10-06T09:01:08.039841,tarık çetin,20 B+,"tarık çetin güncel, tarık çetin son dakika",
2025-10-06T09:01:08.540792,lille - psg,20 B+,"lille - psg son dakika, lille - psg güncel",
2025-10-06T09:01:09.041293,yarın toplu taşıma ücretsiz,20 B+,"yarın toplu taşıma ücretsiz son dakika, yarın toplu taşıma ücretsiz güncel",
2025-10-06T09:01:09.542284,juventus - milan,20 B+,"juventus - milan güncel, juventus - milan son dakika",
2025-10-06T09:01:10.043421,celta - atletico madrid,10 B+,"celta - atletico madrid son dakika, celta - atletico madrid güncel",
2025-10-06T09:01:10.544571,brentford - manchester city,20 B+,"brentford - manchester city güncel, brentford - manchester city son dakika",
2025-10-06T09:01:11.045646,monaco - nice,10 B+,"monaco - nice son dakika, monaco - nice güncel",
2025-10-06T09:01:11.546748,ziraat bankası borç kapatma kredisi,10 B+,"ziraat bankası borç kapatma kredisi son dakika, ziraat bankası borç kapatma kredisi güncel",
2025-10-06T09:01:12.047800,istanbul altın rafinerisi,5 B+,"istanbul altın rafinerisi güncel, istanbul altın rafinerisi son dakika",
2025-10-06T09:01:12.549023,ethan mbappé,2 B+,"ethan mbappé son dakika, ethan mbappé güncel",
2025-10-06T10:01:05.751246,samsunspor - fenerbahçe,500 B+,"samsunspor - fenerbahçe güncel, samsunspor - fenerbahçe son dakika",
2025-10-06T10:01:06.252149,porto - benfica,20 B+,"porto - benfica güncel, porto - benfica son dakika",
2025-10-06T10:01:06.753116,göztepe - başakşehir,50 B+,"göztepe - başakşehir güncel, göztepe - başakşehir son dakika",
2025-10-06T10:01:07.254101,tarık çetin,20 B+,"tarık çetin güncel, tarık çetin son dakika",
2025-10-06T10:01:07.755157,sevilla - barcelona,50 B+,"sevilla - barcelona güncel, sevilla - barcelona son dakika",
2025-10-06T10:01:08.256247,yarın toplu taşıma ücretsiz,20 B+,"yarın toplu taşıma ücretsiz güncel, yarın toplu taşıma ücretsiz son dakika",
2025-10-06T10:01:08.757191,kasımpaşa - konyaspor,50 B+,"kasımpaşa - konyaspor güncel, kasımpaşa - konyaspor son dakika",
2025-10-06T10:01:09.258169,lille - psg,20 B+,"lille - psg son dakika, lille - psg güncel",
2025-10-06T10:01:09.759133,juventus - milan,20 B+,"juventus - milan son dakika, juventus - milan güncel",
2025-10-06T10:01:10.260193,istanbul altın rafinerisi,5 B+,"istanbul altın rafinerisi güncel, istanbul altın rafinerisi son dakika",
2025-10-06T10:01:10.761267,celta - atletico madrid,10 B+,"celta - atletico madrid son dakika, celta - atletico madrid güncel",
2025-10-06T10:01:11.262350,ziraat bankası borç kapatma kredisi,10 B+,"ziraat bankası borç kapatma kredisi güncel, ziraat bankası borç kapatma kredisi son dakika",
2025-10-06T10:01:11.763719,sağlık bakanlığı işçi alımı 2025,5 B+,"sağlık bakanlığı işçi alımı 2025 güncel, sağlık bakanlığı işçi alımı 2025 son dakika",
2025-10-06T10:01:12.265009,ethan mbappé,2 B+,"ethan mbappé güncel, ethan mbappé son dakika",
2025-10-06T10:01:12.766188,alexis sanchez,20 B+,"alexis sanchez son dakika, alexis sanchez güncel",
2025-10-06T11:01:05.476189,samsunspor - fenerbahçe,500 B+,"samsunspor - fenerbahçe güncel, samsunspor - fenerbahçe son dakika",
2025-10-06T11:01:05.977142,porto - benfica,50 B+,"porto - benfica güncel, porto - benfica son dakika",
2025-10-06T11:01:06.478167,sevilla - barcelona,50 B+,"sevilla - barcelona son dakika, sevilla - barcelona güncel",
2025-10-06T11:01:06.979229,tarık çetin,20 B+,"tarık çetin son dakika, tarık çetin güncel",
2025-10-06T11:01:07.480175,yarın toplu taşıma ücretsiz,20 B+,"yarın toplu taşıma ücretsiz son dakika, yarın toplu taşıma ücretsiz güncel",
2025-10-06T11:01:07.981111,göztepe - başakşehir,50 B+,"göztepe - başakşehir güncel, göztepe - başakşehir son dakika",
2025-10-06T11:01:08.482002,kasımpaşa - konyaspor,50 B+,"kasımpaşa - konyaspor son dakika, kasımpaşa - konyaspor güncel",
2025-10-06T11:01:08.983124,lille - psg,20 B+,"lille - psg güncel, lille - psg son dakika",
2025-10-06T11:01:09.484089,istanbul altın rafinerisi,10 B+,"istanbul altın rafinerisi güncel, istanbul altın rafinerisi son dakika",
2025-10-06T11:01:09.985164,celta - atletico madrid,10 B+,"celta - atletico madrid son dakika, celta - atletico madrid güncel",
2025-10-06T11:01:10.486243,ziraat bankası borç kapatma kredisi,10 B+,"ziraat bankası borç kapatma kredisi son dakika, ziraat bankası borç kapatma kredisi güncel",
2025-10-06T11:01:10.987370,ethan mbappé,2 B+,"ethan mbappé güncel, ethan mbappé son dakika",
2025-10-06T11:01:11.488438,alexis sanchez,20 B+,"alexis sanchez güncel, alexis sanchez son dakika",
2025-10-06T11:01:11.989339,juventus - milan,20 B+,"juventus - milan güncel, juventus - milan son dakika",
2025-10-06T11:01:12.490248,eşref rüya 16 bölüm dizi izle,1 B+,"eşref rüya 16 bölüm dizi izle son dakika, eşref rüya 16 bölüm dizi izle güncel",
2025-10-06T12:01:05.826432,sevilla - barcelona,100 B+,"sevilla - barcelona güncel, sevilla - barcelona son dakika",
2025-10-06T12:01:06.327437,porto - benfica,50 B+,"porto - benfica güncel, porto - benfica son dakika",
2025-10-06T12:01:06.828274,tarık çetin,20 B+,"tarık çetin güncel, tarık çetin son dakika",
2025-10-06T12:01:07.329335,yarın toplu taşıma ücretsiz,20 B+,"yarın toplu taşıma ücretsiz güncel, yarın toplu taşıma ücretsiz son dakika",
2025-10-06T12:01:07.830403,fenerbahçe samsunspor,200 B+,"fenerbahçe samsunspor güncel, fenerbahçe samsunspor son dakika",
2025-10-06T12:01:08.331301,göztepe - başakşehir,50 B+,"göztepe - başakşehir son dakika, göztepe - başakşehir güncel",
2025-10-06T12:01:08.832370,kasımpaşa - konyaspor,50 B+,"kasımpaşa - konyaspor güncel, kasımpaşa - konyaspor son dakika",
2025-10-06T12:01:09.333437,lille - psg,20 B+,"lille - psg son dakika, lille - psg güncel",
2025-10-06T12:01:09.834401,tbmm geçti tüm borçlar ödenecek,20 B+,"tbmm geçti tüm borçlar ödenecek güncel, tbmm geçti tüm borçlar ödenecek son dakika",
2025-10-06T12:01:10.335235,istanbul altın rafinerisi,10 B+,"istanbul altın rafinerisi son dakika, istanbul altın rafinerisi güncel",
2025-10-06T12:01:10.836237,celta - atletico madrid,10 B+,"celta - atletico madrid son dakika, celta - atletico madrid güncel",
2025-10-06T12:01:11.337208,ethan mbappé,5 B+,"ethan mbappé son dakika, ethan mbappé güncel",
2025-10-06T12:01:11.838242,halil ergün,5 B+,"halil ergün son dakika, halil ergün güncel",
2025-10-06T12:01:12.339350,juventus - milan,20 B+,"juventus - milan son dakika, juventus - milan güncel",
2025-10-06T12:01:12.840419,mutlu kaya,1 B+,"mutlu kaya son dakika, mutlu kaya güncel",
2025-10-06T13:01:05.938318,sevilla - barcelona,50 B+,"sevilla - barcelona son dakika, sevilla - barcelona güncel",
2025-10-06T13:01:06.439382,porto - benfica,50 B+,"porto - benfica son dakika, porto - benfica güncel",
2025-10-06T13:01:06.940473,tarık çetin,20 B+,"tarık çetin son dakika, tarık çetin güncel",
2025-10-06T13:01:07.441563,göztepe - başakşehir,50 B+,"göztepe - başakşehir güncel, göztepe - başakşehir son dakika",
2025-10-06T13:01:07.942159,kasımpaşa - konyaspor,50 B+,"kasımpaşa - konyaspor güncel, kasımpaşa - konyaspor son dakika",
2025-10-06T13:01:08.443241,lille - psg,20 B+,"lille - psg güncel, lille - psg son dakika",
2025-10-06T13:01:08.943975,fenerbahçe samsunspor,100 B+,"fenerbahçe samsunspor güncel, fenerbahçe samsunspor son dakika",
2025-10-06T13:01:09.445142,ziraat bankası borç kapatma kredisi,20 B+,"ziraat bankası borç kapatma kredisi güncel, ziraat bankası borç kapatma kredisi son dakika",
2025-10-06T13:01:09.946294,6 ekim,20 B+,"6 ekim son dakika, 6 ekim güncel",
2025-10-06T13:01:10.447278,istanbul altın rafinerisi,10 B+,"istanbul altın rafinerisi son dakika, istanbul altın rafinerisi güncel",
2025-10-06T13:01:10.948424,celta - atletico madrid,10 B+,"celta - atletico madrid güncel, celta - atletico madrid son dakika",
2025-10-06T13:01:11.449236,ethan mbappé,5 B+,"ethan mbappé son dakika, ethan mbappé güncel",
2025-10-06T13:01:11.950320,alexis sanchez,20 B+,"alexis sanchez güncel, alexis sanchez son dakika",
2025-10-06T13:01:12.451408,motorine zam,500+,"motorine zam güncel, motorine zam son dakika",
2025-10-06T13:01:12.952528,mutlu kaya,1 B+,"mutlu kaya son dakika, mutlu kaya güncel",
2025-10-06T14:01:06.585650,sevilla - barcelona,50 B+,"sevilla - barcelona güncel, sevilla - barcelona son dakika",
2025-10-06T14:01:07.086224,porto - benfica,50 B+,"porto - benfica son dakika, porto - benfica güncel",
2025-10-06T14:01:07.587263,göztepe - başakşehir,50 B+,"göztepe - başakşehir güncel, göztepe - başakşehir son dakika",
2025-10-06T14:01:08.088210,fenerbahçe samsunspor,100 B+,"fenerbahçe samsunspor son dakika, fenerbahçe samsunspor güncel",
2025-10-06T14:01:08.588669,ziraat bankası borç kapatma kredisi,20 B+,"ziraat bankası borç kapatma kredisi güncel, ziraat bankası borç kapatma kredisi son dakika",
2025-10-06T14:01:09.089765,lille - psg,20 B+,"lille - psg güncel, lille - psg son dakika",
2025-10-06T14:01:09.590692,6 ekim,20 B+,"6 ekim güncel, 6 ekim son dakika",
2025-10-06T14:01:10.091819,istanbul altın rafinerisi,10 B+,"istanbul altın rafinerisi son dakika, istanbul altın rafinerisi güncel",
2025-10-06T14:01:10.593105,ethan mbappé,5 B+,"ethan mbappé son dakika, ethan mbappé güncel",
2025-10-06T14:01:11.094132,alexis sanchez,20 B+,"alexis sanchez son dakika, alexis sanchez güncel",
2025-10-06T14:01:11.595089,motorine zam,1 B+,"motorine zam güncel, motorine zam son dakika",
2025-10-06T14:01:12.096075,mutlu kaya,2 B+,"mutlu kaya son dakika, mutlu kaya güncel",
2025-10-06T14:01:12.597078,malatya deprem,500+,"malatya deprem güncel, malatya deprem son dakika",
2025-10-06T14:01:13.098226,53 promil alkol,200+,"53 promil alkol son dakika, 53 promil alkol güncel",
2025-10-06T14:01:13.599326,tolga mendi,1 B+,"tolga mendi güncel, tolga mendi son dakika",
2025-10-06T15:01:05.984952,porto - benfica,20 B+,"porto - benfica son dakika, porto - benfica güncel",
2025-10-06T15:01:06.486133,göztepe - başakşehir,50 B+,"göztepe - başakşehir güncel, göztepe - başakşehir son dakika",
2025-10-06T15:01:06.987194,tbmm geçti tüm borçlar ödenecek,20 B+,"tbmm geçti tüm borçlar ödenecek güncel, tbmm geçti tüm borçlar ödenecek son dakika",
2025-10-06T15:01:07.488133,lille - psg,20 B+,"lille - psg son dakika, lille - psg güncel",
2025-10-06T15:01:07.989206,6 ekim,20 B+,"6 ekim güncel, 6 ekim son dakika",
2025-10-06T15:01:08.490296,istanbul altın rafinerisi,10 B+,"istanbul altın rafinerisi güncel, istanbul altın rafinerisi son dakika",
2025-10-06T15:01:08.991250,ethan mbappé,5 B+,"ethan mbappé son dakika, ethan mbappé güncel",
2025-10-06T15:01:09.492345,sevilla - barcelona,50 B+,"sevilla - barcelona son dakika, sevilla - barcelona güncel",
2025-10-06T15:01:09.993369,53 promil alkol,1 B+,"53 promil alkol son dakika, 53 promil alkol güncel",
2025-10-06T15:01:10.494209,alexis sanchez,20 B+,"alexis sanchez son dakika, alexis sanchez güncel",
2025-10-06T15:01:10.995138,mutlu kaya,2 B+,"mutlu kaya son dakika, mutlu kaya güncel",
2025-10-06T15:01:11.496096,bayhan,1 B+,"bayhan güncel, bayhan son dakika",
2025-10-06T15:01:11.997075,samsun fenerbahçe,100 B+,"samsun fenerbahçe güncel, samsun fenerbahçe son dakika",
2025-10-06T15:01:12.498062,ösym yks ek tercih sonuçları,1 B+,"ösym yks ek tercih sonuçları son dakika, ösym yks ek tercih sonuçları güncel",
2025-10-06T15:01:12.999143,asgari ücret ne kadar olacak,5 B+,"asgari ücret ne kadar olacak güncel, asgari ücret ne kadar olacak son dakika",
2025-10-06T16:01:05.760584,porto - benfica,20 B+,"porto - benfica son dakika, porto - benfica güncel",
2025-10-06T16:01:06.261683,göztepe - başakşehir,50 B+,"göztepe - başakşehir güncel, göztepe - başakşehir son dakika",
2025-10-06T16:01:06.762306,tbmm geçti tüm borçlar ödenecek,10 B+,"tbmm geçti tüm borçlar ödenecek son dakika, tbmm geçti tüm borçlar ödenecek güncel",
2025-10-06T16:01:07.263224,lille - psg,20 B+,"lille - psg güncel, lille - psg son dakika",
2025-10-06T16:01:07.764198,6 ekim,20 B+,"6 ekim güncel, 6 ekim son dakika",
2025-10-06T16:01:08.265156,istanbul altın rafinerisi,10 B+,"istanbul altın rafinerisi güncel, istanbul altın rafinerisi son dakika",
2025-10-06T16:01:08.766103,ethan mbappé,5 B+,"ethan mbappé son dakika, ethan mbappé güncel",
2025-10-06T16:01:09.266952,53 promil alkol,1 B+,"53 promil alkol güncel, 53 promil alkol son dakika",
2025-10-06T16:01:09.768178,seçil erzan,1 B+,"seçil erzan güncel, seçil erzan son dakika",
2025-10-06T16:01:10.269160,mutlu kaya,2 B+,"mutlu kaya güncel, mutlu kaya son dakika",
2025-10-06T16:01:10.770268,sevilla - barcelona,50 B+,"sevilla - barcelona son dakika, sevilla - barcelona güncel",
2025-10-06T16:01:11.271301,alexis sanchez,20 B+,"alexis sanchez güncel, alexis sanchez son dakika",
2025-10-06T16:01:11.772489,ösym yks ek tercih sonuçları,2 B+,"ösym yks ek tercih sonuçları güncel, ösym yks ek tercih sonuçları son dakika",
2025-10-06T16:01:12.273630,bayhan,1 B+,"bayhan güncel, bayhan son dakika",
2025-10-06T16:01:12.774780,fener samsun,100 B+,"fener samsun güncel, fener samsun son dakika",
